center_tile_id,city,row,col,n00,n01,n02,n10,n11,n12,n20,n21,n22
citya_r00_c00,citya,0,0,,,,,citya_r00_c00,citya_r00_c01,,citya_r01_c00,citya_r01_c01
citya_r00_c01,citya,0,1,,,,citya_r00_c00,citya_r00_c01,citya_r00_c02,citya_r01_c00,citya_r01_c01,citya_r01_c02
citya_r00_c02,citya,0,2,,,,citya_r00_c01,citya_r00_c02,citya_r00_c03,citya_r01_c01,citya_r01_c02,citya_r01_c03
citya_r00_c03,citya,0,3,,,,citya_r00_c02,citya_r00_c03,citya_r00_c04,citya_r01_c02,citya_r01_c03,citya_r01_c04
citya_r00_c04,citya,0,4,,,,citya_r00_c03,citya_r00_c04,citya_r00_c05,citya_r01_c03,citya_r01_c04,citya_r01_c05
citya_r00_c05,citya,0,5,,,,citya_r00_c04,citya_r00_c05,citya_r00_c06,citya_r01_c04,citya_r01_c05,citya_r01_c06
citya_r00_c06,citya,0,6,,,,citya_r00_c05,citya_r00_c06,citya_r00_c07,citya_r01_c05,citya_r01_c06,citya_r01_c07
citya_r00_c07,citya,0,7,,,,citya_r00_c06,citya_r00_c07,citya_r00_c08,citya_r01_c06,citya_r01_c07,citya_r01_c08
citya_r00_c08,citya,0,8,,,,citya_r00_c07,citya_r00_c08,citya_r00_c09,citya_r01_c07,citya_r01_c08,citya_r01_c09
citya_r00_c09,citya,0,9,,,,citya_r00_c08,citya_r00_c09,citya_r00_c10,citya_r01_c08,citya_r01_c09,citya_r01_c10
citya_r00_c10,citya,0,10,,,,citya_r00_c09,citya_r00_c10,citya_r00_c11,citya_r01_c09,citya_r01_c10,citya_r01_c11
citya_r00_c11,citya,0,11,,,,citya_r00_c10,citya_r00_c11,citya_r00_c12,citya_r01_c10,citya_r01_c11,citya_r01_c12
citya_r00_c12,citya,0,12,,,,citya_r00_c11,citya_r00_c12,citya_r00_c13,citya_r01_c11,citya_r01_c12,citya_r01_c13
citya_r00_c13,citya,0,13,,,,citya_r00_c12,citya_r00_c13,citya_r00_c14,citya_r01_c12,citya_r01_c13,citya_r01_c14
citya_r00_c14,citya,0,14,,,,citya_r00_c13,citya_r00_c14,citya_r00_c15,citya_r01_c13,citya_r01_c14,citya_r01_c15
citya_r00_c15,citya,0,15,,,,citya_r00_c14,citya_r00_c15,,citya_r01_c14,citya_r01_c15,
citya_r01_c00,citya,1,0,,citya_r00_c00,citya_r00_c01,,citya_r01_c00,citya_r01_c01,,citya_r02_c00,citya_r02_c01
citya_r01_c01,citya,1,1,citya_r00_c00,citya_r00_c01,citya_r00_c02,citya_r01_c00,citya_r01_c01,citya_r01_c02,citya_r02_c00,citya_r02_c01,citya_r02_c02
citya_r01_c02,citya,1,2,citya_r00_c01,citya_r00_c02,citya_r00_c03,citya_r01_c01,citya_r01_c02,citya_r01_c03,citya_r02_c01,citya_r02_c02,citya_r02_c03
citya_r01_c03,citya,1,3,citya_r00_c02,citya_r00_c03,citya_r00_c04,citya_r01_c02,citya_r01_c03,citya_r01_c04,citya_r02_c02,citya_r02_c03,citya_r02_c04
citya_r01_c04,citya,1,4,citya_r00_c03,citya_r00_c04,citya_r00_c05,citya_r01_c03,citya_r01_c04,citya_r01_c05,citya_r02_c03,citya_r02_c04,citya_r02_c05
citya_r01_c05,citya,1,5,citya_r00_c04,citya_r00_c05,citya_r00_c06,citya_r01_c04,citya_r01_c05,citya_r01_c06,citya_r02_c04,citya_r02_c05,citya_r02_c06
citya_r01_c06,citya,1,6,citya_r00_c05,citya_r00_c06,citya_r00_c07,citya_r01_c05,citya_r01_c06,citya_r01_c07,citya_r02_c05,citya_r02_c06,citya_r02_c07
citya_r01_c07,citya,1,7,citya_r00_c06,citya_r00_c07,citya_r00_c08,citya_r01_c06,citya_r01_c07,citya_r01_c08,citya_r02_c06,citya_r02_c07,citya_r02_c08
citya_r01_c08,citya,1,8,citya_r00_c07,citya_r00_c08,citya_r00_c09,citya_r01_c07,citya_r01_c08,citya_r01_c09,citya_r02_c07,citya_r02_c08,citya_r02_c09
citya_r01_c09,citya,1,9,citya_r00_c08,citya_r00_c09,citya_r00_c10,citya_r01_c08,citya_r01_c09,citya_r01_c10,citya_r02_c08,citya_r02_c09,citya_r02_c10
citya_r01_c10,citya,1,10,citya_r00_c09,citya_r00_c10,citya_r00_c11,citya_r01_c09,citya_r01_c10,citya_r01_c11,citya_r02_c09,citya_r02_c10,citya_r02_c11
citya_r01_c11,citya,1,11,citya_r00_c10,citya_r00_c11,citya_r00_c12,citya_r01_c10,citya_r01_c11,citya_r01_c12,citya_r02_c10,citya_r02_c11,citya_r02_c12
citya_r01_c12,citya,1,12,citya_r00_c11,citya_r00_c12,citya_r00_c13,citya_r01_c11,citya_r01_c12,citya_r01_c13,citya_r02_c11,citya_r02_c12,citya_r02_c13
citya_r01_c13,citya,1,13,citya_r00_c12,citya_r00_c13,citya_r00_c14,citya_r01_c12,citya_r01_c13,citya_r01_c14,citya_r02_c12,citya_r02_c13,citya_r02_c14
citya_r01_c14,citya,1,14,citya_r00_c13,citya_r00_c14,citya_r00_c15,citya_r01_c13,citya_r01_c14,citya_r01_c15,citya_r02_c13,citya_r02_c14,citya_r02_c15
citya_r01_c15,citya,1,15,citya_r00_c14,citya_r00_c15,,citya_r01_c14,citya_r01_c15,,citya_r02_c14,citya_r02_c15,
citya_r02_c00,citya,2,0,,citya_r01_c00,citya_r01_c01,,citya_r02_c00,citya_r02_c01,,citya_r03_c00,citya_r03_c01
citya_r02_c01,citya,2,1,citya_r01_c00,citya_r01_c01,citya_r01_c02,citya_r02_c00,citya_r02_c01,citya_r02_c02,citya_r03_c00,citya_r03_c01,citya_r03_c02
citya_r02_c02,citya,2,2,citya_r01_c01,citya_r01_c02,citya_r01_c03,citya_r02_c01,citya_r02_c02,citya_r02_c03,citya_r03_c01,citya_r03_c02,citya_r03_c03
citya_r02_c03,citya,2,3,citya_r01_c02,citya_r01_c03,citya_r01_c04,citya_r02_c02,citya_r02_c03,citya_r02_c04,citya_r03_c02,citya_r03_c03,citya_r03_c04
citya_r02_c04,citya,2,4,citya_r01_c03,citya_r01_c04,citya_r01_c05,citya_r02_c03,citya_r02_c04,citya_r02_c05,citya_r03_c03,citya_r03_c04,citya_r03_c05
citya_r02_c05,citya,2,5,citya_r01_c04,citya_r01_c05,citya_r01_c06,citya_r02_c04,citya_r02_c05,citya_r02_c06,citya_r03_c04,citya_r03_c05,citya_r03_c06
citya_r02_c06,citya,2,6,citya_r01_c05,citya_r01_c06,citya_r01_c07,citya_r02_c05,citya_r02_c06,citya_r02_c07,citya_r03_c05,citya_r03_c06,citya_r03_c07
citya_r02_c07,citya,2,7,citya_r01_c06,citya_r01_c07,citya_r01_c08,citya_r02_c06,citya_r02_c07,citya_r02_c08,citya_r03_c06,citya_r03_c07,citya_r03_c08
citya_r02_c08,citya,2,8,citya_r01_c07,citya_r01_c08,citya_r01_c09,citya_r02_c07,citya_r02_c08,citya_r02_c09,citya_r03_c07,citya_r03_c08,citya_r03_c09
citya_r02_c09,citya,2,9,citya_r01_c08,citya_r01_c09,citya_r01_c10,citya_r02_c08,citya_r02_c09,citya_r02_c10,citya_r03_c08,citya_r03_c09,citya_r03_c10
citya_r02_c10,citya,2,10,citya_r01_c09,citya_r01_c10,citya_r01_c11,citya_r02_c09,citya_r02_c10,citya_r02_c11,citya_r03_c09,citya_r03_c10,citya_r03_c11
citya_r02_c11,citya,2,11,citya_r01_c10,citya_r01_c11,citya_r01_c12,citya_r02_c10,citya_r02_c11,citya_r02_c12,citya_r03_c10,citya_r03_c11,citya_r03_c12
citya_r02_c12,citya,2,12,citya_r01_c11,citya_r01_c12,citya_r01_c13,citya_r02_c11,citya_r02_c12,citya_r02_c13,citya_r03_c11,citya_r03_c12,citya_r03_c13
citya_r02_c13,citya,2,13,citya_r01_c12,citya_r01_c13,citya_r01_c14,citya_r02_c12,citya_r02_c13,citya_r02_c14,citya_r03_c12,citya_r03_c13,citya_r03_c14
citya_r02_c14,citya,2,14,citya_r01_c13,citya_r01_c14,citya_r01_c15,citya_r02_c13,citya_r02_c14,citya_r02_c15,citya_r03_c13,citya_r03_c14,citya_r03_c15
citya_r02_c15,citya,2,15,citya_r01_c14,citya_r01_c15,,citya_r02_c14,citya_r02_c15,,citya_r03_c14,citya_r03_c15,
citya_r03_c00,citya,3,0,,citya_r02_c00,citya_r02_c01,,citya_r03_c00,citya_r03_c01,,citya_r04_c00,citya_r04_c01
citya_r03_c01,citya,3,1,citya_r02_c00,citya_r02_c01,citya_r02_c02,citya_r03_c00,citya_r03_c01,citya_r03_c02,citya_r04_c00,citya_r04_c01,citya_r04_c02
citya_r03_c02,citya,3,2,citya_r02_c01,citya_r02_c02,citya_r02_c03,citya_r03_c01,citya_r03_c02,citya_r03_c03,citya_r04_c01,citya_r04_c02,citya_r04_c03
citya_r03_c03,citya,3,3,citya_r02_c02,citya_r02_c03,citya_r02_c04,citya_r03_c02,citya_r03_c03,citya_r03_c04,citya_r04_c02,citya_r04_c03,citya_r04_c04
citya_r03_c04,citya,3,4,citya_r02_c03,citya_r02_c04,citya_r02_c05,citya_r03_c03,citya_r03_c04,citya_r03_c05,citya_r04_c03,citya_r04_c04,citya_r04_c05
citya_r03_c05,citya,3,5,citya_r02_c04,citya_r02_c05,citya_r02_c06,citya_r03_c04,citya_r03_c05,citya_r03_c06,citya_r04_c04,citya_r04_c05,citya_r04_c06
citya_r03_c06,citya,3,6,citya_r02_c05,citya_r02_c06,citya_r02_c07,citya_r03_c05,citya_r03_c06,citya_r03_c07,citya_r04_c05,citya_r04_c06,citya_r04_c07
citya_r03_c07,citya,3,7,citya_r02_c06,citya_r02_c07,citya_r02_c08,citya_r03_c06,citya_r03_c07,citya_r03_c08,citya_r04_c06,citya_r04_c07,citya_r04_c08
citya_r03_c08,citya,3,8,citya_r02_c07,citya_r02_c08,citya_r02_c09,citya_r03_c07,citya_r03_c08,citya_r03_c09,citya_r04_c07,citya_r04_c08,citya_r04_c09
citya_r03_c09,citya,3,9,citya_r02_c08,citya_r02_c09,citya_r02_c10,citya_r03_c08,citya_r03_c09,citya_r03_c10,citya_r04_c08,citya_r04_c09,citya_r04_c10
citya_r03_c10,citya,3,10,citya_r02_c09,citya_r02_c10,citya_r02_c11,citya_r03_c09,citya_r03_c10,citya_r03_c11,citya_r04_c09,citya_r04_c10,citya_r04_c11
citya_r03_c11,citya,3,11,citya_r02_c10,citya_r02_c11,citya_r02_c12,citya_r03_c10,citya_r03_c11,citya_r03_c12,citya_r04_c10,citya_r04_c11,citya_r04_c12
citya_r03_c12,citya,3,12,citya_r02_c11,citya_r02_c12,citya_r02_c13,citya_r03_c11,citya_r03_c12,citya_r03_c13,citya_r04_c11,citya_r04_c12,citya_r04_c13
citya_r03_c13,citya,3,13,citya_r02_c12,citya_r02_c13,citya_r02_c14,citya_r03_c12,citya_r03_c13,citya_r03_c14,citya_r04_c12,citya_r04_c13,citya_r04_c14
citya_r03_c14,citya,3,14,citya_r02_c13,citya_r02_c14,citya_r02_c15,citya_r03_c13,citya_r03_c14,citya_r03_c15,citya_r04_c13,citya_r04_c14,citya_r04_c15
citya_r03_c15,citya,3,15,citya_r02_c14,citya_r02_c15,,citya_r03_c14,citya_r03_c15,,citya_r04_c14,citya_r04_c15,
citya_r04_c00,citya,4,0,,citya_r03_c00,citya_r03_c01,,citya_r04_c00,citya_r04_c01,,citya_r05_c00,citya_r05_c01
citya_r04_c01,citya,4,1,citya_r03_c00,citya_r03_c01,citya_r03_c02,citya_r04_c00,citya_r04_c01,citya_r04_c02,citya_r05_c00,citya_r05_c01,citya_r05_c02
citya_r04_c02,citya,4,2,citya_r03_c01,citya_r03_c02,citya_r03_c03,citya_r04_c01,citya_r04_c02,citya_r04_c03,citya_r05_c01,citya_r05_c02,citya_r05_c03
citya_r04_c03,citya,4,3,citya_r03_c02,citya_r03_c03,citya_r03_c04,citya_r04_c02,citya_r04_c03,citya_r04_c04,citya_r05_c02,citya_r05_c03,citya_r05_c04
citya_r04_c04,citya,4,4,citya_r03_c03,citya_r03_c04,citya_r03_c05,citya_r04_c03,citya_r04_c04,citya_r04_c05,citya_r05_c03,citya_r05_c04,citya_r05_c05
citya_r04_c05,citya,4,5,citya_r03_c04,citya_r03_c05,citya_r03_c06,citya_r04_c04,citya_r04_c05,citya_r04_c06,citya_r05_c04,citya_r05_c05,citya_r05_c06
citya_r04_c06,citya,4,6,citya_r03_c05,citya_r03_c06,citya_r03_c07,citya_r04_c05,citya_r04_c06,citya_r04_c07,citya_r05_c05,citya_r05_c06,citya_r05_c07
citya_r04_c07,citya,4,7,citya_r03_c06,citya_r03_c07,citya_r03_c08,citya_r04_c06,citya_r04_c07,citya_r04_c08,citya_r05_c06,citya_r05_c07,citya_r05_c08
citya_r04_c08,citya,4,8,citya_r03_c07,citya_r03_c08,citya_r03_c09,citya_r04_c07,citya_r04_c08,citya_r04_c09,citya_r05_c07,citya_r05_c08,citya_r05_c09
citya_r04_c09,citya,4,9,citya_r03_c08,citya_r03_c09,citya_r03_c10,citya_r04_c08,citya_r04_c09,citya_r04_c10,citya_r05_c08,citya_r05_c09,citya_r05_c10
citya_r04_c10,citya,4,10,citya_r03_c09,citya_r03_c10,citya_r03_c11,citya_r04_c09,citya_r04_c10,citya_r04_c11,citya_r05_c09,citya_r05_c10,citya_r05_c11
citya_r04_c11,citya,4,11,citya_r03_c10,citya_r03_c11,citya_r03_c12,citya_r04_c10,citya_r04_c11,citya_r04_c12,citya_r05_c10,citya_r05_c11,citya_r05_c12
citya_r04_c12,citya,4,12,citya_r03_c11,citya_r03_c12,citya_r03_c13,citya_r04_c11,citya_r04_c12,citya_r04_c13,citya_r05_c11,citya_r05_c12,citya_r05_c13
citya_r04_c13,citya,4,13,citya_r03_c12,citya_r03_c13,citya_r03_c14,citya_r04_c12,citya_r04_c13,citya_r04_c14,citya_r05_c12,citya_r05_c13,citya_r05_c14
citya_r04_c14,citya,4,14,citya_r03_c13,citya_r03_c14,citya_r03_c15,citya_r04_c13,citya_r04_c14,citya_r04_c15,citya_r05_c13,citya_r05_c14,citya_r05_c15
citya_r04_c15,citya,4,15,citya_r03_c14,citya_r03_c15,,citya_r04_c14,citya_r04_c15,,citya_r05_c14,citya_r05_c15,
citya_r05_c00,citya,5,0,,citya_r04_c00,citya_r04_c01,,citya_r05_c00,citya_r05_c01,,citya_r06_c00,citya_r06_c01
citya_r05_c01,citya,5,1,citya_r04_c00,citya_r04_c01,citya_r04_c02,citya_r05_c00,citya_r05_c01,citya_r05_c02,citya_r06_c00,citya_r06_c01,citya_r06_c02
citya_r05_c02,citya,5,2,citya_r04_c01,citya_r04_c02,citya_r04_c03,citya_r05_c01,citya_r05_c02,citya_r05_c03,citya_r06_c01,citya_r06_c02,citya_r06_c03
citya_r05_c03,citya,5,3,citya_r04_c02,citya_r04_c03,citya_r04_c04,citya_r05_c02,citya_r05_c03,citya_r05_c04,citya_r06_c02,citya_r06_c03,citya_r06_c04
citya_r05_c04,citya,5,4,citya_r04_c03,citya_r04_c04,citya_r04_c05,citya_r05_c03,citya_r05_c04,citya_r05_c05,citya_r06_c03,citya_r06_c04,citya_r06_c05
citya_r05_c05,citya,5,5,citya_r04_c04,citya_r04_c05,citya_r04_c06,citya_r05_c04,citya_r05_c05,citya_r05_c06,citya_r06_c04,citya_r06_c05,citya_r06_c06
citya_r05_c06,citya,5,6,citya_r04_c05,citya_r04_c06,citya_r04_c07,citya_r05_c05,citya_r05_c06,citya_r05_c07,citya_r06_c05,citya_r06_c06,citya_r06_c07
citya_r05_c07,citya,5,7,citya_r04_c06,citya_r04_c07,citya_r04_c08,citya_r05_c06,citya_r05_c07,citya_r05_c08,citya_r06_c06,citya_r06_c07,citya_r06_c08
citya_r05_c08,citya,5,8,citya_r04_c07,citya_r04_c08,citya_r04_c09,citya_r05_c07,citya_r05_c08,citya_r05_c09,citya_r06_c07,citya_r06_c08,citya_r06_c09
citya_r05_c09,citya,5,9,citya_r04_c08,citya_r04_c09,citya_r04_c10,citya_r05_c08,citya_r05_c09,citya_r05_c10,citya_r06_c08,citya_r06_c09,citya_r06_c10
citya_r05_c10,citya,5,10,citya_r04_c09,citya_r04_c10,citya_r04_c11,citya_r05_c09,citya_r05_c10,citya_r05_c11,citya_r06_c09,citya_r06_c10,citya_r06_c11
citya_r05_c11,citya,5,11,citya_r04_c10,citya_r04_c11,citya_r04_c12,citya_r05_c10,citya_r05_c11,citya_r05_c12,citya_r06_c10,citya_r06_c11,citya_r06_c12
citya_r05_c12,citya,5,12,citya_r04_c11,citya_r04_c12,citya_r04_c13,citya_r05_c11,citya_r05_c12,citya_r05_c13,citya_r06_c11,citya_r06_c12,citya_r06_c13
citya_r05_c13,citya,5,13,citya_r04_c12,citya_r04_c13,citya_r04_c14,citya_r05_c12,citya_r05_c13,citya_r05_c14,citya_r06_c12,citya_r06_c13,citya_r06_c14
citya_r05_c14,citya,5,14,citya_r04_c13,citya_r04_c14,citya_r04_c15,citya_r05_c13,citya_r05_c14,citya_r05_c15,citya_r06_c13,citya_r06_c14,citya_r06_c15
citya_r05_c15,citya,5,15,citya_r04_c14,citya_r04_c15,,citya_r05_c14,citya_r05_c15,,citya_r06_c14,citya_r06_c15,
citya_r06_c00,citya,6,0,,citya_r05_c00,citya_r05_c01,,citya_r06_c00,citya_r06_c01,,citya_r07_c00,citya_r07_c01
citya_r06_c01,citya,6,1,citya_r05_c00,citya_r05_c01,citya_r05_c02,citya_r06_c00,citya_r06_c01,citya_r06_c02,citya_r07_c00,citya_r07_c01,citya_r07_c02
citya_r06_c02,citya,6,2,citya_r05_c01,citya_r05_c02,citya_r05_c03,citya_r06_c01,citya_r06_c02,citya_r06_c03,citya_r07_c01,citya_r07_c02,citya_r07_c03
citya_r06_c03,citya,6,3,citya_r05_c02,citya_r05_c03,citya_r05_c04,citya_r06_c02,citya_r06_c03,citya_r06_c04,citya_r07_c02,citya_r07_c03,citya_r07_c04
citya_r06_c04,citya,6,4,citya_r05_c03,citya_r05_c04,citya_r05_c05,citya_r06_c03,citya_r06_c04,citya_r06_c05,citya_r07_c03,citya_r07_c04,citya_r07_c05
citya_r06_c05,citya,6,5,citya_r05_c04,citya_r05_c05,citya_r05_c06,citya_r06_c04,citya_r06_c05,citya_r06_c06,citya_r07_c04,citya_r07_c05,citya_r07_c06
citya_r06_c06,citya,6,6,citya_r05_c05,citya_r05_c06,citya_r05_c07,citya_r06_c05,citya_r06_c06,citya_r06_c07,citya_r07_c05,citya_r07_c06,citya_r07_c07
citya_r06_c07,citya,6,7,citya_r05_c06,citya_r05_c07,citya_r05_c08,citya_r06_c06,citya_r06_c07,citya_r06_c08,citya_r07_c06,citya_r07_c07,citya_r07_c08
citya_r06_c08,citya,6,8,citya_r05_c07,citya_r05_c08,citya_r05_c09,citya_r06_c07,citya_r06_c08,citya_r06_c09,citya_r07_c07,citya_r07_c08,citya_r07_c09
citya_r06_c09,citya,6,9,citya_r05_c08,citya_r05_c09,citya_r05_c10,citya_r06_c08,citya_r06_c09,citya_r06_c10,citya_r07_c08,citya_r07_c09,citya_r07_c10
citya_r06_c10,citya,6,10,citya_r05_c09,citya_r05_c10,citya_r05_c11,citya_r06_c09,citya_r06_c10,citya_r06_c11,citya_r07_c09,citya_r07_c10,citya_r07_c11
citya_r06_c11,citya,6,11,citya_r05_c10,citya_r05_c11,citya_r05_c12,citya_r06_c10,citya_r06_c11,citya_r06_c12,citya_r07_c10,citya_r07_c11,citya_r07_c12
citya_r06_c12,citya,6,12,citya_r05_c11,citya_r05_c12,citya_r05_c13,citya_r06_c11,citya_r06_c12,citya_r06_c13,citya_r07_c11,citya_r07_c12,citya_r07_c13
citya_r06_c13,citya,6,13,citya_r05_c12,citya_r05_c13,citya_r05_c14,citya_r06_c12,citya_r06_c13,citya_r06_c14,citya_r07_c12,citya_r07_c13,citya_r07_c14
citya_r06_c14,citya,6,14,citya_r05_c13,citya_r05_c14,citya_r05_c15,citya_r06_c13,citya_r06_c14,citya_r06_c15,citya_r07_c13,citya_r07_c14,citya_r07_c15
citya_r06_c15,citya,6,15,citya_r05_c14,citya_r05_c15,,citya_r06_c14,citya_r06_c15,,citya_r07_c14,citya_r07_c15,
citya_r07_c00,citya,7,0,,citya_r06_c00,citya_r06_c01,,citya_r07_c00,citya_r07_c01,,citya_r08_c00,citya_r08_c01
citya_r07_c01,citya,7,1,citya_r06_c00,citya_r06_c01,citya_r06_c02,citya_r07_c00,citya_r07_c01,citya_r07_c02,citya_r08_c00,citya_r08_c01,citya_r08_c02
citya_r07_c02,citya,7,2,citya_r06_c01,citya_r06_c02,citya_r06_c03,citya_r07_c01,citya_r07_c02,citya_r07_c03,citya_r08_c01,citya_r08_c02,citya_r08_c03
citya_r07_c03,citya,7,3,citya_r06_c02,citya_r06_c03,citya_r06_c04,citya_r07_c02,citya_r07_c03,citya_r07_c04,citya_r08_c02,citya_r08_c03,citya_r08_c04
citya_r07_c04,citya,7,4,citya_r06_c03,citya_r06_c04,citya_r06_c05,citya_r07_c03,citya_r07_c04,citya_r07_c05,citya_r08_c03,citya_r08_c04,citya_r08_c05
citya_r07_c05,citya,7,5,citya_r06_c04,citya_r06_c05,citya_r06_c06,citya_r07_c04,citya_r07_c05,citya_r07_c06,citya_r08_c04,citya_r08_c05,citya_r08_c06
citya_r07_c06,citya,7,6,citya_r06_c05,citya_r06_c06,citya_r06_c07,citya_r07_c05,citya_r07_c06,citya_r07_c07,citya_r08_c05,citya_r08_c06,citya_r08_c07
citya_r07_c07,citya,7,7,citya_r06_c06,citya_r06_c07,citya_r06_c08,citya_r07_c06,citya_r07_c07,citya_r07_c08,citya_r08_c06,citya_r08_c07,citya_r08_c08
citya_r07_c08,citya,7,8,citya_r06_c07,citya_r06_c08,citya_r06_c09,citya_r07_c07,citya_r07_c08,citya_r07_c09,citya_r08_c07,citya_r08_c08,citya_r08_c09
citya_r07_c09,citya,7,9,citya_r06_c08,citya_r06_c09,citya_r06_c10,citya_r07_c08,citya_r07_c09,citya_r07_c10,citya_r08_c08,citya_r08_c09,citya_r08_c10
citya_r07_c10,citya,7,10,citya_r06_c09,citya_r06_c10,citya_r06_c11,citya_r07_c09,citya_r07_c10,citya_r07_c11,citya_r08_c09,citya_r08_c10,citya_r08_c11
citya_r07_c11,citya,7,11,citya_r06_c10,citya_r06_c11,citya_r06_c12,citya_r07_c10,citya_r07_c11,citya_r07_c12,citya_r08_c10,citya_r08_c11,citya_r08_c12
citya_r07_c12,citya,7,12,citya_r06_c11,citya_r06_c12,citya_r06_c13,citya_r07_c11,citya_r07_c12,citya_r07_c13,citya_r08_c11,citya_r08_c12,citya_r08_c13
citya_r07_c13,citya,7,13,citya_r06_c12,citya_r06_c13,citya_r06_c14,citya_r07_c12,citya_r07_c13,citya_r07_c14,citya_r08_c12,citya_r08_c13,citya_r08_c14
citya_r07_c14,citya,7,14,citya_r06_c13,citya_r06_c14,citya_r06_c15,citya_r07_c13,citya_r07_c14,citya_r07_c15,citya_r08_c13,citya_r08_c14,citya_r08_c15
citya_r07_c15,citya,7,15,citya_r06_c14,citya_r06_c15,,citya_r07_c14,citya_r07_c15,,citya_r08_c14,citya_r08_c15,
citya_r08_c00,citya,8,0,,citya_r07_c00,citya_r07_c01,,citya_r08_c00,citya_r08_c01,,citya_r09_c00,citya_r09_c01
citya_r08_c01,citya,8,1,citya_r07_c00,citya_r07_c01,citya_r07_c02,citya_r08_c00,citya_r08_c01,citya_r08_c02,citya_r09_c00,citya_r09_c01,citya_r09_c02
citya_r08_c02,citya,8,2,citya_r07_c01,citya_r07_c02,citya_r07_c03,citya_r08_c01,citya_r08_c02,citya_r08_c03,citya_r09_c01,citya_r09_c02,citya_r09_c03
citya_r08_c03,citya,8,3,citya_r07_c02,citya_r07_c03,citya_r07_c04,citya_r08_c02,citya_r08_c03,citya_r08_c04,citya_r09_c02,citya_r09_c03,citya_r09_c04
citya_r08_c04,citya,8,4,citya_r07_c03,citya_r07_c04,citya_r07_c05,citya_r08_c03,citya_r08_c04,citya_r08_c05,citya_r09_c03,citya_r09_c04,citya_r09_c05
citya_r08_c05,citya,8,5,citya_r07_c04,citya_r07_c05,citya_r07_c06,citya_r08_c04,citya_r08_c05,citya_r08_c06,citya_r09_c04,citya_r09_c05,citya_r09_c06
citya_r08_c06,citya,8,6,citya_r07_c05,citya_r07_c06,citya_r07_c07,citya_r08_c05,citya_r08_c06,citya_r08_c07,citya_r09_c05,citya_r09_c06,citya_r09_c07
citya_r08_c07,citya,8,7,citya_r07_c06,citya_r07_c07,citya_r07_c08,citya_r08_c06,citya_r08_c07,citya_r08_c08,citya_r09_c06,citya_r09_c07,citya_r09_c08
citya_r08_c08,citya,8,8,citya_r07_c07,citya_r07_c08,citya_r07_c09,citya_r08_c07,citya_r08_c08,citya_r08_c09,citya_r09_c07,citya_r09_c08,citya_r09_c09
citya_r08_c09,citya,8,9,citya_r07_c08,citya_r07_c09,citya_r07_c10,citya_r08_c08,citya_r08_c09,citya_r08_c10,citya_r09_c08,citya_r09_c09,citya_r09_c10
citya_r08_c10,citya,8,10,citya_r07_c09,citya_r07_c10,citya_r07_c11,citya_r08_c09,citya_r08_c10,citya_r08_c11,citya_r09_c09,citya_r09_c10,citya_r09_c11
citya_r08_c11,citya,8,11,citya_r07_c10,citya_r07_c11,citya_r07_c12,citya_r08_c10,citya_r08_c11,citya_r08_c12,citya_r09_c10,citya_r09_c11,citya_r09_c12
citya_r08_c12,citya,8,12,citya_r07_c11,citya_r07_c12,citya_r07_c13,citya_r08_c11,citya_r08_c12,citya_r08_c13,citya_r09_c11,citya_r09_c12,citya_r09_c13
citya_r08_c13,citya,8,13,citya_r07_c12,citya_r07_c13,citya_r07_c14,citya_r08_c12,citya_r08_c13,citya_r08_c14,citya_r09_c12,citya_r09_c13,citya_r09_c14
citya_r08_c14,citya,8,14,citya_r07_c13,citya_r07_c14,citya_r07_c15,citya_r08_c13,citya_r08_c14,citya_r08_c15,citya_r09_c13,citya_r09_c14,citya_r09_c15
citya_r08_c15,citya,8,15,citya_r07_c14,citya_r07_c15,,citya_r08_c14,citya_r08_c15,,citya_r09_c14,citya_r09_c15,
citya_r09_c00,citya,9,0,,citya_r08_c00,citya_r08_c01,,citya_r09_c00,citya_r09_c01,,citya_r10_c00,citya_r10_c01
citya_r09_c01,citya,9,1,citya_r08_c00,citya_r08_c01,citya_r08_c02,citya_r09_c00,citya_r09_c01,citya_r09_c02,citya_r10_c00,citya_r10_c01,citya_r10_c02
citya_r09_c02,citya,9,2,citya_r08_c01,citya_r08_c02,citya_r08_c03,citya_r09_c01,citya_r09_c02,citya_r09_c03,citya_r10_c01,citya_r10_c02,citya_r10_c03
citya_r09_c03,citya,9,3,citya_r08_c02,citya_r08_c03,citya_r08_c04,citya_r09_c02,citya_r09_c03,citya_r09_c04,citya_r10_c02,citya_r10_c03,citya_r10_c04
citya_r09_c04,citya,9,4,citya_r08_c03,citya_r08_c04,citya_r08_c05,citya_r09_c03,citya_r09_c04,citya_r09_c05,citya_r10_c03,citya_r10_c04,citya_r10_c05
citya_r09_c05,citya,9,5,citya_r08_c04,citya_r08_c05,citya_r08_c06,citya_r09_c04,citya_r09_c05,citya_r09_c06,citya_r10_c04,citya_r10_c05,citya_r10_c06
citya_r09_c06,citya,9,6,citya_r08_c05,citya_r08_c06,citya_r08_c07,citya_r09_c05,citya_r09_c06,citya_r09_c07,citya_r10_c05,citya_r10_c06,citya_r10_c07
citya_r09_c07,citya,9,7,citya_r08_c06,citya_r08_c07,citya_r08_c08,citya_r09_c06,citya_r09_c07,citya_r09_c08,citya_r10_c06,citya_r10_c07,citya_r10_c08
citya_r09_c08,citya,9,8,citya_r08_c07,citya_r08_c08,citya_r08_c09,citya_r09_c07,citya_r09_c08,citya_r09_c09,citya_r10_c07,citya_r10_c08,citya_r10_c09
citya_r09_c09,citya,9,9,citya_r08_c08,citya_r08_c09,citya_r08_c10,citya_r09_c08,citya_r09_c09,citya_r09_c10,citya_r10_c08,citya_r10_c09,citya_r10_c10
citya_r09_c10,citya,9,10,citya_r08_c09,citya_r08_c10,citya_r08_c11,citya_r09_c09,citya_r09_c10,citya_r09_c11,citya_r10_c09,citya_r10_c10,citya_r10_c11
citya_r09_c11,citya,9,11,citya_r08_c10,citya_r08_c11,citya_r08_c12,citya_r09_c10,citya_r09_c11,citya_r09_c12,citya_r10_c10,citya_r10_c11,citya_r10_c12
citya_r09_c12,citya,9,12,citya_r08_c11,citya_r08_c12,citya_r08_c13,citya_r09_c11,citya_r09_c12,citya_r09_c13,citya_r10_c11,citya_r10_c12,citya_r10_c13
citya_r09_c13,citya,9,13,citya_r08_c12,citya_r08_c13,citya_r08_c14,citya_r09_c12,citya_r09_c13,citya_r09_c14,citya_r10_c12,citya_r10_c13,citya_r10_c14
citya_r09_c14,citya,9,14,citya_r08_c13,citya_r08_c14,citya_r08_c15,citya_r09_c13,citya_r09_c14,citya_r09_c15,citya_r10_c13,citya_r10_c14,citya_r10_c15
citya_r09_c15,citya,9,15,citya_r08_c14,citya_r08_c15,,citya_r09_c14,citya_r09_c15,,citya_r10_c14,citya_r10_c15,
citya_r10_c00,citya,10,0,,citya_r09_c00,citya_r09_c01,,citya_r10_c00,citya_r10_c01,,citya_r11_c00,citya_r11_c01
citya_r10_c01,citya,10,1,citya_r09_c00,citya_r09_c01,citya_r09_c02,citya_r10_c00,citya_r10_c01,citya_r10_c02,citya_r11_c00,citya_r11_c01,citya_r11_c02
citya_r10_c02,citya,10,2,citya_r09_c01,citya_r09_c02,citya_r09_c03,citya_r10_c01,citya_r10_c02,citya_r10_c03,citya_r11_c01,citya_r11_c02,citya_r11_c03
citya_r10_c03,citya,10,3,citya_r09_c02,citya_r09_c03,citya_r09_c04,citya_r10_c02,citya_r10_c03,citya_r10_c04,citya_r11_c02,citya_r11_c03,citya_r11_c04
citya_r10_c04,citya,10,4,citya_r09_c03,citya_r09_c04,citya_r09_c05,citya_r10_c03,citya_r10_c04,citya_r10_c05,citya_r11_c03,citya_r11_c04,citya_r11_c05
citya_r10_c05,citya,10,5,citya_r09_c04,citya_r09_c05,citya_r09_c06,citya_r10_c04,citya_r10_c05,citya_r10_c06,citya_r11_c04,citya_r11_c05,citya_r11_c06
citya_r10_c06,citya,10,6,citya_r09_c05,citya_r09_c06,citya_r09_c07,citya_r10_c05,citya_r10_c06,citya_r10_c07,citya_r11_c05,citya_r11_c06,citya_r11_c07
citya_r10_c07,citya,10,7,citya_r09_c06,citya_r09_c07,citya_r09_c08,citya_r10_c06,citya_r10_c07,citya_r10_c08,citya_r11_c06,citya_r11_c07,citya_r11_c08
citya_r10_c08,citya,10,8,citya_r09_c07,citya_r09_c08,citya_r09_c09,citya_r10_c07,citya_r10_c08,citya_r10_c09,citya_r11_c07,citya_r11_c08,citya_r11_c09
citya_r10_c09,citya,10,9,citya_r09_c08,citya_r09_c09,citya_r09_c10,citya_r10_c08,citya_r10_c09,citya_r10_c10,citya_r11_c08,citya_r11_c09,citya_r11_c10
citya_r10_c10,citya,10,10,citya_r09_c09,citya_r09_c10,citya_r09_c11,citya_r10_c09,citya_r10_c10,citya_r10_c11,citya_r11_c09,citya_r11_c10,citya_r11_c11
citya_r10_c11,citya,10,11,citya_r09_c10,citya_r09_c11,citya_r09_c12,citya_r10_c10,citya_r10_c11,citya_r10_c12,citya_r11_c10,citya_r11_c11,citya_r11_c12
citya_r10_c12,citya,10,12,citya_r09_c11,citya_r09_c12,citya_r09_c13,citya_r10_c11,citya_r10_c12,citya_r10_c13,citya_r11_c11,citya_r11_c12,citya_r11_c13
citya_r10_c13,citya,10,13,citya_r09_c12,citya_r09_c13,citya_r09_c14,citya_r10_c12,citya_r10_c13,citya_r10_c14,citya_r11_c12,citya_r11_c13,citya_r11_c14
citya_r10_c14,citya,10,14,citya_r09_c13,citya_r09_c14,citya_r09_c15,citya_r10_c13,citya_r10_c14,citya_r10_c15,citya_r11_c13,citya_r11_c14,citya_r11_c15
citya_r10_c15,citya,10,15,citya_r09_c14,citya_r09_c15,,citya_r10_c14,citya_r10_c15,,citya_r11_c14,citya_r11_c15,
citya_r11_c00,citya,11,0,,citya_r10_c00,citya_r10_c01,,citya_r11_c00,citya_r11_c01,,citya_r12_c00,citya_r12_c01
citya_r11_c01,citya,11,1,citya_r10_c00,citya_r10_c01,citya_r10_c02,citya_r11_c00,citya_r11_c01,citya_r11_c02,citya_r12_c00,citya_r12_c01,citya_r12_c02
citya_r11_c02,citya,11,2,citya_r10_c01,citya_r10_c02,citya_r10_c03,citya_r11_c01,citya_r11_c02,citya_r11_c03,citya_r12_c01,citya_r12_c02,citya_r12_c03
citya_r11_c03,citya,11,3,citya_r10_c02,citya_r10_c03,citya_r10_c04,citya_r11_c02,citya_r11_c03,citya_r11_c04,citya_r12_c02,citya_r12_c03,citya_r12_c04
citya_r11_c04,citya,11,4,citya_r10_c03,citya_r10_c04,citya_r10_c05,citya_r11_c03,citya_r11_c04,citya_r11_c05,citya_r12_c03,citya_r12_c04,citya_r12_c05
citya_r11_c05,citya,11,5,citya_r10_c04,citya_r10_c05,citya_r10_c06,citya_r11_c04,citya_r11_c05,citya_r11_c06,citya_r12_c04,citya_r12_c05,citya_r12_c06
citya_r11_c06,citya,11,6,citya_r10_c05,citya_r10_c06,citya_r10_c07,citya_r11_c05,citya_r11_c06,citya_r11_c07,citya_r12_c05,citya_r12_c06,citya_r12_c07
citya_r11_c07,citya,11,7,citya_r10_c06,citya_r10_c07,citya_r10_c08,citya_r11_c06,citya_r11_c07,citya_r11_c08,citya_r12_c06,citya_r12_c07,citya_r12_c08
citya_r11_c08,citya,11,8,citya_r10_c07,citya_r10_c08,citya_r10_c09,citya_r11_c07,citya_r11_c08,citya_r11_c09,citya_r12_c07,citya_r12_c08,citya_r12_c09
citya_r11_c09,citya,11,9,citya_r10_c08,citya_r10_c09,citya_r10_c10,citya_r11_c08,citya_r11_c09,citya_r11_c10,citya_r12_c08,citya_r12_c09,citya_r12_c10
citya_r11_c10,citya,11,10,citya_r10_c09,citya_r10_c10,citya_r10_c11,citya_r11_c09,citya_r11_c10,citya_r11_c11,citya_r12_c09,citya_r12_c10,citya_r12_c11
citya_r11_c11,citya,11,11,citya_r10_c10,citya_r10_c11,citya_r10_c12,citya_r11_c10,citya_r11_c11,citya_r11_c12,citya_r12_c10,citya_r12_c11,citya_r12_c12
citya_r11_c12,citya,11,12,citya_r10_c11,citya_r10_c12,citya_r10_c13,citya_r11_c11,citya_r11_c12,citya_r11_c13,citya_r12_c11,citya_r12_c12,citya_r12_c13
citya_r11_c13,citya,11,13,citya_r10_c12,citya_r10_c13,citya_r10_c14,citya_r11_c12,citya_r11_c13,citya_r11_c14,citya_r12_c12,citya_r12_c13,citya_r12_c14
citya_r11_c14,citya,11,14,citya_r10_c13,citya_r10_c14,citya_r10_c15,citya_r11_c13,citya_r11_c14,citya_r11_c15,citya_r12_c13,citya_r12_c14,citya_r12_c15
citya_r11_c15,citya,11,15,citya_r10_c14,citya_r10_c15,,citya_r11_c14,citya_r11_c15,,citya_r12_c14,citya_r12_c15,
citya_r12_c00,citya,12,0,,citya_r11_c00,citya_r11_c01,,citya_r12_c00,citya_r12_c01,,citya_r13_c00,citya_r13_c01
citya_r12_c01,citya,12,1,citya_r11_c00,citya_r11_c01,citya_r11_c02,citya_r12_c00,citya_r12_c01,citya_r12_c02,citya_r13_c00,citya_r13_c01,citya_r13_c02
citya_r12_c02,citya,12,2,citya_r11_c01,citya_r11_c02,citya_r11_c03,citya_r12_c01,citya_r12_c02,citya_r12_c03,citya_r13_c01,citya_r13_c02,citya_r13_c03
citya_r12_c03,citya,12,3,citya_r11_c02,citya_r11_c03,citya_r11_c04,citya_r12_c02,citya_r12_c03,citya_r12_c04,citya_r13_c02,citya_r13_c03,citya_r13_c04
citya_r12_c04,citya,12,4,citya_r11_c03,citya_r11_c04,citya_r11_c05,citya_r12_c03,citya_r12_c04,citya_r12_c05,citya_r13_c03,citya_r13_c04,citya_r13_c05
citya_r12_c05,citya,12,5,citya_r11_c04,citya_r11_c05,citya_r11_c06,citya_r12_c04,citya_r12_c05,citya_r12_c06,citya_r13_c04,citya_r13_c05,citya_r13_c06
citya_r12_c06,citya,12,6,citya_r11_c05,citya_r11_c06,citya_r11_c07,citya_r12_c05,citya_r12_c06,citya_r12_c07,citya_r13_c05,citya_r13_c06,citya_r13_c07
citya_r12_c07,citya,12,7,citya_r11_c06,citya_r11_c07,citya_r11_c08,citya_r12_c06,citya_r12_c07,citya_r12_c08,citya_r13_c06,citya_r13_c07,citya_r13_c08
citya_r12_c08,citya,12,8,citya_r11_c07,citya_r11_c08,citya_r11_c09,citya_r12_c07,citya_r12_c08,citya_r12_c09,citya_r13_c07,citya_r13_c08,citya_r13_c09
citya_r12_c09,citya,12,9,citya_r11_c08,citya_r11_c09,citya_r11_c10,citya_r12_c08,citya_r12_c09,citya_r12_c10,citya_r13_c08,citya_r13_c09,citya_r13_c10
citya_r12_c10,citya,12,10,citya_r11_c09,citya_r11_c10,citya_r11_c11,citya_r12_c09,citya_r12_c10,citya_r12_c11,citya_r13_c09,citya_r13_c10,citya_r13_c11
citya_r12_c11,citya,12,11,citya_r11_c10,citya_r11_c11,citya_r11_c12,citya_r12_c10,citya_r12_c11,citya_r12_c12,citya_r13_c10,citya_r13_c11,citya_r13_c12
citya_r12_c12,citya,12,12,citya_r11_c11,citya_r11_c12,citya_r11_c13,citya_r12_c11,citya_r12_c12,citya_r12_c13,citya_r13_c11,citya_r13_c12,citya_r13_c13
citya_r12_c13,citya,12,13,citya_r11_c12,citya_r11_c13,citya_r11_c14,citya_r12_c12,citya_r12_c13,citya_r12_c14,citya_r13_c12,citya_r13_c13,citya_r13_c14
citya_r12_c14,citya,12,14,citya_r11_c13,citya_r11_c14,citya_r11_c15,citya_r12_c13,citya_r12_c14,citya_r12_c15,citya_r13_c13,citya_r13_c14,citya_r13_c15
citya_r12_c15,citya,12,15,citya_r11_c14,citya_r11_c15,,citya_r12_c14,citya_r12_c15,,citya_r13_c14,citya_r13_c15,
citya_r13_c00,citya,13,0,,citya_r12_c00,citya_r12_c01,,citya_r13_c00,citya_r13_c01,,citya_r14_c00,citya_r14_c01
citya_r13_c01,citya,13,1,citya_r12_c00,citya_r12_c01,citya_r12_c02,citya_r13_c00,citya_r13_c01,citya_r13_c02,citya_r14_c00,citya_r14_c01,citya_r14_c02
citya_r13_c02,citya,13,2,citya_r12_c01,citya_r12_c02,citya_r12_c03,citya_r13_c01,citya_r13_c02,citya_r13_c03,citya_r14_c01,citya_r14_c02,citya_r14_c03
citya_r13_c03,citya,13,3,citya_r12_c02,citya_r12_c03,citya_r12_c04,citya_r13_c02,citya_r13_c03,citya_r13_c04,citya_r14_c02,citya_r14_c03,citya_r14_c04
citya_r13_c04,citya,13,4,citya_r12_c03,citya_r12_c04,citya_r12_c05,citya_r13_c03,citya_r13_c04,citya_r13_c05,citya_r14_c03,citya_r14_c04,citya_r14_c05
citya_r13_c05,citya,13,5,citya_r12_c04,citya_r12_c05,citya_r12_c06,citya_r13_c04,citya_r13_c05,citya_r13_c06,citya_r14_c04,citya_r14_c05,citya_r14_c06
citya_r13_c06,citya,13,6,citya_r12_c05,citya_r12_c06,citya_r12_c07,citya_r13_c05,citya_r13_c06,citya_r13_c07,citya_r14_c05,citya_r14_c06,citya_r14_c07
citya_r13_c07,citya,13,7,citya_r12_c06,citya_r12_c07,citya_r12_c08,citya_r13_c06,citya_r13_c07,citya_r13_c08,citya_r14_c06,citya_r14_c07,citya_r14_c08
citya_r13_c08,citya,13,8,citya_r12_c07,citya_r12_c08,citya_r12_c09,citya_r13_c07,citya_r13_c08,citya_r13_c09,citya_r14_c07,citya_r14_c08,citya_r14_c09
citya_r13_c09,citya,13,9,citya_r12_c08,citya_r12_c09,citya_r12_c10,citya_r13_c08,citya_r13_c09,citya_r13_c10,citya_r14_c08,citya_r14_c09,citya_r14_c10
citya_r13_c10,citya,13,10,citya_r12_c09,citya_r12_c10,citya_r12_c11,citya_r13_c09,citya_r13_c10,citya_r13_c11,citya_r14_c09,citya_r14_c10,citya_r14_c11
citya_r13_c11,citya,13,11,citya_r12_c10,citya_r12_c11,citya_r12_c12,citya_r13_c10,citya_r13_c11,citya_r13_c12,citya_r14_c10,citya_r14_c11,citya_r14_c12
citya_r13_c12,citya,13,12,citya_r12_c11,citya_r12_c12,citya_r12_c13,citya_r13_c11,citya_r13_c12,citya_r13_c13,citya_r14_c11,citya_r14_c12,citya_r14_c13
citya_r13_c13,citya,13,13,citya_r12_c12,citya_r12_c13,citya_r12_c14,citya_r13_c12,citya_r13_c13,citya_r13_c14,citya_r14_c12,citya_r14_c13,citya_r14_c14
citya_r13_c14,citya,13,14,citya_r12_c13,citya_r12_c14,citya_r12_c15,citya_r13_c13,citya_r13_c14,citya_r13_c15,citya_r14_c13,citya_r14_c14,citya_r14_c15
citya_r13_c15,citya,13,15,citya_r12_c14,citya_r12_c15,,citya_r13_c14,citya_r13_c15,,citya_r14_c14,citya_r14_c15,
citya_r14_c00,citya,14,0,,citya_r13_c00,citya_r13_c01,,citya_r14_c00,citya_r14_c01,,citya_r15_c00,citya_r15_c01
citya_r14_c01,citya,14,1,citya_r13_c00,citya_r13_c01,citya_r13_c02,citya_r14_c00,citya_r14_c01,citya_r14_c02,citya_r15_c00,citya_r15_c01,citya_r15_c02
citya_r14_c02,citya,14,2,citya_r13_c01,citya_r13_c02,citya_r13_c03,citya_r14_c01,citya_r14_c02,citya_r14_c03,citya_r15_c01,citya_r15_c02,citya_r15_c03
citya_r14_c03,citya,14,3,citya_r13_c02,citya_r13_c03,citya_r13_c04,citya_r14_c02,citya_r14_c03,citya_r14_c04,citya_r15_c02,citya_r15_c03,citya_r15_c04
citya_r14_c04,citya,14,4,citya_r13_c03,citya_r13_c04,citya_r13_c05,citya_r14_c03,citya_r14_c04,citya_r14_c05,citya_r15_c03,citya_r15_c04,citya_r15_c05
citya_r14_c05,citya,14,5,citya_r13_c04,citya_r13_c05,citya_r13_c06,citya_r14_c04,citya_r14_c05,citya_r14_c06,citya_r15_c04,citya_r15_c05,citya_r15_c06
citya_r14_c06,citya,14,6,citya_r13_c05,citya_r13_c06,citya_r13_c07,citya_r14_c05,citya_r14_c06,citya_r14_c07,citya_r15_c05,citya_r15_c06,citya_r15_c07
citya_r14_c07,citya,14,7,citya_r13_c06,citya_r13_c07,citya_r13_c08,citya_r14_c06,citya_r14_c07,citya_r14_c08,citya_r15_c06,citya_r15_c07,citya_r15_c08
citya_r14_c08,citya,14,8,citya_r13_c07,citya_r13_c08,citya_r13_c09,citya_r14_c07,citya_r14_c08,citya_r14_c09,citya_r15_c07,citya_r15_c08,citya_r15_c09
citya_r14_c09,citya,14,9,citya_r13_c08,citya_r13_c09,citya_r13_c10,citya_r14_c08,citya_r14_c09,citya_r14_c10,citya_r15_c08,citya_r15_c09,citya_r15_c10
citya_r14_c10,citya,14,10,citya_r13_c09,citya_r13_c10,citya_r13_c11,citya_r14_c09,citya_r14_c10,citya_r14_c11,citya_r15_c09,citya_r15_c10,citya_r15_c11
citya_r14_c11,citya,14,11,citya_r13_c10,citya_r13_c11,citya_r13_c12,citya_r14_c10,citya_r14_c11,citya_r14_c12,citya_r15_c10,citya_r15_c11,citya_r15_c12
citya_r14_c12,citya,14,12,citya_r13_c11,citya_r13_c12,citya_r13_c13,citya_r14_c11,citya_r14_c12,citya_r14_c13,citya_r15_c11,citya_r15_c12,citya_r15_c13
citya_r14_c13,citya,14,13,citya_r13_c12,citya_r13_c13,citya_r13_c14,citya_r14_c12,citya_r14_c13,citya_r14_c14,citya_r15_c12,citya_r15_c13,citya_r15_c14
citya_r14_c14,citya,14,14,citya_r13_c13,citya_r13_c14,citya_r13_c15,citya_r14_c13,citya_r14_c14,citya_r14_c15,citya_r15_c13,citya_r15_c14,citya_r15_c15
citya_r14_c15,citya,14,15,citya_r13_c14,citya_r13_c15,,citya_r14_c14,citya_r14_c15,,citya_r15_c14,citya_r15_c15,
citya_r15_c00,citya,15,0,,citya_r14_c00,citya_r14_c01,,citya_r15_c00,citya_r15_c01,,,
citya_r15_c01,citya,15,1,citya_r14_c00,citya_r14_c01,citya_r14_c02,citya_r15_c00,citya_r15_c01,citya_r15_c02,,,
citya_r15_c02,citya,15,2,citya_r14_c01,citya_r14_c02,citya_r14_c03,citya_r15_c01,citya_r15_c02,citya_r15_c03,,,
citya_r15_c03,citya,15,3,citya_r14_c02,citya_r14_c03,citya_r14_c04,citya_r15_c02,citya_r15_c03,citya_r15_c04,,,
citya_r15_c04,citya,15,4,citya_r14_c03,citya_r14_c04,citya_r14_c05,citya_r15_c03,citya_r15_c04,citya_r15_c05,,,
citya_r15_c05,citya,15,5,citya_r14_c04,citya_r14_c05,citya_r14_c06,citya_r15_c04,citya_r15_c05,citya_r15_c06,,,
citya_r15_c06,citya,15,6,citya_r14_c05,citya_r14_c06,citya_r14_c07,citya_r15_c05,citya_r15_c06,citya_r15_c07,,,
citya_r15_c07,citya,15,7,citya_r14_c06,citya_r14_c07,citya_r14_c08,citya_r15_c06,citya_r15_c07,citya_r15_c08,,,
citya_r15_c08,citya,15,8,citya_r14_c07,citya_r14_c08,citya_r14_c09,citya_r15_c07,citya_r15_c08,citya_r15_c09,,,
citya_r15_c09,citya,15,9,citya_r14_c08,citya_r14_c09,citya_r14_c10,citya_r15_c08,citya_r15_c09,citya_r15_c10,,,
citya_r15_c10,citya,15,10,citya_r14_c09,citya_r14_c10,citya_r14_c11,citya_r15_c09,citya_r15_c10,citya_r15_c11,,,
citya_r15_c11,citya,15,11,citya_r14_c10,citya_r14_c11,citya_r14_c12,citya_r15_c10,citya_r15_c11,citya_r15_c12,,,
citya_r15_c12,citya,15,12,citya_r14_c11,citya_r14_c12,citya_r14_c13,citya_r15_c11,citya_r15_c12,citya_r15_c13,,,
citya_r15_c13,citya,15,13,citya_r14_c12,citya_r14_c13,citya_r14_c14,citya_r15_c12,citya_r15_c13,citya_r15_c14,,,
citya_r15_c14,citya,15,14,citya_r14_c13,citya_r14_c14,citya_r14_c15,citya_r15_c13,citya_r15_c14,citya_r15_c15,,,
citya_r15_c15,citya,15,15,citya_r14_c14,citya_r14_c15,,citya_r15_c14,citya_r15_c15,,,,
cityb_r00_c00,cityb,0,0,,,,,cityb_r00_c00,cityb_r00_c01,,cityb_r01_c00,cityb_r01_c01
cityb_r00_c01,cityb,0,1,,,,cityb_r00_c00,cityb_r00_c01,cityb_r00_c02,cityb_r01_c00,cityb_r01_c01,cityb_r01_c02
cityb_r00_c02,cityb,0,2,,,,cityb_r00_c01,cityb_r00_c02,cityb_r00_c03,cityb_r01_c01,cityb_r01_c02,cityb_r01_c03
cityb_r00_c03,cityb,0,3,,,,cityb_r00_c02,cityb_r00_c03,cityb_r00_c04,cityb_r01_c02,cityb_r01_c03,cityb_r01_c04
cityb_r00_c04,cityb,0,4,,,,cityb_r00_c03,cityb_r00_c04,cityb_r00_c05,cityb_r01_c03,cityb_r01_c04,cityb_r01_c05
cityb_r00_c05,cityb,0,5,,,,cityb_r00_c04,cityb_r00_c05,cityb_r00_c06,cityb_r01_c04,cityb_r01_c05,cityb_r01_c06
cityb_r00_c06,cityb,0,6,,,,cityb_r00_c05,cityb_r00_c06,cityb_r00_c07,cityb_r01_c05,cityb_r01_c06,cityb_r01_c07
cityb_r00_c07,cityb,0,7,,,,cityb_r00_c06,cityb_r00_c07,cityb_r00_c08,cityb_r01_c06,cityb_r01_c07,cityb_r01_c08
cityb_r00_c08,cityb,0,8,,,,cityb_r00_c07,cityb_r00_c08,cityb_r00_c09,cityb_r01_c07,cityb_r01_c08,cityb_r01_c09
cityb_r00_c09,cityb,0,9,,,,cityb_r00_c08,cityb_r00_c09,cityb_r00_c10,cityb_r01_c08,cityb_r01_c09,cityb_r01_c10
cityb_r00_c10,cityb,0,10,,,,cityb_r00_c09,cityb_r00_c10,cityb_r00_c11,cityb_r01_c09,cityb_r01_c10,cityb_r01_c11
cityb_r00_c11,cityb,0,11,,,,cityb_r00_c10,cityb_r00_c11,cityb_r00_c12,cityb_r01_c10,cityb_r01_c11,cityb_r01_c12
cityb_r00_c12,cityb,0,12,,,,cityb_r00_c11,cityb_r00_c12,cityb_r00_c13,cityb_r01_c11,cityb_r01_c12,cityb_r01_c13
cityb_r00_c13,cityb,0,13,,,,cityb_r00_c12,cityb_r00_c13,cityb_r00_c14,cityb_r01_c12,cityb_r01_c13,cityb_r01_c14
cityb_r00_c14,cityb,0,14,,,,cityb_r00_c13,cityb_r00_c14,cityb_r00_c15,cityb_r01_c13,cityb_r01_c14,cityb_r01_c15
cityb_r00_c15,cityb,0,15,,,,cityb_r00_c14,cityb_r00_c15,,cityb_r01_c14,cityb_r01_c15,
cityb_r01_c00,cityb,1,0,,cityb_r00_c00,cityb_r00_c01,,cityb_r01_c00,cityb_r01_c01,,cityb_r02_c00,cityb_r02_c01
cityb_r01_c01,cityb,1,1,cityb_r00_c00,cityb_r00_c01,cityb_r00_c02,cityb_r01_c00,cityb_r01_c01,cityb_r01_c02,cityb_r02_c00,cityb_r02_c01,cityb_r02_c02
cityb_r01_c02,cityb,1,2,cityb_r00_c01,cityb_r00_c02,cityb_r00_c03,cityb_r01_c01,cityb_r01_c02,cityb_r01_c03,cityb_r02_c01,cityb_r02_c02,cityb_r02_c03
cityb_r01_c03,cityb,1,3,cityb_r00_c02,cityb_r00_c03,cityb_r00_c04,cityb_r01_c02,cityb_r01_c03,cityb_r01_c04,cityb_r02_c02,cityb_r02_c03,cityb_r02_c04
cityb_r01_c04,cityb,1,4,cityb_r00_c03,cityb_r00_c04,cityb_r00_c05,cityb_r01_c03,cityb_r01_c04,cityb_r01_c05,cityb_r02_c03,cityb_r02_c04,cityb_r02_c05
cityb_r01_c05,cityb,1,5,cityb_r00_c04,cityb_r00_c05,cityb_r00_c06,cityb_r01_c04,cityb_r01_c05,cityb_r01_c06,cityb_r02_c04,cityb_r02_c05,cityb_r02_c06
cityb_r01_c06,cityb,1,6,cityb_r00_c05,cityb_r00_c06,cityb_r00_c07,cityb_r01_c05,cityb_r01_c06,cityb_r01_c07,cityb_r02_c05,cityb_r02_c06,cityb_r02_c07
cityb_r01_c07,cityb,1,7,cityb_r00_c06,cityb_r00_c07,cityb_r00_c08,cityb_r01_c06,cityb_r01_c07,cityb_r01_c08,cityb_r02_c06,cityb_r02_c07,cityb_r02_c08
cityb_r01_c08,cityb,1,8,cityb_r00_c07,cityb_r00_c08,cityb_r00_c09,cityb_r01_c07,cityb_r01_c08,cityb_r01_c09,cityb_r02_c07,cityb_r02_c08,cityb_r02_c09
cityb_r01_c09,cityb,1,9,cityb_r00_c08,cityb_r00_c09,cityb_r00_c10,cityb_r01_c08,cityb_r01_c09,cityb_r01_c10,cityb_r02_c08,cityb_r02_c09,cityb_r02_c10
cityb_r01_c10,cityb,1,10,cityb_r00_c09,cityb_r00_c10,cityb_r00_c11,cityb_r01_c09,cityb_r01_c10,cityb_r01_c11,cityb_r02_c09,cityb_r02_c10,cityb_r02_c11
cityb_r01_c11,cityb,1,11,cityb_r00_c10,cityb_r00_c11,cityb_r00_c12,cityb_r01_c10,cityb_r01_c11,cityb_r01_c12,cityb_r02_c10,cityb_r02_c11,cityb_r02_c12
cityb_r01_c12,cityb,1,12,cityb_r00_c11,cityb_r00_c12,cityb_r00_c13,cityb_r01_c11,cityb_r01_c12,cityb_r01_c13,cityb_r02_c11,cityb_r02_c12,cityb_r02_c13
cityb_r01_c13,cityb,1,13,cityb_r00_c12,cityb_r00_c13,cityb_r00_c14,cityb_r01_c12,cityb_r01_c13,cityb_r01_c14,cityb_r02_c12,cityb_r02_c13,cityb_r02_c14
cityb_r01_c14,cityb,1,14,cityb_r00_c13,cityb_r00_c14,cityb_r00_c15,cityb_r01_c13,cityb_r01_c14,cityb_r01_c15,cityb_r02_c13,cityb_r02_c14,cityb_r02_c15
cityb_r01_c15,cityb,1,15,cityb_r00_c14,cityb_r00_c15,,cityb_r01_c14,cityb_r01_c15,,cityb_r02_c14,cityb_r02_c15,
cityb_r02_c00,cityb,2,0,,cityb_r01_c00,cityb_r01_c01,,cityb_r02_c00,cityb_r02_c01,,cityb_r03_c00,cityb_r03_c01
cityb_r02_c01,cityb,2,1,cityb_r01_c00,cityb_r01_c01,cityb_r01_c02,cityb_r02_c00,cityb_r02_c01,cityb_r02_c02,cityb_r03_c00,cityb_r03_c01,cityb_r03_c02
cityb_r02_c02,cityb,2,2,cityb_r01_c01,cityb_r01_c02,cityb_r01_c03,cityb_r02_c01,cityb_r02_c02,cityb_r02_c03,cityb_r03_c01,cityb_r03_c02,cityb_r03_c03
cityb_r02_c03,cityb,2,3,cityb_r01_c02,cityb_r01_c03,cityb_r01_c04,cityb_r02_c02,cityb_r02_c03,cityb_r02_c04,cityb_r03_c02,cityb_r03_c03,cityb_r03_c04
cityb_r02_c04,cityb,2,4,cityb_r01_c03,cityb_r01_c04,cityb_r01_c05,cityb_r02_c03,cityb_r02_c04,cityb_r02_c05,cityb_r03_c03,cityb_r03_c04,cityb_r03_c05
cityb_r02_c05,cityb,2,5,cityb_r01_c04,cityb_r01_c05,cityb_r01_c06,cityb_r02_c04,cityb_r02_c05,cityb_r02_c06,cityb_r03_c04,cityb_r03_c05,cityb_r03_c06
cityb_r02_c06,cityb,2,6,cityb_r01_c05,cityb_r01_c06,cityb_r01_c07,cityb_r02_c05,cityb_r02_c06,cityb_r02_c07,cityb_r03_c05,cityb_r03_c06,cityb_r03_c07
cityb_r02_c07,cityb,2,7,cityb_r01_c06,cityb_r01_c07,cityb_r01_c08,cityb_r02_c06,cityb_r02_c07,cityb_r02_c08,cityb_r03_c06,cityb_r03_c07,cityb_r03_c08
cityb_r02_c08,cityb,2,8,cityb_r01_c07,cityb_r01_c08,cityb_r01_c09,cityb_r02_c07,cityb_r02_c08,cityb_r02_c09,cityb_r03_c07,cityb_r03_c08,cityb_r03_c09
cityb_r02_c09,cityb,2,9,cityb_r01_c08,cityb_r01_c09,cityb_r01_c10,cityb_r02_c08,cityb_r02_c09,cityb_r02_c10,cityb_r03_c08,cityb_r03_c09,cityb_r03_c10
cityb_r02_c10,cityb,2,10,cityb_r01_c09,cityb_r01_c10,cityb_r01_c11,cityb_r02_c09,cityb_r02_c10,cityb_r02_c11,cityb_r03_c09,cityb_r03_c10,cityb_r03_c11
cityb_r02_c11,cityb,2,11,cityb_r01_c10,cityb_r01_c11,cityb_r01_c12,cityb_r02_c10,cityb_r02_c11,cityb_r02_c12,cityb_r03_c10,cityb_r03_c11,cityb_r03_c12
cityb_r02_c12,cityb,2,12,cityb_r01_c11,cityb_r01_c12,cityb_r01_c13,cityb_r02_c11,cityb_r02_c12,cityb_r02_c13,cityb_r03_c11,cityb_r03_c12,cityb_r03_c13
cityb_r02_c13,cityb,2,13,cityb_r01_c12,cityb_r01_c13,cityb_r01_c14,cityb_r02_c12,cityb_r02_c13,cityb_r02_c14,cityb_r03_c12,cityb_r03_c13,cityb_r03_c14
cityb_r02_c14,cityb,2,14,cityb_r01_c13,cityb_r01_c14,cityb_r01_c15,cityb_r02_c13,cityb_r02_c14,cityb_r02_c15,cityb_r03_c13,cityb_r03_c14,cityb_r03_c15
cityb_r02_c15,cityb,2,15,cityb_r01_c14,cityb_r01_c15,,cityb_r02_c14,cityb_r02_c15,,cityb_r03_c14,cityb_r03_c15,
cityb_r03_c00,cityb,3,0,,cityb_r02_c00,cityb_r02_c01,,cityb_r03_c00,cityb_r03_c01,,cityb_r04_c00,cityb_r04_c01
cityb_r03_c01,cityb,3,1,cityb_r02_c00,cityb_r02_c01,cityb_r02_c02,cityb_r03_c00,cityb_r03_c01,cityb_r03_c02,cityb_r04_c00,cityb_r04_c01,cityb_r04_c02
cityb_r03_c02,cityb,3,2,cityb_r02_c01,cityb_r02_c02,cityb_r02_c03,cityb_r03_c01,cityb_r03_c02,cityb_r03_c03,cityb_r04_c01,cityb_r04_c02,cityb_r04_c03
cityb_r03_c03,cityb,3,3,cityb_r02_c02,cityb_r02_c03,cityb_r02_c04,cityb_r03_c02,cityb_r03_c03,cityb_r03_c04,cityb_r04_c02,cityb_r04_c03,cityb_r04_c04
cityb_r03_c04,cityb,3,4,cityb_r02_c03,cityb_r02_c04,cityb_r02_c05,cityb_r03_c03,cityb_r03_c04,cityb_r03_c05,cityb_r04_c03,cityb_r04_c04,cityb_r04_c05
cityb_r03_c05,cityb,3,5,cityb_r02_c04,cityb_r02_c05,cityb_r02_c06,cityb_r03_c04,cityb_r03_c05,cityb_r03_c06,cityb_r04_c04,cityb_r04_c05,cityb_r04_c06
cityb_r03_c06,cityb,3,6,cityb_r02_c05,cityb_r02_c06,cityb_r02_c07,cityb_r03_c05,cityb_r03_c06,cityb_r03_c07,cityb_r04_c05,cityb_r04_c06,cityb_r04_c07
cityb_r03_c07,cityb,3,7,cityb_r02_c06,cityb_r02_c07,cityb_r02_c08,cityb_r03_c06,cityb_r03_c07,cityb_r03_c08,cityb_r04_c06,cityb_r04_c07,cityb_r04_c08
cityb_r03_c08,cityb,3,8,cityb_r02_c07,cityb_r02_c08,cityb_r02_c09,cityb_r03_c07,cityb_r03_c08,cityb_r03_c09,cityb_r04_c07,cityb_r04_c08,cityb_r04_c09
cityb_r03_c09,cityb,3,9,cityb_r02_c08,cityb_r02_c09,cityb_r02_c10,cityb_r03_c08,cityb_r03_c09,cityb_r03_c10,cityb_r04_c08,cityb_r04_c09,cityb_r04_c10
cityb_r03_c10,cityb,3,10,cityb_r02_c09,cityb_r02_c10,cityb_r02_c11,cityb_r03_c09,cityb_r03_c10,cityb_r03_c11,cityb_r04_c09,cityb_r04_c10,cityb_r04_c11
cityb_r03_c11,cityb,3,11,cityb_r02_c10,cityb_r02_c11,cityb_r02_c12,cityb_r03_c10,cityb_r03_c11,cityb_r03_c12,cityb_r04_c10,cityb_r04_c11,cityb_r04_c12
cityb_r03_c12,cityb,3,12,cityb_r02_c11,cityb_r02_c12,cityb_r02_c13,cityb_r03_c11,cityb_r03_c12,cityb_r03_c13,cityb_r04_c11,cityb_r04_c12,cityb_r04_c13
cityb_r03_c13,cityb,3,13,cityb_r02_c12,cityb_r02_c13,cityb_r02_c14,cityb_r03_c12,cityb_r03_c13,cityb_r03_c14,cityb_r04_c12,cityb_r04_c13,cityb_r04_c14
cityb_r03_c14,cityb,3,14,cityb_r02_c13,cityb_r02_c14,cityb_r02_c15,cityb_r03_c13,cityb_r03_c14,cityb_r03_c15,cityb_r04_c13,cityb_r04_c14,cityb_r04_c15
cityb_r03_c15,cityb,3,15,cityb_r02_c14,cityb_r02_c15,,cityb_r03_c14,cityb_r03_c15,,cityb_r04_c14,cityb_r04_c15,
cityb_r04_c00,cityb,4,0,,cityb_r03_c00,cityb_r03_c01,,cityb_r04_c00,cityb_r04_c01,,cityb_r05_c00,cityb_r05_c01
cityb_r04_c01,cityb,4,1,cityb_r03_c00,cityb_r03_c01,cityb_r03_c02,cityb_r04_c00,cityb_r04_c01,cityb_r04_c02,cityb_r05_c00,cityb_r05_c01,cityb_r05_c02
cityb_r04_c02,cityb,4,2,cityb_r03_c01,cityb_r03_c02,cityb_r03_c03,cityb_r04_c01,cityb_r04_c02,cityb_r04_c03,cityb_r05_c01,cityb_r05_c02,cityb_r05_c03
cityb_r04_c03,cityb,4,3,cityb_r03_c02,cityb_r03_c03,cityb_r03_c04,cityb_r04_c02,cityb_r04_c03,cityb_r04_c04,cityb_r05_c02,cityb_r05_c03,cityb_r05_c04
cityb_r04_c04,cityb,4,4,cityb_r03_c03,cityb_r03_c04,cityb_r03_c05,cityb_r04_c03,cityb_r04_c04,cityb_r04_c05,cityb_r05_c03,cityb_r05_c04,cityb_r05_c05
cityb_r04_c05,cityb,4,5,cityb_r03_c04,cityb_r03_c05,cityb_r03_c06,cityb_r04_c04,cityb_r04_c05,cityb_r04_c06,cityb_r05_c04,cityb_r05_c05,cityb_r05_c06
cityb_r04_c06,cityb,4,6,cityb_r03_c05,cityb_r03_c06,cityb_r03_c07,cityb_r04_c05,cityb_r04_c06,cityb_r04_c07,cityb_r05_c05,cityb_r05_c06,cityb_r05_c07
cityb_r04_c07,cityb,4,7,cityb_r03_c06,cityb_r03_c07,cityb_r03_c08,cityb_r04_c06,cityb_r04_c07,cityb_r04_c08,cityb_r05_c06,cityb_r05_c07,cityb_r05_c08
cityb_r04_c08,cityb,4,8,cityb_r03_c07,cityb_r03_c08,cityb_r03_c09,cityb_r04_c07,cityb_r04_c08,cityb_r04_c09,cityb_r05_c07,cityb_r05_c08,cityb_r05_c09
cityb_r04_c09,cityb,4,9,cityb_r03_c08,cityb_r03_c09,cityb_r03_c10,cityb_r04_c08,cityb_r04_c09,cityb_r04_c10,cityb_r05_c08,cityb_r05_c09,cityb_r05_c10
cityb_r04_c10,cityb,4,10,cityb_r03_c09,cityb_r03_c10,cityb_r03_c11,cityb_r04_c09,cityb_r04_c10,cityb_r04_c11,cityb_r05_c09,cityb_r05_c10,cityb_r05_c11
cityb_r04_c11,cityb,4,11,cityb_r03_c10,cityb_r03_c11,cityb_r03_c12,cityb_r04_c10,cityb_r04_c11,cityb_r04_c12,cityb_r05_c10,cityb_r05_c11,cityb_r05_c12
cityb_r04_c12,cityb,4,12,cityb_r03_c11,cityb_r03_c12,cityb_r03_c13,cityb_r04_c11,cityb_r04_c12,cityb_r04_c13,cityb_r05_c11,cityb_r05_c12,cityb_r05_c13
cityb_r04_c13,cityb,4,13,cityb_r03_c12,cityb_r03_c13,cityb_r03_c14,cityb_r04_c12,cityb_r04_c13,cityb_r04_c14,cityb_r05_c12,cityb_r05_c13,cityb_r05_c14
cityb_r04_c14,cityb,4,14,cityb_r03_c13,cityb_r03_c14,cityb_r03_c15,cityb_r04_c13,cityb_r04_c14,cityb_r04_c15,cityb_r05_c13,cityb_r05_c14,cityb_r05_c15
cityb_r04_c15,cityb,4,15,cityb_r03_c14,cityb_r03_c15,,cityb_r04_c14,cityb_r04_c15,,cityb_r05_c14,cityb_r05_c15,
cityb_r05_c00,cityb,5,0,,cityb_r04_c00,cityb_r04_c01,,cityb_r05_c00,cityb_r05_c01,,cityb_r06_c00,cityb_r06_c01
cityb_r05_c01,cityb,5,1,cityb_r04_c00,cityb_r04_c01,cityb_r04_c02,cityb_r05_c00,cityb_r05_c01,cityb_r05_c02,cityb_r06_c00,cityb_r06_c01,cityb_r06_c02
cityb_r05_c02,cityb,5,2,cityb_r04_c01,cityb_r04_c02,cityb_r04_c03,cityb_r05_c01,cityb_r05_c02,cityb_r05_c03,cityb_r06_c01,cityb_r06_c02,cityb_r06_c03
cityb_r05_c03,cityb,5,3,cityb_r04_c02,cityb_r04_c03,cityb_r04_c04,cityb_r05_c02,cityb_r05_c03,cityb_r05_c04,cityb_r06_c02,cityb_r06_c03,cityb_r06_c04
cityb_r05_c04,cityb,5,4,cityb_r04_c03,cityb_r04_c04,cityb_r04_c05,cityb_r05_c03,cityb_r05_c04,cityb_r05_c05,cityb_r06_c03,cityb_r06_c04,cityb_r06_c05
cityb_r05_c05,cityb,5,5,cityb_r04_c04,cityb_r04_c05,cityb_r04_c06,cityb_r05_c04,cityb_r05_c05,cityb_r05_c06,cityb_r06_c04,cityb_r06_c05,cityb_r06_c06
cityb_r05_c06,cityb,5,6,cityb_r04_c05,cityb_r04_c06,cityb_r04_c07,cityb_r05_c05,cityb_r05_c06,cityb_r05_c07,cityb_r06_c05,cityb_r06_c06,cityb_r06_c07
cityb_r05_c07,cityb,5,7,cityb_r04_c06,cityb_r04_c07,cityb_r04_c08,cityb_r05_c06,cityb_r05_c07,cityb_r05_c08,cityb_r06_c06,cityb_r06_c07,cityb_r06_c08
cityb_r05_c08,cityb,5,8,cityb_r04_c07,cityb_r04_c08,cityb_r04_c09,cityb_r05_c07,cityb_r05_c08,cityb_r05_c09,cityb_r06_c07,cityb_r06_c08,cityb_r06_c09
cityb_r05_c09,cityb,5,9,cityb_r04_c08,cityb_r04_c09,cityb_r04_c10,cityb_r05_c08,cityb_r05_c09,cityb_r05_c10,cityb_r06_c08,cityb_r06_c09,cityb_r06_c10
cityb_r05_c10,cityb,5,10,cityb_r04_c09,cityb_r04_c10,cityb_r04_c11,cityb_r05_c09,cityb_r05_c10,cityb_r05_c11,cityb_r06_c09,cityb_r06_c10,cityb_r06_c11
cityb_r05_c11,cityb,5,11,cityb_r04_c10,cityb_r04_c11,cityb_r04_c12,cityb_r05_c10,cityb_r05_c11,cityb_r05_c12,cityb_r06_c10,cityb_r06_c11,cityb_r06_c12
cityb_r05_c12,cityb,5,12,cityb_r04_c11,cityb_r04_c12,cityb_r04_c13,cityb_r05_c11,cityb_r05_c12,cityb_r05_c13,cityb_r06_c11,cityb_r06_c12,cityb_r06_c13
cityb_r05_c13,cityb,5,13,cityb_r04_c12,cityb_r04_c13,cityb_r04_c14,cityb_r05_c12,cityb_r05_c13,cityb_r05_c14,cityb_r06_c12,cityb_r06_c13,cityb_r06_c14
cityb_r05_c14,cityb,5,14,cityb_r04_c13,cityb_r04_c14,cityb_r04_c15,cityb_r05_c13,cityb_r05_c14,cityb_r05_c15,cityb_r06_c13,cityb_r06_c14,cityb_r06_c15
cityb_r05_c15,cityb,5,15,cityb_r04_c14,cityb_r04_c15,,cityb_r05_c14,cityb_r05_c15,,cityb_r06_c14,cityb_r06_c15,
cityb_r06_c00,cityb,6,0,,cityb_r05_c00,cityb_r05_c01,,cityb_r06_c00,cityb_r06_c01,,cityb_r07_c00,cityb_r07_c01
cityb_r06_c01,cityb,6,1,cityb_r05_c00,cityb_r05_c01,cityb_r05_c02,cityb_r06_c00,cityb_r06_c01,cityb_r06_c02,cityb_r07_c00,cityb_r07_c01,cityb_r07_c02
cityb_r06_c02,cityb,6,2,cityb_r05_c01,cityb_r05_c02,cityb_r05_c03,cityb_r06_c01,cityb_r06_c02,cityb_r06_c03,cityb_r07_c01,cityb_r07_c02,cityb_r07_c03
cityb_r06_c03,cityb,6,3,cityb_r05_c02,cityb_r05_c03,cityb_r05_c04,cityb_r06_c02,cityb_r06_c03,cityb_r06_c04,cityb_r07_c02,cityb_r07_c03,cityb_r07_c04
cityb_r06_c04,cityb,6,4,cityb_r05_c03,cityb_r05_c04,cityb_r05_c05,cityb_r06_c03,cityb_r06_c04,cityb_r06_c05,cityb_r07_c03,cityb_r07_c04,cityb_r07_c05
cityb_r06_c05,cityb,6,5,cityb_r05_c04,cityb_r05_c05,cityb_r05_c06,cityb_r06_c04,cityb_r06_c05,cityb_r06_c06,cityb_r07_c04,cityb_r07_c05,cityb_r07_c06
cityb_r06_c06,cityb,6,6,cityb_r05_c05,cityb_r05_c06,cityb_r05_c07,cityb_r06_c05,cityb_r06_c06,cityb_r06_c07,cityb_r07_c05,cityb_r07_c06,cityb_r07_c07
cityb_r06_c07,cityb,6,7,cityb_r05_c06,cityb_r05_c07,cityb_r05_c08,cityb_r06_c06,cityb_r06_c07,cityb_r06_c08,cityb_r07_c06,cityb_r07_c07,cityb_r07_c08
cityb_r06_c08,cityb,6,8,cityb_r05_c07,cityb_r05_c08,cityb_r05_c09,cityb_r06_c07,cityb_r06_c08,cityb_r06_c09,cityb_r07_c07,cityb_r07_c08,cityb_r07_c09
cityb_r06_c09,cityb,6,9,cityb_r05_c08,cityb_r05_c09,cityb_r05_c10,cityb_r06_c08,cityb_r06_c09,cityb_r06_c10,cityb_r07_c08,cityb_r07_c09,cityb_r07_c10
cityb_r06_c10,cityb,6,10,cityb_r05_c09,cityb_r05_c10,cityb_r05_c11,cityb_r06_c09,cityb_r06_c10,cityb_r06_c11,cityb_r07_c09,cityb_r07_c10,cityb_r07_c11
cityb_r06_c11,cityb,6,11,cityb_r05_c10,cityb_r05_c11,cityb_r05_c12,cityb_r06_c10,cityb_r06_c11,cityb_r06_c12,cityb_r07_c10,cityb_r07_c11,cityb_r07_c12
cityb_r06_c12,cityb,6,12,cityb_r05_c11,cityb_r05_c12,cityb_r05_c13,cityb_r06_c11,cityb_r06_c12,cityb_r06_c13,cityb_r07_c11,cityb_r07_c12,cityb_r07_c13
cityb_r06_c13,cityb,6,13,cityb_r05_c12,cityb_r05_c13,cityb_r05_c14,cityb_r06_c12,cityb_r06_c13,cityb_r06_c14,cityb_r07_c12,cityb_r07_c13,cityb_r07_c14
cityb_r06_c14,cityb,6,14,cityb_r05_c13,cityb_r05_c14,cityb_r05_c15,cityb_r06_c13,cityb_r06_c14,cityb_r06_c15,cityb_r07_c13,cityb_r07_c14,cityb_r07_c15
cityb_r06_c15,cityb,6,15,cityb_r05_c14,cityb_r05_c15,,cityb_r06_c14,cityb_r06_c15,,cityb_r07_c14,cityb_r07_c15,
cityb_r07_c00,cityb,7,0,,cityb_r06_c00,cityb_r06_c01,,cityb_r07_c00,cityb_r07_c01,,cityb_r08_c00,cityb_r08_c01
cityb_r07_c01,cityb,7,1,cityb_r06_c00,cityb_r06_c01,cityb_r06_c02,cityb_r07_c00,cityb_r07_c01,cityb_r07_c02,cityb_r08_c00,cityb_r08_c01,cityb_r08_c02
cityb_r07_c02,cityb,7,2,cityb_r06_c01,cityb_r06_c02,cityb_r06_c03,cityb_r07_c01,cityb_r07_c02,cityb_r07_c03,cityb_r08_c01,cityb_r08_c02,cityb_r08_c03
cityb_r07_c03,cityb,7,3,cityb_r06_c02,cityb_r06_c03,cityb_r06_c04,cityb_r07_c02,cityb_r07_c03,cityb_r07_c04,cityb_r08_c02,cityb_r08_c03,cityb_r08_c04
cityb_r07_c04,cityb,7,4,cityb_r06_c03,cityb_r06_c04,cityb_r06_c05,cityb_r07_c03,cityb_r07_c04,cityb_r07_c05,cityb_r08_c03,cityb_r08_c04,cityb_r08_c05
cityb_r07_c05,cityb,7,5,cityb_r06_c04,cityb_r06_c05,cityb_r06_c06,cityb_r07_c04,cityb_r07_c05,cityb_r07_c06,cityb_r08_c04,cityb_r08_c05,cityb_r08_c06
cityb_r07_c06,cityb,7,6,cityb_r06_c05,cityb_r06_c06,cityb_r06_c07,cityb_r07_c05,cityb_r07_c06,cityb_r07_c07,cityb_r08_c05,cityb_r08_c06,cityb_r08_c07
cityb_r07_c07,cityb,7,7,cityb_r06_c06,cityb_r06_c07,cityb_r06_c08,cityb_r07_c06,cityb_r07_c07,cityb_r07_c08,cityb_r08_c06,cityb_r08_c07,cityb_r08_c08
cityb_r07_c08,cityb,7,8,cityb_r06_c07,cityb_r06_c08,cityb_r06_c09,cityb_r07_c07,cityb_r07_c08,cityb_r07_c09,cityb_r08_c07,cityb_r08_c08,cityb_r08_c09
cityb_r07_c09,cityb,7,9,cityb_r06_c08,cityb_r06_c09,cityb_r06_c10,cityb_r07_c08,cityb_r07_c09,cityb_r07_c10,cityb_r08_c08,cityb_r08_c09,cityb_r08_c10
cityb_r07_c10,cityb,7,10,cityb_r06_c09,cityb_r06_c10,cityb_r06_c11,cityb_r07_c09,cityb_r07_c10,cityb_r07_c11,cityb_r08_c09,cityb_r08_c10,cityb_r08_c11
cityb_r07_c11,cityb,7,11,cityb_r06_c10,cityb_r06_c11,cityb_r06_c12,cityb_r07_c10,cityb_r07_c11,cityb_r07_c12,cityb_r08_c10,cityb_r08_c11,cityb_r08_c12
cityb_r07_c12,cityb,7,12,cityb_r06_c11,cityb_r06_c12,cityb_r06_c13,cityb_r07_c11,cityb_r07_c12,cityb_r07_c13,cityb_r08_c11,cityb_r08_c12,cityb_r08_c13
cityb_r07_c13,cityb,7,13,cityb_r06_c12,cityb_r06_c13,cityb_r06_c14,cityb_r07_c12,cityb_r07_c13,cityb_r07_c14,cityb_r08_c12,cityb_r08_c13,cityb_r08_c14
cityb_r07_c14,cityb,7,14,cityb_r06_c13,cityb_r06_c14,cityb_r06_c15,cityb_r07_c13,cityb_r07_c14,cityb_r07_c15,cityb_r08_c13,cityb_r08_c14,cityb_r08_c15
cityb_r07_c15,cityb,7,15,cityb_r06_c14,cityb_r06_c15,,cityb_r07_c14,cityb_r07_c15,,cityb_r08_c14,cityb_r08_c15,
cityb_r08_c00,cityb,8,0,,cityb_r07_c00,cityb_r07_c01,,cityb_r08_c00,cityb_r08_c01,,cityb_r09_c00,cityb_r09_c01
cityb_r08_c01,cityb,8,1,cityb_r07_c00,cityb_r07_c01,cityb_r07_c02,cityb_r08_c00,cityb_r08_c01,cityb_r08_c02,cityb_r09_c00,cityb_r09_c01,cityb_r09_c02
cityb_r08_c02,cityb,8,2,cityb_r07_c01,cityb_r07_c02,cityb_r07_c03,cityb_r08_c01,cityb_r08_c02,cityb_r08_c03,cityb_r09_c01,cityb_r09_c02,cityb_r09_c03
cityb_r08_c03,cityb,8,3,cityb_r07_c02,cityb_r07_c03,cityb_r07_c04,cityb_r08_c02,cityb_r08_c03,cityb_r08_c04,cityb_r09_c02,cityb_r09_c03,cityb_r09_c04
cityb_r08_c04,cityb,8,4,cityb_r07_c03,cityb_r07_c04,cityb_r07_c05,cityb_r08_c03,cityb_r08_c04,cityb_r08_c05,cityb_r09_c03,cityb_r09_c04,cityb_r09_c05
cityb_r08_c05,cityb,8,5,cityb_r07_c04,cityb_r07_c05,cityb_r07_c06,cityb_r08_c04,cityb_r08_c05,cityb_r08_c06,cityb_r09_c04,cityb_r09_c05,cityb_r09_c06
cityb_r08_c06,cityb,8,6,cityb_r07_c05,cityb_r07_c06,cityb_r07_c07,cityb_r08_c05,cityb_r08_c06,cityb_r08_c07,cityb_r09_c05,cityb_r09_c06,cityb_r09_c07
cityb_r08_c07,cityb,8,7,cityb_r07_c06,cityb_r07_c07,cityb_r07_c08,cityb_r08_c06,cityb_r08_c07,cityb_r08_c08,cityb_r09_c06,cityb_r09_c07,cityb_r09_c08
cityb_r08_c08,cityb,8,8,cityb_r07_c07,cityb_r07_c08,cityb_r07_c09,cityb_r08_c07,cityb_r08_c08,cityb_r08_c09,cityb_r09_c07,cityb_r09_c08,cityb_r09_c09
cityb_r08_c09,cityb,8,9,cityb_r07_c08,cityb_r07_c09,cityb_r07_c10,cityb_r08_c08,cityb_r08_c09,cityb_r08_c10,cityb_r09_c08,cityb_r09_c09,cityb_r09_c10
cityb_r08_c10,cityb,8,10,cityb_r07_c09,cityb_r07_c10,cityb_r07_c11,cityb_r08_c09,cityb_r08_c10,cityb_r08_c11,cityb_r09_c09,cityb_r09_c10,cityb_r09_c11
cityb_r08_c11,cityb,8,11,cityb_r07_c10,cityb_r07_c11,cityb_r07_c12,cityb_r08_c10,cityb_r08_c11,cityb_r08_c12,cityb_r09_c10,cityb_r09_c11,cityb_r09_c12
cityb_r08_c12,cityb,8,12,cityb_r07_c11,cityb_r07_c12,cityb_r07_c13,cityb_r08_c11,cityb_r08_c12,cityb_r08_c13,cityb_r09_c11,cityb_r09_c12,cityb_r09_c13
cityb_r08_c13,cityb,8,13,cityb_r07_c12,cityb_r07_c13,cityb_r07_c14,cityb_r08_c12,cityb_r08_c13,cityb_r08_c14,cityb_r09_c12,cityb_r09_c13,cityb_r09_c14
cityb_r08_c14,cityb,8,14,cityb_r07_c13,cityb_r07_c14,cityb_r07_c15,cityb_r08_c13,cityb_r08_c14,cityb_r08_c15,cityb_r09_c13,cityb_r09_c14,cityb_r09_c15
cityb_r08_c15,cityb,8,15,cityb_r07_c14,cityb_r07_c15,,cityb_r08_c14,cityb_r08_c15,,cityb_r09_c14,cityb_r09_c15,
cityb_r09_c00,cityb,9,0,,cityb_r08_c00,cityb_r08_c01,,cityb_r09_c00,cityb_r09_c01,,cityb_r10_c00,cityb_r10_c01
cityb_r09_c01,cityb,9,1,cityb_r08_c00,cityb_r08_c01,cityb_r08_c02,cityb_r09_c00,cityb_r09_c01,cityb_r09_c02,cityb_r10_c00,cityb_r10_c01,cityb_r10_c02
cityb_r09_c02,cityb,9,2,cityb_r08_c01,cityb_r08_c02,cityb_r08_c03,cityb_r09_c01,cityb_r09_c02,cityb_r09_c03,cityb_r10_c01,cityb_r10_c02,cityb_r10_c03
cityb_r09_c03,cityb,9,3,cityb_r08_c02,cityb_r08_c03,cityb_r08_c04,cityb_r09_c02,cityb_r09_c03,cityb_r09_c04,cityb_r10_c02,cityb_r10_c03,cityb_r10_c04
cityb_r09_c04,cityb,9,4,cityb_r08_c03,cityb_r08_c04,cityb_r08_c05,cityb_r09_c03,cityb_r09_c04,cityb_r09_c05,cityb_r10_c03,cityb_r10_c04,cityb_r10_c05
cityb_r09_c05,cityb,9,5,cityb_r08_c04,cityb_r08_c05,cityb_r08_c06,cityb_r09_c04,cityb_r09_c05,cityb_r09_c06,cityb_r10_c04,cityb_r10_c05,cityb_r10_c06
cityb_r09_c06,cityb,9,6,cityb_r08_c05,cityb_r08_c06,cityb_r08_c07,cityb_r09_c05,cityb_r09_c06,cityb_r09_c07,cityb_r10_c05,cityb_r10_c06,cityb_r10_c07
cityb_r09_c07,cityb,9,7,cityb_r08_c06,cityb_r08_c07,cityb_r08_c08,cityb_r09_c06,cityb_r09_c07,cityb_r09_c08,cityb_r10_c06,cityb_r10_c07,cityb_r10_c08
cityb_r09_c08,cityb,9,8,cityb_r08_c07,cityb_r08_c08,cityb_r08_c09,cityb_r09_c07,cityb_r09_c08,cityb_r09_c09,cityb_r10_c07,cityb_r10_c08,cityb_r10_c09
cityb_r09_c09,cityb,9,9,cityb_r08_c08,cityb_r08_c09,cityb_r08_c10,cityb_r09_c08,cityb_r09_c09,cityb_r09_c10,cityb_r10_c08,cityb_r10_c09,cityb_r10_c10
cityb_r09_c10,cityb,9,10,cityb_r08_c09,cityb_r08_c10,cityb_r08_c11,cityb_r09_c09,cityb_r09_c10,cityb_r09_c11,cityb_r10_c09,cityb_r10_c10,cityb_r10_c11
cityb_r09_c11,cityb,9,11,cityb_r08_c10,cityb_r08_c11,cityb_r08_c12,cityb_r09_c10,cityb_r09_c11,cityb_r09_c12,cityb_r10_c10,cityb_r10_c11,cityb_r10_c12
cityb_r09_c12,cityb,9,12,cityb_r08_c11,cityb_r08_c12,cityb_r08_c13,cityb_r09_c11,cityb_r09_c12,cityb_r09_c13,cityb_r10_c11,cityb_r10_c12,cityb_r10_c13
cityb_r09_c13,cityb,9,13,cityb_r08_c12,cityb_r08_c13,cityb_r08_c14,cityb_r09_c12,cityb_r09_c13,cityb_r09_c14,cityb_r10_c12,cityb_r10_c13,cityb_r10_c14
cityb_r09_c14,cityb,9,14,cityb_r08_c13,cityb_r08_c14,cityb_r08_c15,cityb_r09_c13,cityb_r09_c14,cityb_r09_c15,cityb_r10_c13,cityb_r10_c14,cityb_r10_c15
cityb_r09_c15,cityb,9,15,cityb_r08_c14,cityb_r08_c15,,cityb_r09_c14,cityb_r09_c15,,cityb_r10_c14,cityb_r10_c15,
cityb_r10_c00,cityb,10,0,,cityb_r09_c00,cityb_r09_c01,,cityb_r10_c00,cityb_r10_c01,,cityb_r11_c00,cityb_r11_c01
cityb_r10_c01,cityb,10,1,cityb_r09_c00,cityb_r09_c01,cityb_r09_c02,cityb_r10_c00,cityb_r10_c01,cityb_r10_c02,cityb_r11_c00,cityb_r11_c01,cityb_r11_c02
cityb_r10_c02,cityb,10,2,cityb_r09_c01,cityb_r09_c02,cityb_r09_c03,cityb_r10_c01,cityb_r10_c02,cityb_r10_c03,cityb_r11_c01,cityb_r11_c02,cityb_r11_c03
cityb_r10_c03,cityb,10,3,cityb_r09_c02,cityb_r09_c03,cityb_r09_c04,cityb_r10_c02,cityb_r10_c03,cityb_r10_c04,cityb_r11_c02,cityb_r11_c03,cityb_r11_c04
cityb_r10_c04,cityb,10,4,cityb_r09_c03,cityb_r09_c04,cityb_r09_c05,cityb_r10_c03,cityb_r10_c04,cityb_r10_c05,cityb_r11_c03,cityb_r11_c04,cityb_r11_c05
cityb_r10_c05,cityb,10,5,cityb_r09_c04,cityb_r09_c05,cityb_r09_c06,cityb_r10_c04,cityb_r10_c05,cityb_r10_c06,cityb_r11_c04,cityb_r11_c05,cityb_r11_c06
cityb_r10_c06,cityb,10,6,cityb_r09_c05,cityb_r09_c06,cityb_r09_c07,cityb_r10_c05,cityb_r10_c06,cityb_r10_c07,cityb_r11_c05,cityb_r11_c06,cityb_r11_c07
cityb_r10_c07,cityb,10,7,cityb_r09_c06,cityb_r09_c07,cityb_r09_c08,cityb_r10_c06,cityb_r10_c07,cityb_r10_c08,cityb_r11_c06,cityb_r11_c07,cityb_r11_c08
cityb_r10_c08,cityb,10,8,cityb_r09_c07,cityb_r09_c08,cityb_r09_c09,cityb_r10_c07,cityb_r10_c08,cityb_r10_c09,cityb_r11_c07,cityb_r11_c08,cityb_r11_c09
cityb_r10_c09,cityb,10,9,cityb_r09_c08,cityb_r09_c09,cityb_r09_c10,cityb_r10_c08,cityb_r10_c09,cityb_r10_c10,cityb_r11_c08,cityb_r11_c09,cityb_r11_c10
cityb_r10_c10,cityb,10,10,cityb_r09_c09,cityb_r09_c10,cityb_r09_c11,cityb_r10_c09,cityb_r10_c10,cityb_r10_c11,cityb_r11_c09,cityb_r11_c10,cityb_r11_c11
cityb_r10_c11,cityb,10,11,cityb_r09_c10,cityb_r09_c11,cityb_r09_c12,cityb_r10_c10,cityb_r10_c11,cityb_r10_c12,cityb_r11_c10,cityb_r11_c11,cityb_r11_c12
cityb_r10_c12,cityb,10,12,cityb_r09_c11,cityb_r09_c12,cityb_r09_c13,cityb_r10_c11,cityb_r10_c12,cityb_r10_c13,cityb_r11_c11,cityb_r11_c12,cityb_r11_c13
cityb_r10_c13,cityb,10,13,cityb_r09_c12,cityb_r09_c13,cityb_r09_c14,cityb_r10_c12,cityb_r10_c13,cityb_r10_c14,cityb_r11_c12,cityb_r11_c13,cityb_r11_c14
cityb_r10_c14,cityb,10,14,cityb_r09_c13,cityb_r09_c14,cityb_r09_c15,cityb_r10_c13,cityb_r10_c14,cityb_r10_c15,cityb_r11_c13,cityb_r11_c14,cityb_r11_c15
cityb_r10_c15,cityb,10,15,cityb_r09_c14,cityb_r09_c15,,cityb_r10_c14,cityb_r10_c15,,cityb_r11_c14,cityb_r11_c15,
cityb_r11_c00,cityb,11,0,,cityb_r10_c00,cityb_r10_c01,,cityb_r11_c00,cityb_r11_c01,,cityb_r12_c00,cityb_r12_c01
cityb_r11_c01,cityb,11,1,cityb_r10_c00,cityb_r10_c01,cityb_r10_c02,cityb_r11_c00,cityb_r11_c01,cityb_r11_c02,cityb_r12_c00,cityb_r12_c01,cityb_r12_c02
cityb_r11_c02,cityb,11,2,cityb_r10_c01,cityb_r10_c02,cityb_r10_c03,cityb_r11_c01,cityb_r11_c02,cityb_r11_c03,cityb_r12_c01,cityb_r12_c02,cityb_r12_c03
cityb_r11_c03,cityb,11,3,cityb_r10_c02,cityb_r10_c03,cityb_r10_c04,cityb_r11_c02,cityb_r11_c03,cityb_r11_c04,cityb_r12_c02,cityb_r12_c03,cityb_r12_c04
cityb_r11_c04,cityb,11,4,cityb_r10_c03,cityb_r10_c04,cityb_r10_c05,cityb_r11_c03,cityb_r11_c04,cityb_r11_c05,cityb_r12_c03,cityb_r12_c04,cityb_r12_c05
cityb_r11_c05,cityb,11,5,cityb_r10_c04,cityb_r10_c05,cityb_r10_c06,cityb_r11_c04,cityb_r11_c05,cityb_r11_c06,cityb_r12_c04,cityb_r12_c05,cityb_r12_c06
cityb_r11_c06,cityb,11,6,cityb_r10_c05,cityb_r10_c06,cityb_r10_c07,cityb_r11_c05,cityb_r11_c06,cityb_r11_c07,cityb_r12_c05,cityb_r12_c06,cityb_r12_c07
cityb_r11_c07,cityb,11,7,cityb_r10_c06,cityb_r10_c07,cityb_r10_c08,cityb_r11_c06,cityb_r11_c07,cityb_r11_c08,cityb_r12_c06,cityb_r12_c07,cityb_r12_c08
cityb_r11_c08,cityb,11,8,cityb_r10_c07,cityb_r10_c08,cityb_r10_c09,cityb_r11_c07,cityb_r11_c08,cityb_r11_c09,cityb_r12_c07,cityb_r12_c08,cityb_r12_c09
cityb_r11_c09,cityb,11,9,cityb_r10_c08,cityb_r10_c09,cityb_r10_c10,cityb_r11_c08,cityb_r11_c09,cityb_r11_c10,cityb_r12_c08,cityb_r12_c09,cityb_r12_c10
cityb_r11_c10,cityb,11,10,cityb_r10_c09,cityb_r10_c10,cityb_r10_c11,cityb_r11_c09,cityb_r11_c10,cityb_r11_c11,cityb_r12_c09,cityb_r12_c10,cityb_r12_c11
cityb_r11_c11,cityb,11,11,cityb_r10_c10,cityb_r10_c11,cityb_r10_c12,cityb_r11_c10,cityb_r11_c11,cityb_r11_c12,cityb_r12_c10,cityb_r12_c11,cityb_r12_c12
cityb_r11_c12,cityb,11,12,cityb_r10_c11,cityb_r10_c12,cityb_r10_c13,cityb_r11_c11,cityb_r11_c12,cityb_r11_c13,cityb_r12_c11,cityb_r12_c12,cityb_r12_c13
cityb_r11_c13,cityb,11,13,cityb_r10_c12,cityb_r10_c13,cityb_r10_c14,cityb_r11_c12,cityb_r11_c13,cityb_r11_c14,cityb_r12_c12,cityb_r12_c13,cityb_r12_c14
cityb_r11_c14,cityb,11,14,cityb_r10_c13,cityb_r10_c14,cityb_r10_c15,cityb_r11_c13,cityb_r11_c14,cityb_r11_c15,cityb_r12_c13,cityb_r12_c14,cityb_r12_c15
cityb_r11_c15,cityb,11,15,cityb_r10_c14,cityb_r10_c15,,cityb_r11_c14,cityb_r11_c15,,cityb_r12_c14,cityb_r12_c15,
cityb_r12_c00,cityb,12,0,,cityb_r11_c00,cityb_r11_c01,,cityb_r12_c00,cityb_r12_c01,,cityb_r13_c00,cityb_r13_c01
cityb_r12_c01,cityb,12,1,cityb_r11_c00,cityb_r11_c01,cityb_r11_c02,cityb_r12_c00,cityb_r12_c01,cityb_r12_c02,cityb_r13_c00,cityb_r13_c01,cityb_r13_c02
cityb_r12_c02,cityb,12,2,cityb_r11_c01,cityb_r11_c02,cityb_r11_c03,cityb_r12_c01,cityb_r12_c02,cityb_r12_c03,cityb_r13_c01,cityb_r13_c02,cityb_r13_c03
cityb_r12_c03,cityb,12,3,cityb_r11_c02,cityb_r11_c03,cityb_r11_c04,cityb_r12_c02,cityb_r12_c03,cityb_r12_c04,cityb_r13_c02,cityb_r13_c03,cityb_r13_c04
cityb_r12_c04,cityb,12,4,cityb_r11_c03,cityb_r11_c04,cityb_r11_c05,cityb_r12_c03,cityb_r12_c04,cityb_r12_c05,cityb_r13_c03,cityb_r13_c04,cityb_r13_c05
cityb_r12_c05,cityb,12,5,cityb_r11_c04,cityb_r11_c05,cityb_r11_c06,cityb_r12_c04,cityb_r12_c05,cityb_r12_c06,cityb_r13_c04,cityb_r13_c05,cityb_r13_c06
cityb_r12_c06,cityb,12,6,cityb_r11_c05,cityb_r11_c06,cityb_r11_c07,cityb_r12_c05,cityb_r12_c06,cityb_r12_c07,cityb_r13_c05,cityb_r13_c06,cityb_r13_c07
cityb_r12_c07,cityb,12,7,cityb_r11_c06,cityb_r11_c07,cityb_r11_c08,cityb_r12_c06,cityb_r12_c07,cityb_r12_c08,cityb_r13_c06,cityb_r13_c07,cityb_r13_c08
cityb_r12_c08,cityb,12,8,cityb_r11_c07,cityb_r11_c08,cityb_r11_c09,cityb_r12_c07,cityb_r12_c08,cityb_r12_c09,cityb_r13_c07,cityb_r13_c08,cityb_r13_c09
cityb_r12_c09,cityb,12,9,cityb_r11_c08,cityb_r11_c09,cityb_r11_c10,cityb_r12_c08,cityb_r12_c09,cityb_r12_c10,cityb_r13_c08,cityb_r13_c09,cityb_r13_c10
cityb_r12_c10,cityb,12,10,cityb_r11_c09,cityb_r11_c10,cityb_r11_c11,cityb_r12_c09,cityb_r12_c10,cityb_r12_c11,cityb_r13_c09,cityb_r13_c10,cityb_r13_c11
cityb_r12_c11,cityb,12,11,cityb_r11_c10,cityb_r11_c11,cityb_r11_c12,cityb_r12_c10,cityb_r12_c11,cityb_r12_c12,cityb_r13_c10,cityb_r13_c11,cityb_r13_c12
cityb_r12_c12,cityb,12,12,cityb_r11_c11,cityb_r11_c12,cityb_r11_c13,cityb_r12_c11,cityb_r12_c12,cityb_r12_c13,cityb_r13_c11,cityb_r13_c12,cityb_r13_c13
cityb_r12_c13,cityb,12,13,cityb_r11_c12,cityb_r11_c13,cityb_r11_c14,cityb_r12_c12,cityb_r12_c13,cityb_r12_c14,cityb_r13_c12,cityb_r13_c13,cityb_r13_c14
cityb_r12_c14,cityb,12,14,cityb_r11_c13,cityb_r11_c14,cityb_r11_c15,cityb_r12_c13,cityb_r12_c14,cityb_r12_c15,cityb_r13_c13,cityb_r13_c14,cityb_r13_c15
cityb_r12_c15,cityb,12,15,cityb_r11_c14,cityb_r11_c15,,cityb_r12_c14,cityb_r12_c15,,cityb_r13_c14,cityb_r13_c15,
cityb_r13_c00,cityb,13,0,,cityb_r12_c00,cityb_r12_c01,,cityb_r13_c00,cityb_r13_c01,,cityb_r14_c00,cityb_r14_c01
cityb_r13_c01,cityb,13,1,cityb_r12_c00,cityb_r12_c01,cityb_r12_c02,cityb_r13_c00,cityb_r13_c01,cityb_r13_c02,cityb_r14_c00,cityb_r14_c01,cityb_r14_c02
cityb_r13_c02,cityb,13,2,cityb_r12_c01,cityb_r12_c02,cityb_r12_c03,cityb_r13_c01,cityb_r13_c02,cityb_r13_c03,cityb_r14_c01,cityb_r14_c02,cityb_r14_c03
cityb_r13_c03,cityb,13,3,cityb_r12_c02,cityb_r12_c03,cityb_r12_c04,cityb_r13_c02,cityb_r13_c03,cityb_r13_c04,cityb_r14_c02,cityb_r14_c03,cityb_r14_c04
cityb_r13_c04,cityb,13,4,cityb_r12_c03,cityb_r12_c04,cityb_r12_c05,cityb_r13_c03,cityb_r13_c04,cityb_r13_c05,cityb_r14_c03,cityb_r14_c04,cityb_r14_c05
cityb_r13_c05,cityb,13,5,cityb_r12_c04,cityb_r12_c05,cityb_r12_c06,cityb_r13_c04,cityb_r13_c05,cityb_r13_c06,cityb_r14_c04,cityb_r14_c05,cityb_r14_c06
cityb_r13_c06,cityb,13,6,cityb_r12_c05,cityb_r12_c06,cityb_r12_c07,cityb_r13_c05,cityb_r13_c06,cityb_r13_c07,cityb_r14_c05,cityb_r14_c06,cityb_r14_c07
cityb_r13_c07,cityb,13,7,cityb_r12_c06,cityb_r12_c07,cityb_r12_c08,cityb_r13_c06,cityb_r13_c07,cityb_r13_c08,cityb_r14_c06,cityb_r14_c07,cityb_r14_c08
cityb_r13_c08,cityb,13,8,cityb_r12_c07,cityb_r12_c08,cityb_r12_c09,cityb_r13_c07,cityb_r13_c08,cityb_r13_c09,cityb_r14_c07,cityb_r14_c08,cityb_r14_c09
cityb_r13_c09,cityb,13,9,cityb_r12_c08,cityb_r12_c09,cityb_r12_c10,cityb_r13_c08,cityb_r13_c09,cityb_r13_c10,cityb_r14_c08,cityb_r14_c09,cityb_r14_c10
cityb_r13_c10,cityb,13,10,cityb_r12_c09,cityb_r12_c10,cityb_r12_c11,cityb_r13_c09,cityb_r13_c10,cityb_r13_c11,cityb_r14_c09,cityb_r14_c10,cityb_r14_c11
cityb_r13_c11,cityb,13,11,cityb_r12_c10,cityb_r12_c11,cityb_r12_c12,cityb_r13_c10,cityb_r13_c11,cityb_r13_c12,cityb_r14_c10,cityb_r14_c11,cityb_r14_c12
cityb_r13_c12,cityb,13,12,cityb_r12_c11,cityb_r12_c12,cityb_r12_c13,cityb_r13_c11,cityb_r13_c12,cityb_r13_c13,cityb_r14_c11,cityb_r14_c12,cityb_r14_c13
cityb_r13_c13,cityb,13,13,cityb_r12_c12,cityb_r12_c13,cityb_r12_c14,cityb_r13_c12,cityb_r13_c13,cityb_r13_c14,cityb_r14_c12,cityb_r14_c13,cityb_r14_c14
cityb_r13_c14,cityb,13,14,cityb_r12_c13,cityb_r12_c14,cityb_r12_c15,cityb_r13_c13,cityb_r13_c14,cityb_r13_c15,cityb_r14_c13,cityb_r14_c14,cityb_r14_c15
cityb_r13_c15,cityb,13,15,cityb_r12_c14,cityb_r12_c15,,cityb_r13_c14,cityb_r13_c15,,cityb_r14_c14,cityb_r14_c15,
cityb_r14_c00,cityb,14,0,,cityb_r13_c00,cityb_r13_c01,,cityb_r14_c00,cityb_r14_c01,,cityb_r15_c00,cityb_r15_c01
cityb_r14_c01,cityb,14,1,cityb_r13_c00,cityb_r13_c01,cityb_r13_c02,cityb_r14_c00,cityb_r14_c01,cityb_r14_c02,cityb_r15_c00,cityb_r15_c01,cityb_r15_c02
cityb_r14_c02,cityb,14,2,cityb_r13_c01,cityb_r13_c02,cityb_r13_c03,cityb_r14_c01,cityb_r14_c02,cityb_r14_c03,cityb_r15_c01,cityb_r15_c02,cityb_r15_c03
cityb_r14_c03,cityb,14,3,cityb_r13_c02,cityb_r13_c03,cityb_r13_c04,cityb_r14_c02,cityb_r14_c03,cityb_r14_c04,cityb_r15_c02,cityb_r15_c03,cityb_r15_c04
cityb_r14_c04,cityb,14,4,cityb_r13_c03,cityb_r13_c04,cityb_r13_c05,cityb_r14_c03,cityb_r14_c04,cityb_r14_c05,cityb_r15_c03,cityb_r15_c04,cityb_r15_c05
cityb_r14_c05,cityb,14,5,cityb_r13_c04,cityb_r13_c05,cityb_r13_c06,cityb_r14_c04,cityb_r14_c05,cityb_r14_c06,cityb_r15_c04,cityb_r15_c05,cityb_r15_c06
cityb_r14_c06,cityb,14,6,cityb_r13_c05,cityb_r13_c06,cityb_r13_c07,cityb_r14_c05,cityb_r14_c06,cityb_r14_c07,cityb_r15_c05,cityb_r15_c06,cityb_r15_c07
cityb_r14_c07,cityb,14,7,cityb_r13_c06,cityb_r13_c07,cityb_r13_c08,cityb_r14_c06,cityb_r14_c07,cityb_r14_c08,cityb_r15_c06,cityb_r15_c07,cityb_r15_c08
cityb_r14_c08,cityb,14,8,cityb_r13_c07,cityb_r13_c08,cityb_r13_c09,cityb_r14_c07,cityb_r14_c08,cityb_r14_c09,cityb_r15_c07,cityb_r15_c08,cityb_r15_c09
cityb_r14_c09,cityb,14,9,cityb_r13_c08,cityb_r13_c09,cityb_r13_c10,cityb_r14_c08,cityb_r14_c09,cityb_r14_c10,cityb_r15_c08,cityb_r15_c09,cityb_r15_c10
cityb_r14_c10,cityb,14,10,cityb_r13_c09,cityb_r13_c10,cityb_r13_c11,cityb_r14_c09,cityb_r14_c10,cityb_r14_c11,cityb_r15_c09,cityb_r15_c10,cityb_r15_c11
cityb_r14_c11,cityb,14,11,cityb_r13_c10,cityb_r13_c11,cityb_r13_c12,cityb_r14_c10,cityb_r14_c11,cityb_r14_c12,cityb_r15_c10,cityb_r15_c11,cityb_r15_c12
cityb_r14_c12,cityb,14,12,cityb_r13_c11,cityb_r13_c12,cityb_r13_c13,cityb_r14_c11,cityb_r14_c12,cityb_r14_c13,cityb_r15_c11,cityb_r15_c12,cityb_r15_c13
cityb_r14_c13,cityb,14,13,cityb_r13_c12,cityb_r13_c13,cityb_r13_c14,cityb_r14_c12,cityb_r14_c13,cityb_r14_c14,cityb_r15_c12,cityb_r15_c13,cityb_r15_c14
cityb_r14_c14,cityb,14,14,cityb_r13_c13,cityb_r13_c14,cityb_r13_c15,cityb_r14_c13,cityb_r14_c14,cityb_r14_c15,cityb_r15_c13,cityb_r15_c14,cityb_r15_c15
cityb_r14_c15,cityb,14,15,cityb_r13_c14,cityb_r13_c15,,cityb_r14_c14,cityb_r14_c15,,cityb_r15_c14,cityb_r15_c15,
cityb_r15_c00,cityb,15,0,,cityb_r14_c00,cityb_r14_c01,,cityb_r15_c00,cityb_r15_c01,,,
cityb_r15_c01,cityb,15,1,cityb_r14_c00,cityb_r14_c01,cityb_r14_c02,cityb_r15_c00,cityb_r15_c01,cityb_r15_c02,,,
cityb_r15_c02,cityb,15,2,cityb_r14_c01,cityb_r14_c02,cityb_r14_c03,cityb_r15_c01,cityb_r15_c02,cityb_r15_c03,,,
cityb_r15_c03,cityb,15,3,cityb_r14_c02,cityb_r14_c03,cityb_r14_c04,cityb_r15_c02,cityb_r15_c03,cityb_r15_c04,,,
cityb_r15_c04,cityb,15,4,cityb_r14_c03,cityb_r14_c04,cityb_r14_c05,cityb_r15_c03,cityb_r15_c04,cityb_r15_c05,,,
cityb_r15_c05,cityb,15,5,cityb_r14_c04,cityb_r14_c05,cityb_r14_c06,cityb_r15_c04,cityb_r15_c05,cityb_r15_c06,,,
cityb_r15_c06,cityb,15,6,cityb_r14_c05,cityb_r14_c06,cityb_r14_c07,cityb_r15_c05,cityb_r15_c06,cityb_r15_c07,,,
cityb_r15_c07,cityb,15,7,cityb_r14_c06,cityb_r14_c07,cityb_r14_c08,cityb_r15_c06,cityb_r15_c07,cityb_r15_c08,,,
cityb_r15_c08,cityb,15,8,cityb_r14_c07,cityb_r14_c08,cityb_r14_c09,cityb_r15_c07,cityb_r15_c08,cityb_r15_c09,,,
cityb_r15_c09,cityb,15,9,cityb_r14_c08,cityb_r14_c09,cityb_r14_c10,cityb_r15_c08,cityb_r15_c09,cityb_r15_c10,,,
cityb_r15_c10,cityb,15,10,cityb_r14_c09,cityb_r14_c10,cityb_r14_c11,cityb_r15_c09,cityb_r15_c10,cityb_r15_c11,,,
cityb_r15_c11,cityb,15,11,cityb_r14_c10,cityb_r14_c11,cityb_r14_c12,cityb_r15_c10,cityb_r15_c11,cityb_r15_c12,,,
cityb_r15_c12,cityb,15,12,cityb_r14_c11,cityb_r14_c12,cityb_r14_c13,cityb_r15_c11,cityb_r15_c12,cityb_r15_c13,,,
cityb_r15_c13,cityb,15,13,cityb_r14_c12,cityb_r14_c13,cityb_r14_c14,cityb_r15_c12,cityb_r15_c13,cityb_r15_c14,,,
cityb_r15_c14,cityb,15,14,cityb_r14_c13,cityb_r14_c14,cityb_r14_c15,cityb_r15_c13,cityb_r15_c14,cityb_r15_c15,,,
cityb_r15_c15,cityb,15,15,cityb_r14_c14,cityb_r14_c15,,cityb_r15_c14,cityb_r15_c15,,,,
cityc_r00_c00,cityc,0,0,,,,,cityc_r00_c00,cityc_r00_c01,,cityc_r01_c00,cityc_r01_c01
cityc_r00_c01,cityc,0,1,,,,cityc_r00_c00,cityc_r00_c01,cityc_r00_c02,cityc_r01_c00,cityc_r01_c01,cityc_r01_c02
cityc_r00_c02,cityc,0,2,,,,cityc_r00_c01,cityc_r00_c02,cityc_r00_c03,cityc_r01_c01,cityc_r01_c02,cityc_r01_c03
cityc_r00_c03,cityc,0,3,,,,cityc_r00_c02,cityc_r00_c03,cityc_r00_c04,cityc_r01_c02,cityc_r01_c03,cityc_r01_c04
cityc_r00_c04,cityc,0,4,,,,cityc_r00_c03,cityc_r00_c04,cityc_r00_c05,cityc_r01_c03,cityc_r01_c04,cityc_r01_c05
cityc_r00_c05,cityc,0,5,,,,cityc_r00_c04,cityc_r00_c05,cityc_r00_c06,cityc_r01_c04,cityc_r01_c05,cityc_r01_c06
cityc_r00_c06,cityc,0,6,,,,cityc_r00_c05,cityc_r00_c06,cityc_r00_c07,cityc_r01_c05,cityc_r01_c06,cityc_r01_c07
cityc_r00_c07,cityc,0,7,,,,cityc_r00_c06,cityc_r00_c07,cityc_r00_c08,cityc_r01_c06,cityc_r01_c07,cityc_r01_c08
cityc_r00_c08,cityc,0,8,,,,cityc_r00_c07,cityc_r00_c08,cityc_r00_c09,cityc_r01_c07,cityc_r01_c08,cityc_r01_c09
cityc_r00_c09,cityc,0,9,,,,cityc_r00_c08,cityc_r00_c09,cityc_r00_c10,cityc_r01_c08,cityc_r01_c09,cityc_r01_c10
cityc_r00_c10,cityc,0,10,,,,cityc_r00_c09,cityc_r00_c10,cityc_r00_c11,cityc_r01_c09,cityc_r01_c10,cityc_r01_c11
cityc_r00_c11,cityc,0,11,,,,cityc_r00_c10,cityc_r00_c11,cityc_r00_c12,cityc_r01_c10,cityc_r01_c11,cityc_r01_c12
cityc_r00_c12,cityc,0,12,,,,cityc_r00_c11,cityc_r00_c12,cityc_r00_c13,cityc_r01_c11,cityc_r01_c12,cityc_r01_c13
cityc_r00_c13,cityc,0,13,,,,cityc_r00_c12,cityc_r00_c13,cityc_r00_c14,cityc_r01_c12,cityc_r01_c13,cityc_r01_c14
cityc_r00_c14,cityc,0,14,,,,cityc_r00_c13,cityc_r00_c14,cityc_r00_c15,cityc_r01_c13,cityc_r01_c14,cityc_r01_c15
cityc_r00_c15,cityc,0,15,,,,cityc_r00_c14,cityc_r00_c15,,cityc_r01_c14,cityc_r01_c15,
cityc_r01_c00,cityc,1,0,,cityc_r00_c00,cityc_r00_c01,,cityc_r01_c00,cityc_r01_c01,,cityc_r02_c00,cityc_r02_c01
cityc_r01_c01,cityc,1,1,cityc_r00_c00,cityc_r00_c01,cityc_r00_c02,cityc_r01_c00,cityc_r01_c01,cityc_r01_c02,cityc_r02_c00,cityc_r02_c01,cityc_r02_c02
cityc_r01_c02,cityc,1,2,cityc_r00_c01,cityc_r00_c02,cityc_r00_c03,cityc_r01_c01,cityc_r01_c02,cityc_r01_c03,cityc_r02_c01,cityc_r02_c02,cityc_r02_c03
cityc_r01_c03,cityc,1,3,cityc_r00_c02,cityc_r00_c03,cityc_r00_c04,cityc_r01_c02,cityc_r01_c03,cityc_r01_c04,cityc_r02_c02,cityc_r02_c03,cityc_r02_c04
cityc_r01_c04,cityc,1,4,cityc_r00_c03,cityc_r00_c04,cityc_r00_c05,cityc_r01_c03,cityc_r01_c04,cityc_r01_c05,cityc_r02_c03,cityc_r02_c04,cityc_r02_c05
cityc_r01_c05,cityc,1,5,cityc_r00_c04,cityc_r00_c05,cityc_r00_c06,cityc_r01_c04,cityc_r01_c05,cityc_r01_c06,cityc_r02_c04,cityc_r02_c05,cityc_r02_c06
cityc_r01_c06,cityc,1,6,cityc_r00_c05,cityc_r00_c06,cityc_r00_c07,cityc_r01_c05,cityc_r01_c06,cityc_r01_c07,cityc_r02_c05,cityc_r02_c06,cityc_r02_c07
cityc_r01_c07,cityc,1,7,cityc_r00_c06,cityc_r00_c07,cityc_r00_c08,cityc_r01_c06,cityc_r01_c07,cityc_r01_c08,cityc_r02_c06,cityc_r02_c07,cityc_r02_c08
cityc_r01_c08,cityc,1,8,cityc_r00_c07,cityc_r00_c08,cityc_r00_c09,cityc_r01_c07,cityc_r01_c08,cityc_r01_c09,cityc_r02_c07,cityc_r02_c08,cityc_r02_c09
cityc_r01_c09,cityc,1,9,cityc_r00_c08,cityc_r00_c09,cityc_r00_c10,cityc_r01_c08,cityc_r01_c09,cityc_r01_c10,cityc_r02_c08,cityc_r02_c09,cityc_r02_c10
cityc_r01_c10,cityc,1,10,cityc_r00_c09,cityc_r00_c10,cityc_r00_c11,cityc_r01_c09,cityc_r01_c10,cityc_r01_c11,cityc_r02_c09,cityc_r02_c10,cityc_r02_c11
cityc_r01_c11,cityc,1,11,cityc_r00_c10,cityc_r00_c11,cityc_r00_c12,cityc_r01_c10,cityc_r01_c11,cityc_r01_c12,cityc_r02_c10,cityc_r02_c11,cityc_r02_c12
cityc_r01_c12,cityc,1,12,cityc_r00_c11,cityc_r00_c12,cityc_r00_c13,cityc_r01_c11,cityc_r01_c12,cityc_r01_c13,cityc_r02_c11,cityc_r02_c12,cityc_r02_c13
cityc_r01_c13,cityc,1,13,cityc_r00_c12,cityc_r00_c13,cityc_r00_c14,cityc_r01_c12,cityc_r01_c13,cityc_r01_c14,cityc_r02_c12,cityc_r02_c13,cityc_r02_c14
cityc_r01_c14,cityc,1,14,cityc_r00_c13,cityc_r00_c14,cityc_r00_c15,cityc_r01_c13,cityc_r01_c14,cityc_r01_c15,cityc_r02_c13,cityc_r02_c14,cityc_r02_c15
cityc_r01_c15,cityc,1,15,cityc_r00_c14,cityc_r00_c15,,cityc_r01_c14,cityc_r01_c15,,cityc_r02_c14,cityc_r02_c15,
cityc_r02_c00,cityc,2,0,,cityc_r01_c00,cityc_r01_c01,,cityc_r02_c00,cityc_r02_c01,,cityc_r03_c00,cityc_r03_c01
cityc_r02_c01,cityc,2,1,cityc_r01_c00,cityc_r01_c01,cityc_r01_c02,cityc_r02_c00,cityc_r02_c01,cityc_r02_c02,cityc_r03_c00,cityc_r03_c01,cityc_r03_c02
cityc_r02_c02,cityc,2,2,cityc_r01_c01,cityc_r01_c02,cityc_r01_c03,cityc_r02_c01,cityc_r02_c02,cityc_r02_c03,cityc_r03_c01,cityc_r03_c02,cityc_r03_c03
cityc_r02_c03,cityc,2,3,cityc_r01_c02,cityc_r01_c03,cityc_r01_c04,cityc_r02_c02,cityc_r02_c03,cityc_r02_c04,cityc_r03_c02,cityc_r03_c03,cityc_r03_c04
cityc_r02_c04,cityc,2,4,cityc_r01_c03,cityc_r01_c04,cityc_r01_c05,cityc_r02_c03,cityc_r02_c04,cityc_r02_c05,cityc_r03_c03,cityc_r03_c04,cityc_r03_c05
cityc_r02_c05,cityc,2,5,cityc_r01_c04,cityc_r01_c05,cityc_r01_c06,cityc_r02_c04,cityc_r02_c05,cityc_r02_c06,cityc_r03_c04,cityc_r03_c05,cityc_r03_c06
cityc_r02_c06,cityc,2,6,cityc_r01_c05,cityc_r01_c06,cityc_r01_c07,cityc_r02_c05,cityc_r02_c06,cityc_r02_c07,cityc_r03_c05,cityc_r03_c06,cityc_r03_c07
cityc_r02_c07,cityc,2,7,cityc_r01_c06,cityc_r01_c07,cityc_r01_c08,cityc_r02_c06,cityc_r02_c07,cityc_r02_c08,cityc_r03_c06,cityc_r03_c07,cityc_r03_c08
cityc_r02_c08,cityc,2,8,cityc_r01_c07,cityc_r01_c08,cityc_r01_c09,cityc_r02_c07,cityc_r02_c08,cityc_r02_c09,cityc_r03_c07,cityc_r03_c08,cityc_r03_c09
cityc_r02_c09,cityc,2,9,cityc_r01_c08,cityc_r01_c09,cityc_r01_c10,cityc_r02_c08,cityc_r02_c09,cityc_r02_c10,cityc_r03_c08,cityc_r03_c09,cityc_r03_c10
cityc_r02_c10,cityc,2,10,cityc_r01_c09,cityc_r01_c10,cityc_r01_c11,cityc_r02_c09,cityc_r02_c10,cityc_r02_c11,cityc_r03_c09,cityc_r03_c10,cityc_r03_c11
cityc_r02_c11,cityc,2,11,cityc_r01_c10,cityc_r01_c11,cityc_r01_c12,cityc_r02_c10,cityc_r02_c11,cityc_r02_c12,cityc_r03_c10,cityc_r03_c11,cityc_r03_c12
cityc_r02_c12,cityc,2,12,cityc_r01_c11,cityc_r01_c12,cityc_r01_c13,cityc_r02_c11,cityc_r02_c12,cityc_r02_c13,cityc_r03_c11,cityc_r03_c12,cityc_r03_c13
cityc_r02_c13,cityc,2,13,cityc_r01_c12,cityc_r01_c13,cityc_r01_c14,cityc_r02_c12,cityc_r02_c13,cityc_r02_c14,cityc_r03_c12,cityc_r03_c13,cityc_r03_c14
cityc_r02_c14,cityc,2,14,cityc_r01_c13,cityc_r01_c14,cityc_r01_c15,cityc_r02_c13,cityc_r02_c14,cityc_r02_c15,cityc_r03_c13,cityc_r03_c14,cityc_r03_c15
cityc_r02_c15,cityc,2,15,cityc_r01_c14,cityc_r01_c15,,cityc_r02_c14,cityc_r02_c15,,cityc_r03_c14,cityc_r03_c15,
cityc_r03_c00,cityc,3,0,,cityc_r02_c00,cityc_r02_c01,,cityc_r03_c00,cityc_r03_c01,,cityc_r04_c00,cityc_r04_c01
cityc_r03_c01,cityc,3,1,cityc_r02_c00,cityc_r02_c01,cityc_r02_c02,cityc_r03_c00,cityc_r03_c01,cityc_r03_c02,cityc_r04_c00,cityc_r04_c01,cityc_r04_c02
cityc_r03_c02,cityc,3,2,cityc_r02_c01,cityc_r02_c02,cityc_r02_c03,cityc_r03_c01,cityc_r03_c02,cityc_r03_c03,cityc_r04_c01,cityc_r04_c02,cityc_r04_c03
cityc_r03_c03,cityc,3,3,cityc_r02_c02,cityc_r02_c03,cityc_r02_c04,cityc_r03_c02,cityc_r03_c03,cityc_r03_c04,cityc_r04_c02,cityc_r04_c03,cityc_r04_c04
cityc_r03_c04,cityc,3,4,cityc_r02_c03,cityc_r02_c04,cityc_r02_c05,cityc_r03_c03,cityc_r03_c04,cityc_r03_c05,cityc_r04_c03,cityc_r04_c04,cityc_r04_c05
cityc_r03_c05,cityc,3,5,cityc_r02_c04,cityc_r02_c05,cityc_r02_c06,cityc_r03_c04,cityc_r03_c05,cityc_r03_c06,cityc_r04_c04,cityc_r04_c05,cityc_r04_c06
cityc_r03_c06,cityc,3,6,cityc_r02_c05,cityc_r02_c06,cityc_r02_c07,cityc_r03_c05,cityc_r03_c06,cityc_r03_c07,cityc_r04_c05,cityc_r04_c06,cityc_r04_c07
cityc_r03_c07,cityc,3,7,cityc_r02_c06,cityc_r02_c07,cityc_r02_c08,cityc_r03_c06,cityc_r03_c07,cityc_r03_c08,cityc_r04_c06,cityc_r04_c07,cityc_r04_c08
cityc_r03_c08,cityc,3,8,cityc_r02_c07,cityc_r02_c08,cityc_r02_c09,cityc_r03_c07,cityc_r03_c08,cityc_r03_c09,cityc_r04_c07,cityc_r04_c08,cityc_r04_c09
cityc_r03_c09,cityc,3,9,cityc_r02_c08,cityc_r02_c09,cityc_r02_c10,cityc_r03_c08,cityc_r03_c09,cityc_r03_c10,cityc_r04_c08,cityc_r04_c09,cityc_r04_c10
cityc_r03_c10,cityc,3,10,cityc_r02_c09,cityc_r02_c10,cityc_r02_c11,cityc_r03_c09,cityc_r03_c10,cityc_r03_c11,cityc_r04_c09,cityc_r04_c10,cityc_r04_c11
cityc_r03_c11,cityc,3,11,cityc_r02_c10,cityc_r02_c11,cityc_r02_c12,cityc_r03_c10,cityc_r03_c11,cityc_r03_c12,cityc_r04_c10,cityc_r04_c11,cityc_r04_c12
cityc_r03_c12,cityc,3,12,cityc_r02_c11,cityc_r02_c12,cityc_r02_c13,cityc_r03_c11,cityc_r03_c12,cityc_r03_c13,cityc_r04_c11,cityc_r04_c12,cityc_r04_c13
cityc_r03_c13,cityc,3,13,cityc_r02_c12,cityc_r02_c13,cityc_r02_c14,cityc_r03_c12,cityc_r03_c13,cityc_r03_c14,cityc_r04_c12,cityc_r04_c13,cityc_r04_c14
cityc_r03_c14,cityc,3,14,cityc_r02_c13,cityc_r02_c14,cityc_r02_c15,cityc_r03_c13,cityc_r03_c14,cityc_r03_c15,cityc_r04_c13,cityc_r04_c14,cityc_r04_c15
cityc_r03_c15,cityc,3,15,cityc_r02_c14,cityc_r02_c15,,cityc_r03_c14,cityc_r03_c15,,cityc_r04_c14,cityc_r04_c15,
cityc_r04_c00,cityc,4,0,,cityc_r03_c00,cityc_r03_c01,,cityc_r04_c00,cityc_r04_c01,,cityc_r05_c00,cityc_r05_c01
cityc_r04_c01,cityc,4,1,cityc_r03_c00,cityc_r03_c01,cityc_r03_c02,cityc_r04_c00,cityc_r04_c01,cityc_r04_c02,cityc_r05_c00,cityc_r05_c01,cityc_r05_c02
cityc_r04_c02,cityc,4,2,cityc_r03_c01,cityc_r03_c02,cityc_r03_c03,cityc_r04_c01,cityc_r04_c02,cityc_r04_c03,cityc_r05_c01,cityc_r05_c02,cityc_r05_c03
cityc_r04_c03,cityc,4,3,cityc_r03_c02,cityc_r03_c03,cityc_r03_c04,cityc_r04_c02,cityc_r04_c03,cityc_r04_c04,cityc_r05_c02,cityc_r05_c03,cityc_r05_c04
cityc_r04_c04,cityc,4,4,cityc_r03_c03,cityc_r03_c04,cityc_r03_c05,cityc_r04_c03,cityc_r04_c04,cityc_r04_c05,cityc_r05_c03,cityc_r05_c04,cityc_r05_c05
cityc_r04_c05,cityc,4,5,cityc_r03_c04,cityc_r03_c05,cityc_r03_c06,cityc_r04_c04,cityc_r04_c05,cityc_r04_c06,cityc_r05_c04,cityc_r05_c05,cityc_r05_c06
cityc_r04_c06,cityc,4,6,cityc_r03_c05,cityc_r03_c06,cityc_r03_c07,cityc_r04_c05,cityc_r04_c06,cityc_r04_c07,cityc_r05_c05,cityc_r05_c06,cityc_r05_c07
cityc_r04_c07,cityc,4,7,cityc_r03_c06,cityc_r03_c07,cityc_r03_c08,cityc_r04_c06,cityc_r04_c07,cityc_r04_c08,cityc_r05_c06,cityc_r05_c07,cityc_r05_c08
cityc_r04_c08,cityc,4,8,cityc_r03_c07,cityc_r03_c08,cityc_r03_c09,cityc_r04_c07,cityc_r04_c08,cityc_r04_c09,cityc_r05_c07,cityc_r05_c08,cityc_r05_c09
cityc_r04_c09,cityc,4,9,cityc_r03_c08,cityc_r03_c09,cityc_r03_c10,cityc_r04_c08,cityc_r04_c09,cityc_r04_c10,cityc_r05_c08,cityc_r05_c09,cityc_r05_c10
cityc_r04_c10,cityc,4,10,cityc_r03_c09,cityc_r03_c10,cityc_r03_c11,cityc_r04_c09,cityc_r04_c10,cityc_r04_c11,cityc_r05_c09,cityc_r05_c10,cityc_r05_c11
cityc_r04_c11,cityc,4,11,cityc_r03_c10,cityc_r03_c11,cityc_r03_c12,cityc_r04_c10,cityc_r04_c11,cityc_r04_c12,cityc_r05_c10,cityc_r05_c11,cityc_r05_c12
cityc_r04_c12,cityc,4,12,cityc_r03_c11,cityc_r03_c12,cityc_r03_c13,cityc_r04_c11,cityc_r04_c12,cityc_r04_c13,cityc_r05_c11,cityc_r05_c12,cityc_r05_c13
cityc_r04_c13,cityc,4,13,cityc_r03_c12,cityc_r03_c13,cityc_r03_c14,cityc_r04_c12,cityc_r04_c13,cityc_r04_c14,cityc_r05_c12,cityc_r05_c13,cityc_r05_c14
cityc_r04_c14,cityc,4,14,cityc_r03_c13,cityc_r03_c14,cityc_r03_c15,cityc_r04_c13,cityc_r04_c14,cityc_r04_c15,cityc_r05_c13,cityc_r05_c14,cityc_r05_c15
cityc_r04_c15,cityc,4,15,cityc_r03_c14,cityc_r03_c15,,cityc_r04_c14,cityc_r04_c15,,cityc_r05_c14,cityc_r05_c15,
cityc_r05_c00,cityc,5,0,,cityc_r04_c00,cityc_r04_c01,,cityc_r05_c00,cityc_r05_c01,,cityc_r06_c00,cityc_r06_c01
cityc_r05_c01,cityc,5,1,cityc_r04_c00,cityc_r04_c01,cityc_r04_c02,cityc_r05_c00,cityc_r05_c01,cityc_r05_c02,cityc_r06_c00,cityc_r06_c01,cityc_r06_c02
cityc_r05_c02,cityc,5,2,cityc_r04_c01,cityc_r04_c02,cityc_r04_c03,cityc_r05_c01,cityc_r05_c02,cityc_r05_c03,cityc_r06_c01,cityc_r06_c02,cityc_r06_c03
cityc_r05_c03,cityc,5,3,cityc_r04_c02,cityc_r04_c03,cityc_r04_c04,cityc_r05_c02,cityc_r05_c03,cityc_r05_c04,cityc_r06_c02,cityc_r06_c03,cityc_r06_c04
cityc_r05_c04,cityc,5,4,cityc_r04_c03,cityc_r04_c04,cityc_r04_c05,cityc_r05_c03,cityc_r05_c04,cityc_r05_c05,cityc_r06_c03,cityc_r06_c04,cityc_r06_c05
cityc_r05_c05,cityc,5,5,cityc_r04_c04,cityc_r04_c05,cityc_r04_c06,cityc_r05_c04,cityc_r05_c05,cityc_r05_c06,cityc_r06_c04,cityc_r06_c05,cityc_r06_c06
cityc_r05_c06,cityc,5,6,cityc_r04_c05,cityc_r04_c06,cityc_r04_c07,cityc_r05_c05,cityc_r05_c06,cityc_r05_c07,cityc_r06_c05,cityc_r06_c06,cityc_r06_c07
cityc_r05_c07,cityc,5,7,cityc_r04_c06,cityc_r04_c07,cityc_r04_c08,cityc_r05_c06,cityc_r05_c07,cityc_r05_c08,cityc_r06_c06,cityc_r06_c07,cityc_r06_c08
cityc_r05_c08,cityc,5,8,cityc_r04_c07,cityc_r04_c08,cityc_r04_c09,cityc_r05_c07,cityc_r05_c08,cityc_r05_c09,cityc_r06_c07,cityc_r06_c08,cityc_r06_c09
cityc_r05_c09,cityc,5,9,cityc_r04_c08,cityc_r04_c09,cityc_r04_c10,cityc_r05_c08,cityc_r05_c09,cityc_r05_c10,cityc_r06_c08,cityc_r06_c09,cityc_r06_c10
cityc_r05_c10,cityc,5,10,cityc_r04_c09,cityc_r04_c10,cityc_r04_c11,cityc_r05_c09,cityc_r05_c10,cityc_r05_c11,cityc_r06_c09,cityc_r06_c10,cityc_r06_c11
cityc_r05_c11,cityc,5,11,cityc_r04_c10,cityc_r04_c11,cityc_r04_c12,cityc_r05_c10,cityc_r05_c11,cityc_r05_c12,cityc_r06_c10,cityc_r06_c11,cityc_r06_c12
cityc_r05_c12,cityc,5,12,cityc_r04_c11,cityc_r04_c12,cityc_r04_c13,cityc_r05_c11,cityc_r05_c12,cityc_r05_c13,cityc_r06_c11,cityc_r06_c12,cityc_r06_c13
cityc_r05_c13,cityc,5,13,cityc_r04_c12,cityc_r04_c13,cityc_r04_c14,cityc_r05_c12,cityc_r05_c13,cityc_r05_c14,cityc_r06_c12,cityc_r06_c13,cityc_r06_c14
cityc_r05_c14,cityc,5,14,cityc_r04_c13,cityc_r04_c14,cityc_r04_c15,cityc_r05_c13,cityc_r05_c14,cityc_r05_c15,cityc_r06_c13,cityc_r06_c14,cityc_r06_c15
cityc_r05_c15,cityc,5,15,cityc_r04_c14,cityc_r04_c15,,cityc_r05_c14,cityc_r05_c15,,cityc_r06_c14,cityc_r06_c15,
cityc_r06_c00,cityc,6,0,,cityc_r05_c00,cityc_r05_c01,,cityc_r06_c00,cityc_r06_c01,,cityc_r07_c00,cityc_r07_c01
cityc_r06_c01,cityc,6,1,cityc_r05_c00,cityc_r05_c01,cityc_r05_c02,cityc_r06_c00,cityc_r06_c01,cityc_r06_c02,cityc_r07_c00,cityc_r07_c01,cityc_r07_c02
cityc_r06_c02,cityc,6,2,cityc_r05_c01,cityc_r05_c02,cityc_r05_c03,cityc_r06_c01,cityc_r06_c02,cityc_r06_c03,cityc_r07_c01,cityc_r07_c02,cityc_r07_c03
cityc_r06_c03,cityc,6,3,cityc_r05_c02,cityc_r05_c03,cityc_r05_c04,cityc_r06_c02,cityc_r06_c03,cityc_r06_c04,cityc_r07_c02,cityc_r07_c03,cityc_r07_c04
cityc_r06_c04,cityc,6,4,cityc_r05_c03,cityc_r05_c04,cityc_r05_c05,cityc_r06_c03,cityc_r06_c04,cityc_r06_c05,cityc_r07_c03,cityc_r07_c04,cityc_r07_c05
cityc_r06_c05,cityc,6,5,cityc_r05_c04,cityc_r05_c05,cityc_r05_c06,cityc_r06_c04,cityc_r06_c05,cityc_r06_c06,cityc_r07_c04,cityc_r07_c05,cityc_r07_c06
cityc_r06_c06,cityc,6,6,cityc_r05_c05,cityc_r05_c06,cityc_r05_c07,cityc_r06_c05,cityc_r06_c06,cityc_r06_c07,cityc_r07_c05,cityc_r07_c06,cityc_r07_c07
cityc_r06_c07,cityc,6,7,cityc_r05_c06,cityc_r05_c07,cityc_r05_c08,cityc_r06_c06,cityc_r06_c07,cityc_r06_c08,cityc_r07_c06,cityc_r07_c07,cityc_r07_c08
cityc_r06_c08,cityc,6,8,cityc_r05_c07,cityc_r05_c08,cityc_r05_c09,cityc_r06_c07,cityc_r06_c08,cityc_r06_c09,cityc_r07_c07,cityc_r07_c08,cityc_r07_c09
cityc_r06_c09,cityc,6,9,cityc_r05_c08,cityc_r05_c09,cityc_r05_c10,cityc_r06_c08,cityc_r06_c09,cityc_r06_c10,cityc_r07_c08,cityc_r07_c09,cityc_r07_c10
cityc_r06_c10,cityc,6,10,cityc_r05_c09,cityc_r05_c10,cityc_r05_c11,cityc_r06_c09,cityc_r06_c10,cityc_r06_c11,cityc_r07_c09,cityc_r07_c10,cityc_r07_c11
cityc_r06_c11,cityc,6,11,cityc_r05_c10,cityc_r05_c11,cityc_r05_c12,cityc_r06_c10,cityc_r06_c11,cityc_r06_c12,cityc_r07_c10,cityc_r07_c11,cityc_r07_c12
cityc_r06_c12,cityc,6,12,cityc_r05_c11,cityc_r05_c12,cityc_r05_c13,cityc_r06_c11,cityc_r06_c12,cityc_r06_c13,cityc_r07_c11,cityc_r07_c12,cityc_r07_c13
cityc_r06_c13,cityc,6,13,cityc_r05_c12,cityc_r05_c13,cityc_r05_c14,cityc_r06_c12,cityc_r06_c13,cityc_r06_c14,cityc_r07_c12,cityc_r07_c13,cityc_r07_c14
cityc_r06_c14,cityc,6,14,cityc_r05_c13,cityc_r05_c14,cityc_r05_c15,cityc_r06_c13,cityc_r06_c14,cityc_r06_c15,cityc_r07_c13,cityc_r07_c14,cityc_r07_c15
cityc_r06_c15,cityc,6,15,cityc_r05_c14,cityc_r05_c15,,cityc_r06_c14,cityc_r06_c15,,cityc_r07_c14,cityc_r07_c15,
cityc_r07_c00,cityc,7,0,,cityc_r06_c00,cityc_r06_c01,,cityc_r07_c00,cityc_r07_c01,,cityc_r08_c00,cityc_r08_c01
cityc_r07_c01,cityc,7,1,cityc_r06_c00,cityc_r06_c01,cityc_r06_c02,cityc_r07_c00,cityc_r07_c01,cityc_r07_c02,cityc_r08_c00,cityc_r08_c01,cityc_r08_c02
cityc_r07_c02,cityc,7,2,cityc_r06_c01,cityc_r06_c02,cityc_r06_c03,cityc_r07_c01,cityc_r07_c02,cityc_r07_c03,cityc_r08_c01,cityc_r08_c02,cityc_r08_c03
cityc_r07_c03,cityc,7,3,cityc_r06_c02,cityc_r06_c03,cityc_r06_c04,cityc_r07_c02,cityc_r07_c03,cityc_r07_c04,cityc_r08_c02,cityc_r08_c03,cityc_r08_c04
cityc_r07_c04,cityc,7,4,cityc_r06_c03,cityc_r06_c04,cityc_r06_c05,cityc_r07_c03,cityc_r07_c04,cityc_r07_c05,cityc_r08_c03,cityc_r08_c04,cityc_r08_c05
cityc_r07_c05,cityc,7,5,cityc_r06_c04,cityc_r06_c05,cityc_r06_c06,cityc_r07_c04,cityc_r07_c05,cityc_r07_c06,cityc_r08_c04,cityc_r08_c05,cityc_r08_c06
cityc_r07_c06,cityc,7,6,cityc_r06_c05,cityc_r06_c06,cityc_r06_c07,cityc_r07_c05,cityc_r07_c06,cityc_r07_c07,cityc_r08_c05,cityc_r08_c06,cityc_r08_c07
cityc_r07_c07,cityc,7,7,cityc_r06_c06,cityc_r06_c07,cityc_r06_c08,cityc_r07_c06,cityc_r07_c07,cityc_r07_c08,cityc_r08_c06,cityc_r08_c07,cityc_r08_c08
cityc_r07_c08,cityc,7,8,cityc_r06_c07,cityc_r06_c08,cityc_r06_c09,cityc_r07_c07,cityc_r07_c08,cityc_r07_c09,cityc_r08_c07,cityc_r08_c08,cityc_r08_c09
cityc_r07_c09,cityc,7,9,cityc_r06_c08,cityc_r06_c09,cityc_r06_c10,cityc_r07_c08,cityc_r07_c09,cityc_r07_c10,cityc_r08_c08,cityc_r08_c09,cityc_r08_c10
cityc_r07_c10,cityc,7,10,cityc_r06_c09,cityc_r06_c10,cityc_r06_c11,cityc_r07_c09,cityc_r07_c10,cityc_r07_c11,cityc_r08_c09,cityc_r08_c10,cityc_r08_c11
cityc_r07_c11,cityc,7,11,cityc_r06_c10,cityc_r06_c11,cityc_r06_c12,cityc_r07_c10,cityc_r07_c11,cityc_r07_c12,cityc_r08_c10,cityc_r08_c11,cityc_r08_c12
cityc_r07_c12,cityc,7,12,cityc_r06_c11,cityc_r06_c12,cityc_r06_c13,cityc_r07_c11,cityc_r07_c12,cityc_r07_c13,cityc_r08_c11,cityc_r08_c12,cityc_r08_c13
cityc_r07_c13,cityc,7,13,cityc_r06_c12,cityc_r06_c13,cityc_r06_c14,cityc_r07_c12,cityc_r07_c13,cityc_r07_c14,cityc_r08_c12,cityc_r08_c13,cityc_r08_c14
cityc_r07_c14,cityc,7,14,cityc_r06_c13,cityc_r06_c14,cityc_r06_c15,cityc_r07_c13,cityc_r07_c14,cityc_r07_c15,cityc_r08_c13,cityc_r08_c14,cityc_r08_c15
cityc_r07_c15,cityc,7,15,cityc_r06_c14,cityc_r06_c15,,cityc_r07_c14,cityc_r07_c15,,cityc_r08_c14,cityc_r08_c15,
cityc_r08_c00,cityc,8,0,,cityc_r07_c00,cityc_r07_c01,,cityc_r08_c00,cityc_r08_c01,,cityc_r09_c00,cityc_r09_c01
cityc_r08_c01,cityc,8,1,cityc_r07_c00,cityc_r07_c01,cityc_r07_c02,cityc_r08_c00,cityc_r08_c01,cityc_r08_c02,cityc_r09_c00,cityc_r09_c01,cityc_r09_c02
cityc_r08_c02,cityc,8,2,cityc_r07_c01,cityc_r07_c02,cityc_r07_c03,cityc_r08_c01,cityc_r08_c02,cityc_r08_c03,cityc_r09_c01,cityc_r09_c02,cityc_r09_c03
cityc_r08_c03,cityc,8,3,cityc_r07_c02,cityc_r07_c03,cityc_r07_c04,cityc_r08_c02,cityc_r08_c03,cityc_r08_c04,cityc_r09_c02,cityc_r09_c03,cityc_r09_c04
cityc_r08_c04,cityc,8,4,cityc_r07_c03,cityc_r07_c04,cityc_r07_c05,cityc_r08_c03,cityc_r08_c04,cityc_r08_c05,cityc_r09_c03,cityc_r09_c04,cityc_r09_c05
cityc_r08_c05,cityc,8,5,cityc_r07_c04,cityc_r07_c05,cityc_r07_c06,cityc_r08_c04,cityc_r08_c05,cityc_r08_c06,cityc_r09_c04,cityc_r09_c05,cityc_r09_c06
cityc_r08_c06,cityc,8,6,cityc_r07_c05,cityc_r07_c06,cityc_r07_c07,cityc_r08_c05,cityc_r08_c06,cityc_r08_c07,cityc_r09_c05,cityc_r09_c06,cityc_r09_c07
cityc_r08_c07,cityc,8,7,cityc_r07_c06,cityc_r07_c07,cityc_r07_c08,cityc_r08_c06,cityc_r08_c07,cityc_r08_c08,cityc_r09_c06,cityc_r09_c07,cityc_r09_c08
cityc_r08_c08,cityc,8,8,cityc_r07_c07,cityc_r07_c08,cityc_r07_c09,cityc_r08_c07,cityc_r08_c08,cityc_r08_c09,cityc_r09_c07,cityc_r09_c08,cityc_r09_c09
cityc_r08_c09,cityc,8,9,cityc_r07_c08,cityc_r07_c09,cityc_r07_c10,cityc_r08_c08,cityc_r08_c09,cityc_r08_c10,cityc_r09_c08,cityc_r09_c09,cityc_r09_c10
cityc_r08_c10,cityc,8,10,cityc_r07_c09,cityc_r07_c10,cityc_r07_c11,cityc_r08_c09,cityc_r08_c10,cityc_r08_c11,cityc_r09_c09,cityc_r09_c10,cityc_r09_c11
cityc_r08_c11,cityc,8,11,cityc_r07_c10,cityc_r07_c11,cityc_r07_c12,cityc_r08_c10,cityc_r08_c11,cityc_r08_c12,cityc_r09_c10,cityc_r09_c11,cityc_r09_c12
cityc_r08_c12,cityc,8,12,cityc_r07_c11,cityc_r07_c12,cityc_r07_c13,cityc_r08_c11,cityc_r08_c12,cityc_r08_c13,cityc_r09_c11,cityc_r09_c12,cityc_r09_c13
cityc_r08_c13,cityc,8,13,cityc_r07_c12,cityc_r07_c13,cityc_r07_c14,cityc_r08_c12,cityc_r08_c13,cityc_r08_c14,cityc_r09_c12,cityc_r09_c13,cityc_r09_c14
cityc_r08_c14,cityc,8,14,cityc_r07_c13,cityc_r07_c14,cityc_r07_c15,cityc_r08_c13,cityc_r08_c14,cityc_r08_c15,cityc_r09_c13,cityc_r09_c14,cityc_r09_c15
cityc_r08_c15,cityc,8,15,cityc_r07_c14,cityc_r07_c15,,cityc_r08_c14,cityc_r08_c15,,cityc_r09_c14,cityc_r09_c15,
cityc_r09_c00,cityc,9,0,,cityc_r08_c00,cityc_r08_c01,,cityc_r09_c00,cityc_r09_c01,,cityc_r10_c00,cityc_r10_c01
cityc_r09_c01,cityc,9,1,cityc_r08_c00,cityc_r08_c01,cityc_r08_c02,cityc_r09_c00,cityc_r09_c01,cityc_r09_c02,cityc_r10_c00,cityc_r10_c01,cityc_r10_c02
cityc_r09_c02,cityc,9,2,cityc_r08_c01,cityc_r08_c02,cityc_r08_c03,cityc_r09_c01,cityc_r09_c02,cityc_r09_c03,cityc_r10_c01,cityc_r10_c02,cityc_r10_c03
cityc_r09_c03,cityc,9,3,cityc_r08_c02,cityc_r08_c03,cityc_r08_c04,cityc_r09_c02,cityc_r09_c03,cityc_r09_c04,cityc_r10_c02,cityc_r10_c03,cityc_r10_c04
cityc_r09_c04,cityc,9,4,cityc_r08_c03,cityc_r08_c04,cityc_r08_c05,cityc_r09_c03,cityc_r09_c04,cityc_r09_c05,cityc_r10_c03,cityc_r10_c04,cityc_r10_c05
cityc_r09_c05,cityc,9,5,cityc_r08_c04,cityc_r08_c05,cityc_r08_c06,cityc_r09_c04,cityc_r09_c05,cityc_r09_c06,cityc_r10_c04,cityc_r10_c05,cityc_r10_c06
cityc_r09_c06,cityc,9,6,cityc_r08_c05,cityc_r08_c06,cityc_r08_c07,cityc_r09_c05,cityc_r09_c06,cityc_r09_c07,cityc_r10_c05,cityc_r10_c06,cityc_r10_c07
cityc_r09_c07,cityc,9,7,cityc_r08_c06,cityc_r08_c07,cityc_r08_c08,cityc_r09_c06,cityc_r09_c07,cityc_r09_c08,cityc_r10_c06,cityc_r10_c07,cityc_r10_c08
cityc_r09_c08,cityc,9,8,cityc_r08_c07,cityc_r08_c08,cityc_r08_c09,cityc_r09_c07,cityc_r09_c08,cityc_r09_c09,cityc_r10_c07,cityc_r10_c08,cityc_r10_c09
cityc_r09_c09,cityc,9,9,cityc_r08_c08,cityc_r08_c09,cityc_r08_c10,cityc_r09_c08,cityc_r09_c09,cityc_r09_c10,cityc_r10_c08,cityc_r10_c09,cityc_r10_c10
cityc_r09_c10,cityc,9,10,cityc_r08_c09,cityc_r08_c10,cityc_r08_c11,cityc_r09_c09,cityc_r09_c10,cityc_r09_c11,cityc_r10_c09,cityc_r10_c10,cityc_r10_c11
cityc_r09_c11,cityc,9,11,cityc_r08_c10,cityc_r08_c11,cityc_r08_c12,cityc_r09_c10,cityc_r09_c11,cityc_r09_c12,cityc_r10_c10,cityc_r10_c11,cityc_r10_c12
cityc_r09_c12,cityc,9,12,cityc_r08_c11,cityc_r08_c12,cityc_r08_c13,cityc_r09_c11,cityc_r09_c12,cityc_r09_c13,cityc_r10_c11,cityc_r10_c12,cityc_r10_c13
cityc_r09_c13,cityc,9,13,cityc_r08_c12,cityc_r08_c13,cityc_r08_c14,cityc_r09_c12,cityc_r09_c13,cityc_r09_c14,cityc_r10_c12,cityc_r10_c13,cityc_r10_c14
cityc_r09_c14,cityc,9,14,cityc_r08_c13,cityc_r08_c14,cityc_r08_c15,cityc_r09_c13,cityc_r09_c14,cityc_r09_c15,cityc_r10_c13,cityc_r10_c14,cityc_r10_c15
cityc_r09_c15,cityc,9,15,cityc_r08_c14,cityc_r08_c15,,cityc_r09_c14,cityc_r09_c15,,cityc_r10_c14,cityc_r10_c15,
cityc_r10_c00,cityc,10,0,,cityc_r09_c00,cityc_r09_c01,,cityc_r10_c00,cityc_r10_c01,,cityc_r11_c00,cityc_r11_c01
cityc_r10_c01,cityc,10,1,cityc_r09_c00,cityc_r09_c01,cityc_r09_c02,cityc_r10_c00,cityc_r10_c01,cityc_r10_c02,cityc_r11_c00,cityc_r11_c01,cityc_r11_c02
cityc_r10_c02,cityc,10,2,cityc_r09_c01,cityc_r09_c02,cityc_r09_c03,cityc_r10_c01,cityc_r10_c02,cityc_r10_c03,cityc_r11_c01,cityc_r11_c02,cityc_r11_c03
cityc_r10_c03,cityc,10,3,cityc_r09_c02,cityc_r09_c03,cityc_r09_c04,cityc_r10_c02,cityc_r10_c03,cityc_r10_c04,cityc_r11_c02,cityc_r11_c03,cityc_r11_c04
cityc_r10_c04,cityc,10,4,cityc_r09_c03,cityc_r09_c04,cityc_r09_c05,cityc_r10_c03,cityc_r10_c04,cityc_r10_c05,cityc_r11_c03,cityc_r11_c04,cityc_r11_c05
cityc_r10_c05,cityc,10,5,cityc_r09_c04,cityc_r09_c05,cityc_r09_c06,cityc_r10_c04,cityc_r10_c05,cityc_r10_c06,cityc_r11_c04,cityc_r11_c05,cityc_r11_c06
cityc_r10_c06,cityc,10,6,cityc_r09_c05,cityc_r09_c06,cityc_r09_c07,cityc_r10_c05,cityc_r10_c06,cityc_r10_c07,cityc_r11_c05,cityc_r11_c06,cityc_r11_c07
cityc_r10_c07,cityc,10,7,cityc_r09_c06,cityc_r09_c07,cityc_r09_c08,cityc_r10_c06,cityc_r10_c07,cityc_r10_c08,cityc_r11_c06,cityc_r11_c07,cityc_r11_c08
cityc_r10_c08,cityc,10,8,cityc_r09_c07,cityc_r09_c08,cityc_r09_c09,cityc_r10_c07,cityc_r10_c08,cityc_r10_c09,cityc_r11_c07,cityc_r11_c08,cityc_r11_c09
cityc_r10_c09,cityc,10,9,cityc_r09_c08,cityc_r09_c09,cityc_r09_c10,cityc_r10_c08,cityc_r10_c09,cityc_r10_c10,cityc_r11_c08,cityc_r11_c09,cityc_r11_c10
cityc_r10_c10,cityc,10,10,cityc_r09_c09,cityc_r09_c10,cityc_r09_c11,cityc_r10_c09,cityc_r10_c10,cityc_r10_c11,cityc_r11_c09,cityc_r11_c10,cityc_r11_c11
cityc_r10_c11,cityc,10,11,cityc_r09_c10,cityc_r09_c11,cityc_r09_c12,cityc_r10_c10,cityc_r10_c11,cityc_r10_c12,cityc_r11_c10,cityc_r11_c11,cityc_r11_c12
cityc_r10_c12,cityc,10,12,cityc_r09_c11,cityc_r09_c12,cityc_r09_c13,cityc_r10_c11,cityc_r10_c12,cityc_r10_c13,cityc_r11_c11,cityc_r11_c12,cityc_r11_c13
cityc_r10_c13,cityc,10,13,cityc_r09_c12,cityc_r09_c13,cityc_r09_c14,cityc_r10_c12,cityc_r10_c13,cityc_r10_c14,cityc_r11_c12,cityc_r11_c13,cityc_r11_c14
cityc_r10_c14,cityc,10,14,cityc_r09_c13,cityc_r09_c14,cityc_r09_c15,cityc_r10_c13,cityc_r10_c14,cityc_r10_c15,cityc_r11_c13,cityc_r11_c14,cityc_r11_c15
cityc_r10_c15,cityc,10,15,cityc_r09_c14,cityc_r09_c15,,cityc_r10_c14,cityc_r10_c15,,cityc_r11_c14,cityc_r11_c15,
cityc_r11_c00,cityc,11,0,,cityc_r10_c00,cityc_r10_c01,,cityc_r11_c00,cityc_r11_c01,,cityc_r12_c00,cityc_r12_c01
cityc_r11_c01,cityc,11,1,cityc_r10_c00,cityc_r10_c01,cityc_r10_c02,cityc_r11_c00,cityc_r11_c01,cityc_r11_c02,cityc_r12_c00,cityc_r12_c01,cityc_r12_c02
cityc_r11_c02,cityc,11,2,cityc_r10_c01,cityc_r10_c02,cityc_r10_c03,cityc_r11_c01,cityc_r11_c02,cityc_r11_c03,cityc_r12_c01,cityc_r12_c02,cityc_r12_c03
cityc_r11_c03,cityc,11,3,cityc_r10_c02,cityc_r10_c03,cityc_r10_c04,cityc_r11_c02,cityc_r11_c03,cityc_r11_c04,cityc_r12_c02,cityc_r12_c03,cityc_r12_c04
cityc_r11_c04,cityc,11,4,cityc_r10_c03,cityc_r10_c04,cityc_r10_c05,cityc_r11_c03,cityc_r11_c04,cityc_r11_c05,cityc_r12_c03,cityc_r12_c04,cityc_r12_c05
cityc_r11_c05,cityc,11,5,cityc_r10_c04,cityc_r10_c05,cityc_r10_c06,cityc_r11_c04,cityc_r11_c05,cityc_r11_c06,cityc_r12_c04,cityc_r12_c05,cityc_r12_c06
cityc_r11_c06,cityc,11,6,cityc_r10_c05,cityc_r10_c06,cityc_r10_c07,cityc_r11_c05,cityc_r11_c06,cityc_r11_c07,cityc_r12_c05,cityc_r12_c06,cityc_r12_c07
cityc_r11_c07,cityc,11,7,cityc_r10_c06,cityc_r10_c07,cityc_r10_c08,cityc_r11_c06,cityc_r11_c07,cityc_r11_c08,cityc_r12_c06,cityc_r12_c07,cityc_r12_c08
cityc_r11_c08,cityc,11,8,cityc_r10_c07,cityc_r10_c08,cityc_r10_c09,cityc_r11_c07,cityc_r11_c08,cityc_r11_c09,cityc_r12_c07,cityc_r12_c08,cityc_r12_c09
cityc_r11_c09,cityc,11,9,cityc_r10_c08,cityc_r10_c09,cityc_r10_c10,cityc_r11_c08,cityc_r11_c09,cityc_r11_c10,cityc_r12_c08,cityc_r12_c09,cityc_r12_c10
cityc_r11_c10,cityc,11,10,cityc_r10_c09,cityc_r10_c10,cityc_r10_c11,cityc_r11_c09,cityc_r11_c10,cityc_r11_c11,cityc_r12_c09,cityc_r12_c10,cityc_r12_c11
cityc_r11_c11,cityc,11,11,cityc_r10_c10,cityc_r10_c11,cityc_r10_c12,cityc_r11_c10,cityc_r11_c11,cityc_r11_c12,cityc_r12_c10,cityc_r12_c11,cityc_r12_c12
cityc_r11_c12,cityc,11,12,cityc_r10_c11,cityc_r10_c12,cityc_r10_c13,cityc_r11_c11,cityc_r11_c12,cityc_r11_c13,cityc_r12_c11,cityc_r12_c12,cityc_r12_c13
cityc_r11_c13,cityc,11,13,cityc_r10_c12,cityc_r10_c13,cityc_r10_c14,cityc_r11_c12,cityc_r11_c13,cityc_r11_c14,cityc_r12_c12,cityc_r12_c13,cityc_r12_c14
cityc_r11_c14,cityc,11,14,cityc_r10_c13,cityc_r10_c14,cityc_r10_c15,cityc_r11_c13,cityc_r11_c14,cityc_r11_c15,cityc_r12_c13,cityc_r12_c14,cityc_r12_c15
cityc_r11_c15,cityc,11,15,cityc_r10_c14,cityc_r10_c15,,cityc_r11_c14,cityc_r11_c15,,cityc_r12_c14,cityc_r12_c15,
cityc_r12_c00,cityc,12,0,,cityc_r11_c00,cityc_r11_c01,,cityc_r12_c00,cityc_r12_c01,,cityc_r13_c00,cityc_r13_c01
cityc_r12_c01,cityc,12,1,cityc_r11_c00,cityc_r11_c01,cityc_r11_c02,cityc_r12_c00,cityc_r12_c01,cityc_r12_c02,cityc_r13_c00,cityc_r13_c01,cityc_r13_c02
cityc_r12_c02,cityc,12,2,cityc_r11_c01,cityc_r11_c02,cityc_r11_c03,cityc_r12_c01,cityc_r12_c02,cityc_r12_c03,cityc_r13_c01,cityc_r13_c02,cityc_r13_c03
cityc_r12_c03,cityc,12,3,cityc_r11_c02,cityc_r11_c03,cityc_r11_c04,cityc_r12_c02,cityc_r12_c03,cityc_r12_c04,cityc_r13_c02,cityc_r13_c03,cityc_r13_c04
cityc_r12_c04,cityc,12,4,cityc_r11_c03,cityc_r11_c04,cityc_r11_c05,cityc_r12_c03,cityc_r12_c04,cityc_r12_c05,cityc_r13_c03,cityc_r13_c04,cityc_r13_c05
cityc_r12_c05,cityc,12,5,cityc_r11_c04,cityc_r11_c05,cityc_r11_c06,cityc_r12_c04,cityc_r12_c05,cityc_r12_c06,cityc_r13_c04,cityc_r13_c05,cityc_r13_c06
cityc_r12_c06,cityc,12,6,cityc_r11_c05,cityc_r11_c06,cityc_r11_c07,cityc_r12_c05,cityc_r12_c06,cityc_r12_c07,cityc_r13_c05,cityc_r13_c06,cityc_r13_c07
cityc_r12_c07,cityc,12,7,cityc_r11_c06,cityc_r11_c07,cityc_r11_c08,cityc_r12_c06,cityc_r12_c07,cityc_r12_c08,cityc_r13_c06,cityc_r13_c07,cityc_r13_c08
cityc_r12_c08,cityc,12,8,cityc_r11_c07,cityc_r11_c08,cityc_r11_c09,cityc_r12_c07,cityc_r12_c08,cityc_r12_c09,cityc_r13_c07,cityc_r13_c08,cityc_r13_c09
cityc_r12_c09,cityc,12,9,cityc_r11_c08,cityc_r11_c09,cityc_r11_c10,cityc_r12_c08,cityc_r12_c09,cityc_r12_c10,cityc_r13_c08,cityc_r13_c09,cityc_r13_c10
cityc_r12_c10,cityc,12,10,cityc_r11_c09,cityc_r11_c10,cityc_r11_c11,cityc_r12_c09,cityc_r12_c10,cityc_r12_c11,cityc_r13_c09,cityc_r13_c10,cityc_r13_c11
cityc_r12_c11,cityc,12,11,cityc_r11_c10,cityc_r11_c11,cityc_r11_c12,cityc_r12_c10,cityc_r12_c11,cityc_r12_c12,cityc_r13_c10,cityc_r13_c11,cityc_r13_c12
cityc_r12_c12,cityc,12,12,cityc_r11_c11,cityc_r11_c12,cityc_r11_c13,cityc_r12_c11,cityc_r12_c12,cityc_r12_c13,cityc_r13_c11,cityc_r13_c12,cityc_r13_c13
cityc_r12_c13,cityc,12,13,cityc_r11_c12,cityc_r11_c13,cityc_r11_c14,cityc_r12_c12,cityc_r12_c13,cityc_r12_c14,cityc_r13_c12,cityc_r13_c13,cityc_r13_c14
cityc_r12_c14,cityc,12,14,cityc_r11_c13,cityc_r11_c14,cityc_r11_c15,cityc_r12_c13,cityc_r12_c14,cityc_r12_c15,cityc_r13_c13,cityc_r13_c14,cityc_r13_c15
cityc_r12_c15,cityc,12,15,cityc_r11_c14,cityc_r11_c15,,cityc_r12_c14,cityc_r12_c15,,cityc_r13_c14,cityc_r13_c15,
cityc_r13_c00,cityc,13,0,,cityc_r12_c00,cityc_r12_c01,,cityc_r13_c00,cityc_r13_c01,,cityc_r14_c00,cityc_r14_c01
cityc_r13_c01,cityc,13,1,cityc_r12_c00,cityc_r12_c01,cityc_r12_c02,cityc_r13_c00,cityc_r13_c01,cityc_r13_c02,cityc_r14_c00,cityc_r14_c01,cityc_r14_c02
cityc_r13_c02,cityc,13,2,cityc_r12_c01,cityc_r12_c02,cityc_r12_c03,cityc_r13_c01,cityc_r13_c02,cityc_r13_c03,cityc_r14_c01,cityc_r14_c02,cityc_r14_c03
cityc_r13_c03,cityc,13,3,cityc_r12_c02,cityc_r12_c03,cityc_r12_c04,cityc_r13_c02,cityc_r13_c03,cityc_r13_c04,cityc_r14_c02,cityc_r14_c03,cityc_r14_c04
cityc_r13_c04,cityc,13,4,cityc_r12_c03,cityc_r12_c04,cityc_r12_c05,cityc_r13_c03,cityc_r13_c04,cityc_r13_c05,cityc_r14_c03,cityc_r14_c04,cityc_r14_c05
cityc_r13_c05,cityc,13,5,cityc_r12_c04,cityc_r12_c05,cityc_r12_c06,cityc_r13_c04,cityc_r13_c05,cityc_r13_c06,cityc_r14_c04,cityc_r14_c05,cityc_r14_c06
cityc_r13_c06,cityc,13,6,cityc_r12_c05,cityc_r12_c06,cityc_r12_c07,cityc_r13_c05,cityc_r13_c06,cityc_r13_c07,cityc_r14_c05,cityc_r14_c06,cityc_r14_c07
cityc_r13_c07,cityc,13,7,cityc_r12_c06,cityc_r12_c07,cityc_r12_c08,cityc_r13_c06,cityc_r13_c07,cityc_r13_c08,cityc_r14_c06,cityc_r14_c07,cityc_r14_c08
cityc_r13_c08,cityc,13,8,cityc_r12_c07,cityc_r12_c08,cityc_r12_c09,cityc_r13_c07,cityc_r13_c08,cityc_r13_c09,cityc_r14_c07,cityc_r14_c08,cityc_r14_c09
cityc_r13_c09,cityc,13,9,cityc_r12_c08,cityc_r12_c09,cityc_r12_c10,cityc_r13_c08,cityc_r13_c09,cityc_r13_c10,cityc_r14_c08,cityc_r14_c09,cityc_r14_c10
cityc_r13_c10,cityc,13,10,cityc_r12_c09,cityc_r12_c10,cityc_r12_c11,cityc_r13_c09,cityc_r13_c10,cityc_r13_c11,cityc_r14_c09,cityc_r14_c10,cityc_r14_c11
cityc_r13_c11,cityc,13,11,cityc_r12_c10,cityc_r12_c11,cityc_r12_c12,cityc_r13_c10,cityc_r13_c11,cityc_r13_c12,cityc_r14_c10,cityc_r14_c11,cityc_r14_c12
cityc_r13_c12,cityc,13,12,cityc_r12_c11,cityc_r12_c12,cityc_r12_c13,cityc_r13_c11,cityc_r13_c12,cityc_r13_c13,cityc_r14_c11,cityc_r14_c12,cityc_r14_c13
cityc_r13_c13,cityc,13,13,cityc_r12_c12,cityc_r12_c13,cityc_r12_c14,cityc_r13_c12,cityc_r13_c13,cityc_r13_c14,cityc_r14_c12,cityc_r14_c13,cityc_r14_c14
cityc_r13_c14,cityc,13,14,cityc_r12_c13,cityc_r12_c14,cityc_r12_c15,cityc_r13_c13,cityc_r13_c14,cityc_r13_c15,cityc_r14_c13,cityc_r14_c14,cityc_r14_c15
cityc_r13_c15,cityc,13,15,cityc_r12_c14,cityc_r12_c15,,cityc_r13_c14,cityc_r13_c15,,cityc_r14_c14,cityc_r14_c15,
cityc_r14_c00,cityc,14,0,,cityc_r13_c00,cityc_r13_c01,,cityc_r14_c00,cityc_r14_c01,,cityc_r15_c00,cityc_r15_c01
cityc_r14_c01,cityc,14,1,cityc_r13_c00,cityc_r13_c01,cityc_r13_c02,cityc_r14_c00,cityc_r14_c01,cityc_r14_c02,cityc_r15_c00,cityc_r15_c01,cityc_r15_c02
cityc_r14_c02,cityc,14,2,cityc_r13_c01,cityc_r13_c02,cityc_r13_c03,cityc_r14_c01,cityc_r14_c02,cityc_r14_c03,cityc_r15_c01,cityc_r15_c02,cityc_r15_c03
cityc_r14_c03,cityc,14,3,cityc_r13_c02,cityc_r13_c03,cityc_r13_c04,cityc_r14_c02,cityc_r14_c03,cityc_r14_c04,cityc_r15_c02,cityc_r15_c03,cityc_r15_c04
cityc_r14_c04,cityc,14,4,cityc_r13_c03,cityc_r13_c04,cityc_r13_c05,cityc_r14_c03,cityc_r14_c04,cityc_r14_c05,cityc_r15_c03,cityc_r15_c04,cityc_r15_c05
cityc_r14_c05,cityc,14,5,cityc_r13_c04,cityc_r13_c05,cityc_r13_c06,cityc_r14_c04,cityc_r14_c05,cityc_r14_c06,cityc_r15_c04,cityc_r15_c05,cityc_r15_c06
cityc_r14_c06,cityc,14,6,cityc_r13_c05,cityc_r13_c06,cityc_r13_c07,cityc_r14_c05,cityc_r14_c06,cityc_r14_c07,cityc_r15_c05,cityc_r15_c06,cityc_r15_c07
cityc_r14_c07,cityc,14,7,cityc_r13_c06,cityc_r13_c07,cityc_r13_c08,cityc_r14_c06,cityc_r14_c07,cityc_r14_c08,cityc_r15_c06,cityc_r15_c07,cityc_r15_c08
cityc_r14_c08,cityc,14,8,cityc_r13_c07,cityc_r13_c08,cityc_r13_c09,cityc_r14_c07,cityc_r14_c08,cityc_r14_c09,cityc_r15_c07,cityc_r15_c08,cityc_r15_c09
cityc_r14_c09,cityc,14,9,cityc_r13_c08,cityc_r13_c09,cityc_r13_c10,cityc_r14_c08,cityc_r14_c09,cityc_r14_c10,cityc_r15_c08,cityc_r15_c09,cityc_r15_c10
cityc_r14_c10,cityc,14,10,cityc_r13_c09,cityc_r13_c10,cityc_r13_c11,cityc_r14_c09,cityc_r14_c10,cityc_r14_c11,cityc_r15_c09,cityc_r15_c10,cityc_r15_c11
cityc_r14_c11,cityc,14,11,cityc_r13_c10,cityc_r13_c11,cityc_r13_c12,cityc_r14_c10,cityc_r14_c11,cityc_r14_c12,cityc_r15_c10,cityc_r15_c11,cityc_r15_c12
cityc_r14_c12,cityc,14,12,cityc_r13_c11,cityc_r13_c12,cityc_r13_c13,cityc_r14_c11,cityc_r14_c12,cityc_r14_c13,cityc_r15_c11,cityc_r15_c12,cityc_r15_c13
cityc_r14_c13,cityc,14,13,cityc_r13_c12,cityc_r13_c13,cityc_r13_c14,cityc_r14_c12,cityc_r14_c13,cityc_r14_c14,cityc_r15_c12,cityc_r15_c13,cityc_r15_c14
cityc_r14_c14,cityc,14,14,cityc_r13_c13,cityc_r13_c14,cityc_r13_c15,cityc_r14_c13,cityc_r14_c14,cityc_r14_c15,cityc_r15_c13,cityc_r15_c14,cityc_r15_c15
cityc_r14_c15,cityc,14,15,cityc_r13_c14,cityc_r13_c15,,cityc_r14_c14,cityc_r14_c15,,cityc_r15_c14,cityc_r15_c15,
cityc_r15_c00,cityc,15,0,,cityc_r14_c00,cityc_r14_c01,,cityc_r15_c00,cityc_r15_c01,,,
cityc_r15_c01,cityc,15,1,cityc_r14_c00,cityc_r14_c01,cityc_r14_c02,cityc_r15_c00,cityc_r15_c01,cityc_r15_c02,,,
cityc_r15_c02,cityc,15,2,cityc_r14_c01,cityc_r14_c02,cityc_r14_c03,cityc_r15_c01,cityc_r15_c02,cityc_r15_c03,,,
cityc_r15_c03,cityc,15,3,cityc_r14_c02,cityc_r14_c03,cityc_r14_c04,cityc_r15_c02,cityc_r15_c03,cityc_r15_c04,,,
cityc_r15_c04,cityc,15,4,cityc_r14_c03,cityc_r14_c04,cityc_r14_c05,cityc_r15_c03,cityc_r15_c04,cityc_r15_c05,,,
cityc_r15_c05,cityc,15,5,cityc_r14_c04,cityc_r14_c05,cityc_r14_c06,cityc_r15_c04,cityc_r15_c05,cityc_r15_c06,,,
cityc_r15_c06,cityc,15,6,cityc_r14_c05,cityc_r14_c06,cityc_r14_c07,cityc_r15_c05,cityc_r15_c06,cityc_r15_c07,,,
cityc_r15_c07,cityc,15,7,cityc_r14_c06,cityc_r14_c07,cityc_r14_c08,cityc_r15_c06,cityc_r15_c07,cityc_r15_c08,,,
cityc_r15_c08,cityc,15,8,cityc_r14_c07,cityc_r14_c08,cityc_r14_c09,cityc_r15_c07,cityc_r15_c08,cityc_r15_c09,,,
cityc_r15_c09,cityc,15,9,cityc_r14_c08,cityc_r14_c09,cityc_r14_c10,cityc_r15_c08,cityc_r15_c09,cityc_r15_c10,,,
cityc_r15_c10,cityc,15,10,cityc_r14_c09,cityc_r14_c10,cityc_r14_c11,cityc_r15_c09,cityc_r15_c10,cityc_r15_c11,,,
cityc_r15_c11,cityc,15,11,cityc_r14_c10,cityc_r14_c11,cityc_r14_c12,cityc_r15_c10,cityc_r15_c11,cityc_r15_c12,,,
cityc_r15_c12,cityc,15,12,cityc_r14_c11,cityc_r14_c12,cityc_r14_c13,cityc_r15_c11,cityc_r15_c12,cityc_r15_c13,,,
cityc_r15_c13,cityc,15,13,cityc_r14_c12,cityc_r14_c13,cityc_r14_c14,cityc_r15_c12,cityc_r15_c13,cityc_r15_c14,,,
cityc_r15_c14,cityc,15,14,cityc_r14_c13,cityc_r14_c14,cityc_r14_c15,cityc_r15_c13,cityc_r15_c14,cityc_r15_c15,,,
cityc_r15_c15,cityc,15,15,cityc_r14_c14,cityc_r14_c15,,cityc_r15_c14,cityc_r15_c15,,,,
cityd_r00_c00,cityd,0,0,,,,,cityd_r00_c00,cityd_r00_c01,,cityd_r01_c00,cityd_r01_c01
cityd_r00_c01,cityd,0,1,,,,cityd_r00_c00,cityd_r00_c01,cityd_r00_c02,cityd_r01_c00,cityd_r01_c01,cityd_r01_c02
cityd_r00_c02,cityd,0,2,,,,cityd_r00_c01,cityd_r00_c02,cityd_r00_c03,cityd_r01_c01,cityd_r01_c02,cityd_r01_c03
cityd_r00_c03,cityd,0,3,,,,cityd_r00_c02,cityd_r00_c03,cityd_r00_c04,cityd_r01_c02,cityd_r01_c03,cityd_r01_c04
cityd_r00_c04,cityd,0,4,,,,cityd_r00_c03,cityd_r00_c04,cityd_r00_c05,cityd_r01_c03,cityd_r01_c04,cityd_r01_c05
cityd_r00_c05,cityd,0,5,,,,cityd_r00_c04,cityd_r00_c05,cityd_r00_c06,cityd_r01_c04,cityd_r01_c05,cityd_r01_c06
cityd_r00_c06,cityd,0,6,,,,cityd_r00_c05,cityd_r00_c06,cityd_r00_c07,cityd_r01_c05,cityd_r01_c06,cityd_r01_c07
cityd_r00_c07,cityd,0,7,,,,cityd_r00_c06,cityd_r00_c07,cityd_r00_c08,cityd_r01_c06,cityd_r01_c07,cityd_r01_c08
cityd_r00_c08,cityd,0,8,,,,cityd_r00_c07,cityd_r00_c08,cityd_r00_c09,cityd_r01_c07,cityd_r01_c08,cityd_r01_c09
cityd_r00_c09,cityd,0,9,,,,cityd_r00_c08,cityd_r00_c09,cityd_r00_c10,cityd_r01_c08,cityd_r01_c09,cityd_r01_c10
cityd_r00_c10,cityd,0,10,,,,cityd_r00_c09,cityd_r00_c10,cityd_r00_c11,cityd_r01_c09,cityd_r01_c10,cityd_r01_c11
cityd_r00_c11,cityd,0,11,,,,cityd_r00_c10,cityd_r00_c11,cityd_r00_c12,cityd_r01_c10,cityd_r01_c11,cityd_r01_c12
cityd_r00_c12,cityd,0,12,,,,cityd_r00_c11,cityd_r00_c12,cityd_r00_c13,cityd_r01_c11,cityd_r01_c12,cityd_r01_c13
cityd_r00_c13,cityd,0,13,,,,cityd_r00_c12,cityd_r00_c13,cityd_r00_c14,cityd_r01_c12,cityd_r01_c13,cityd_r01_c14
cityd_r00_c14,cityd,0,14,,,,cityd_r00_c13,cityd_r00_c14,cityd_r00_c15,cityd_r01_c13,cityd_r01_c14,cityd_r01_c15
cityd_r00_c15,cityd,0,15,,,,cityd_r00_c14,cityd_r00_c15,,cityd_r01_c14,cityd_r01_c15,
cityd_r01_c00,cityd,1,0,,cityd_r00_c00,cityd_r00_c01,,cityd_r01_c00,cityd_r01_c01,,cityd_r02_c00,cityd_r02_c01
cityd_r01_c01,cityd,1,1,cityd_r00_c00,cityd_r00_c01,cityd_r00_c02,cityd_r01_c00,cityd_r01_c01,cityd_r01_c02,cityd_r02_c00,cityd_r02_c01,cityd_r02_c02
cityd_r01_c02,cityd,1,2,cityd_r00_c01,cityd_r00_c02,cityd_r00_c03,cityd_r01_c01,cityd_r01_c02,cityd_r01_c03,cityd_r02_c01,cityd_r02_c02,cityd_r02_c03
cityd_r01_c03,cityd,1,3,cityd_r00_c02,cityd_r00_c03,cityd_r00_c04,cityd_r01_c02,cityd_r01_c03,cityd_r01_c04,cityd_r02_c02,cityd_r02_c03,cityd_r02_c04
cityd_r01_c04,cityd,1,4,cityd_r00_c03,cityd_r00_c04,cityd_r00_c05,cityd_r01_c03,cityd_r01_c04,cityd_r01_c05,cityd_r02_c03,cityd_r02_c04,cityd_r02_c05
cityd_r01_c05,cityd,1,5,cityd_r00_c04,cityd_r00_c05,cityd_r00_c06,cityd_r01_c04,cityd_r01_c05,cityd_r01_c06,cityd_r02_c04,cityd_r02_c05,cityd_r02_c06
cityd_r01_c06,cityd,1,6,cityd_r00_c05,cityd_r00_c06,cityd_r00_c07,cityd_r01_c05,cityd_r01_c06,cityd_r01_c07,cityd_r02_c05,cityd_r02_c06,cityd_r02_c07
cityd_r01_c07,cityd,1,7,cityd_r00_c06,cityd_r00_c07,cityd_r00_c08,cityd_r01_c06,cityd_r01_c07,cityd_r01_c08,cityd_r02_c06,cityd_r02_c07,cityd_r02_c08
cityd_r01_c08,cityd,1,8,cityd_r00_c07,cityd_r00_c08,cityd_r00_c09,cityd_r01_c07,cityd_r01_c08,cityd_r01_c09,cityd_r02_c07,cityd_r02_c08,cityd_r02_c09
cityd_r01_c09,cityd,1,9,cityd_r00_c08,cityd_r00_c09,cityd_r00_c10,cityd_r01_c08,cityd_r01_c09,cityd_r01_c10,cityd_r02_c08,cityd_r02_c09,cityd_r02_c10
cityd_r01_c10,cityd,1,10,cityd_r00_c09,cityd_r00_c10,cityd_r00_c11,cityd_r01_c09,cityd_r01_c10,cityd_r01_c11,cityd_r02_c09,cityd_r02_c10,cityd_r02_c11
cityd_r01_c11,cityd,1,11,cityd_r00_c10,cityd_r00_c11,cityd_r00_c12,cityd_r01_c10,cityd_r01_c11,cityd_r01_c12,cityd_r02_c10,cityd_r02_c11,cityd_r02_c12
cityd_r01_c12,cityd,1,12,cityd_r00_c11,cityd_r00_c12,cityd_r00_c13,cityd_r01_c11,cityd_r01_c12,cityd_r01_c13,cityd_r02_c11,cityd_r02_c12,cityd_r02_c13
cityd_r01_c13,cityd,1,13,cityd_r00_c12,cityd_r00_c13,cityd_r00_c14,cityd_r01_c12,cityd_r01_c13,cityd_r01_c14,cityd_r02_c12,cityd_r02_c13,cityd_r02_c14
cityd_r01_c14,cityd,1,14,cityd_r00_c13,cityd_r00_c14,cityd_r00_c15,cityd_r01_c13,cityd_r01_c14,cityd_r01_c15,cityd_r02_c13,cityd_r02_c14,cityd_r02_c15
cityd_r01_c15,cityd,1,15,cityd_r00_c14,cityd_r00_c15,,cityd_r01_c14,cityd_r01_c15,,cityd_r02_c14,cityd_r02_c15,
cityd_r02_c00,cityd,2,0,,cityd_r01_c00,cityd_r01_c01,,cityd_r02_c00,cityd_r02_c01,,cityd_r03_c00,cityd_r03_c01
cityd_r02_c01,cityd,2,1,cityd_r01_c00,cityd_r01_c01,cityd_r01_c02,cityd_r02_c00,cityd_r02_c01,cityd_r02_c02,cityd_r03_c00,cityd_r03_c01,cityd_r03_c02
cityd_r02_c02,cityd,2,2,cityd_r01_c01,cityd_r01_c02,cityd_r01_c03,cityd_r02_c01,cityd_r02_c02,cityd_r02_c03,cityd_r03_c01,cityd_r03_c02,cityd_r03_c03
cityd_r02_c03,cityd,2,3,cityd_r01_c02,cityd_r01_c03,cityd_r01_c04,cityd_r02_c02,cityd_r02_c03,cityd_r02_c04,cityd_r03_c02,cityd_r03_c03,cityd_r03_c04
cityd_r02_c04,cityd,2,4,cityd_r01_c03,cityd_r01_c04,cityd_r01_c05,cityd_r02_c03,cityd_r02_c04,cityd_r02_c05,cityd_r03_c03,cityd_r03_c04,cityd_r03_c05
cityd_r02_c05,cityd,2,5,cityd_r01_c04,cityd_r01_c05,cityd_r01_c06,cityd_r02_c04,cityd_r02_c05,cityd_r02_c06,cityd_r03_c04,cityd_r03_c05,cityd_r03_c06
cityd_r02_c06,cityd,2,6,cityd_r01_c05,cityd_r01_c06,cityd_r01_c07,cityd_r02_c05,cityd_r02_c06,cityd_r02_c07,cityd_r03_c05,cityd_r03_c06,cityd_r03_c07
cityd_r02_c07,cityd,2,7,cityd_r01_c06,cityd_r01_c07,cityd_r01_c08,cityd_r02_c06,cityd_r02_c07,cityd_r02_c08,cityd_r03_c06,cityd_r03_c07,cityd_r03_c08
cityd_r02_c08,cityd,2,8,cityd_r01_c07,cityd_r01_c08,cityd_r01_c09,cityd_r02_c07,cityd_r02_c08,cityd_r02_c09,cityd_r03_c07,cityd_r03_c08,cityd_r03_c09
cityd_r02_c09,cityd,2,9,cityd_r01_c08,cityd_r01_c09,cityd_r01_c10,cityd_r02_c08,cityd_r02_c09,cityd_r02_c10,cityd_r03_c08,cityd_r03_c09,cityd_r03_c10
cityd_r02_c10,cityd,2,10,cityd_r01_c09,cityd_r01_c10,cityd_r01_c11,cityd_r02_c09,cityd_r02_c10,cityd_r02_c11,cityd_r03_c09,cityd_r03_c10,cityd_r03_c11
cityd_r02_c11,cityd,2,11,cityd_r01_c10,cityd_r01_c11,cityd_r01_c12,cityd_r02_c10,cityd_r02_c11,cityd_r02_c12,cityd_r03_c10,cityd_r03_c11,cityd_r03_c12
cityd_r02_c12,cityd,2,12,cityd_r01_c11,cityd_r01_c12,cityd_r01_c13,cityd_r02_c11,cityd_r02_c12,cityd_r02_c13,cityd_r03_c11,cityd_r03_c12,cityd_r03_c13
cityd_r02_c13,cityd,2,13,cityd_r01_c12,cityd_r01_c13,cityd_r01_c14,cityd_r02_c12,cityd_r02_c13,cityd_r02_c14,cityd_r03_c12,cityd_r03_c13,cityd_r03_c14
cityd_r02_c14,cityd,2,14,cityd_r01_c13,cityd_r01_c14,cityd_r01_c15,cityd_r02_c13,cityd_r02_c14,cityd_r02_c15,cityd_r03_c13,cityd_r03_c14,cityd_r03_c15
cityd_r02_c15,cityd,2,15,cityd_r01_c14,cityd_r01_c15,,cityd_r02_c14,cityd_r02_c15,,cityd_r03_c14,cityd_r03_c15,
cityd_r03_c00,cityd,3,0,,cityd_r02_c00,cityd_r02_c01,,cityd_r03_c00,cityd_r03_c01,,cityd_r04_c00,cityd_r04_c01
cityd_r03_c01,cityd,3,1,cityd_r02_c00,cityd_r02_c01,cityd_r02_c02,cityd_r03_c00,cityd_r03_c01,cityd_r03_c02,cityd_r04_c00,cityd_r04_c01,cityd_r04_c02
cityd_r03_c02,cityd,3,2,cityd_r02_c01,cityd_r02_c02,cityd_r02_c03,cityd_r03_c01,cityd_r03_c02,cityd_r03_c03,cityd_r04_c01,cityd_r04_c02,cityd_r04_c03
cityd_r03_c03,cityd,3,3,cityd_r02_c02,cityd_r02_c03,cityd_r02_c04,cityd_r03_c02,cityd_r03_c03,cityd_r03_c04,cityd_r04_c02,cityd_r04_c03,cityd_r04_c04
cityd_r03_c04,cityd,3,4,cityd_r02_c03,cityd_r02_c04,cityd_r02_c05,cityd_r03_c03,cityd_r03_c04,cityd_r03_c05,cityd_r04_c03,cityd_r04_c04,cityd_r04_c05
cityd_r03_c05,cityd,3,5,cityd_r02_c04,cityd_r02_c05,cityd_r02_c06,cityd_r03_c04,cityd_r03_c05,cityd_r03_c06,cityd_r04_c04,cityd_r04_c05,cityd_r04_c06
cityd_r03_c06,cityd,3,6,cityd_r02_c05,cityd_r02_c06,cityd_r02_c07,cityd_r03_c05,cityd_r03_c06,cityd_r03_c07,cityd_r04_c05,cityd_r04_c06,cityd_r04_c07
cityd_r03_c07,cityd,3,7,cityd_r02_c06,cityd_r02_c07,cityd_r02_c08,cityd_r03_c06,cityd_r03_c07,cityd_r03_c08,cityd_r04_c06,cityd_r04_c07,cityd_r04_c08
cityd_r03_c08,cityd,3,8,cityd_r02_c07,cityd_r02_c08,cityd_r02_c09,cityd_r03_c07,cityd_r03_c08,cityd_r03_c09,cityd_r04_c07,cityd_r04_c08,cityd_r04_c09
cityd_r03_c09,cityd,3,9,cityd_r02_c08,cityd_r02_c09,cityd_r02_c10,cityd_r03_c08,cityd_r03_c09,cityd_r03_c10,cityd_r04_c08,cityd_r04_c09,cityd_r04_c10
cityd_r03_c10,cityd,3,10,cityd_r02_c09,cityd_r02_c10,cityd_r02_c11,cityd_r03_c09,cityd_r03_c10,cityd_r03_c11,cityd_r04_c09,cityd_r04_c10,cityd_r04_c11
cityd_r03_c11,cityd,3,11,cityd_r02_c10,cityd_r02_c11,cityd_r02_c12,cityd_r03_c10,cityd_r03_c11,cityd_r03_c12,cityd_r04_c10,cityd_r04_c11,cityd_r04_c12
cityd_r03_c12,cityd,3,12,cityd_r02_c11,cityd_r02_c12,cityd_r02_c13,cityd_r03_c11,cityd_r03_c12,cityd_r03_c13,cityd_r04_c11,cityd_r04_c12,cityd_r04_c13
cityd_r03_c13,cityd,3,13,cityd_r02_c12,cityd_r02_c13,cityd_r02_c14,cityd_r03_c12,cityd_r03_c13,cityd_r03_c14,cityd_r04_c12,cityd_r04_c13,cityd_r04_c14
cityd_r03_c14,cityd,3,14,cityd_r02_c13,cityd_r02_c14,cityd_r02_c15,cityd_r03_c13,cityd_r03_c14,cityd_r03_c15,cityd_r04_c13,cityd_r04_c14,cityd_r04_c15
cityd_r03_c15,cityd,3,15,cityd_r02_c14,cityd_r02_c15,,cityd_r03_c14,cityd_r03_c15,,cityd_r04_c14,cityd_r04_c15,
cityd_r04_c00,cityd,4,0,,cityd_r03_c00,cityd_r03_c01,,cityd_r04_c00,cityd_r04_c01,,cityd_r05_c00,cityd_r05_c01
cityd_r04_c01,cityd,4,1,cityd_r03_c00,cityd_r03_c01,cityd_r03_c02,cityd_r04_c00,cityd_r04_c01,cityd_r04_c02,cityd_r05_c00,cityd_r05_c01,cityd_r05_c02
cityd_r04_c02,cityd,4,2,cityd_r03_c01,cityd_r03_c02,cityd_r03_c03,cityd_r04_c01,cityd_r04_c02,cityd_r04_c03,cityd_r05_c01,cityd_r05_c02,cityd_r05_c03
cityd_r04_c03,cityd,4,3,cityd_r03_c02,cityd_r03_c03,cityd_r03_c04,cityd_r04_c02,cityd_r04_c03,cityd_r04_c04,cityd_r05_c02,cityd_r05_c03,cityd_r05_c04
cityd_r04_c04,cityd,4,4,cityd_r03_c03,cityd_r03_c04,cityd_r03_c05,cityd_r04_c03,cityd_r04_c04,cityd_r04_c05,cityd_r05_c03,cityd_r05_c04,cityd_r05_c05
cityd_r04_c05,cityd,4,5,cityd_r03_c04,cityd_r03_c05,cityd_r03_c06,cityd_r04_c04,cityd_r04_c05,cityd_r04_c06,cityd_r05_c04,cityd_r05_c05,cityd_r05_c06
cityd_r04_c06,cityd,4,6,cityd_r03_c05,cityd_r03_c06,cityd_r03_c07,cityd_r04_c05,cityd_r04_c06,cityd_r04_c07,cityd_r05_c05,cityd_r05_c06,cityd_r05_c07
cityd_r04_c07,cityd,4,7,cityd_r03_c06,cityd_r03_c07,cityd_r03_c08,cityd_r04_c06,cityd_r04_c07,cityd_r04_c08,cityd_r05_c06,cityd_r05_c07,cityd_r05_c08
cityd_r04_c08,cityd,4,8,cityd_r03_c07,cityd_r03_c08,cityd_r03_c09,cityd_r04_c07,cityd_r04_c08,cityd_r04_c09,cityd_r05_c07,cityd_r05_c08,cityd_r05_c09
cityd_r04_c09,cityd,4,9,cityd_r03_c08,cityd_r03_c09,cityd_r03_c10,cityd_r04_c08,cityd_r04_c09,cityd_r04_c10,cityd_r05_c08,cityd_r05_c09,cityd_r05_c10
cityd_r04_c10,cityd,4,10,cityd_r03_c09,cityd_r03_c10,cityd_r03_c11,cityd_r04_c09,cityd_r04_c10,cityd_r04_c11,cityd_r05_c09,cityd_r05_c10,cityd_r05_c11
cityd_r04_c11,cityd,4,11,cityd_r03_c10,cityd_r03_c11,cityd_r03_c12,cityd_r04_c10,cityd_r04_c11,cityd_r04_c12,cityd_r05_c10,cityd_r05_c11,cityd_r05_c12
cityd_r04_c12,cityd,4,12,cityd_r03_c11,cityd_r03_c12,cityd_r03_c13,cityd_r04_c11,cityd_r04_c12,cityd_r04_c13,cityd_r05_c11,cityd_r05_c12,cityd_r05_c13
cityd_r04_c13,cityd,4,13,cityd_r03_c12,cityd_r03_c13,cityd_r03_c14,cityd_r04_c12,cityd_r04_c13,cityd_r04_c14,cityd_r05_c12,cityd_r05_c13,cityd_r05_c14
cityd_r04_c14,cityd,4,14,cityd_r03_c13,cityd_r03_c14,cityd_r03_c15,cityd_r04_c13,cityd_r04_c14,cityd_r04_c15,cityd_r05_c13,cityd_r05_c14,cityd_r05_c15
cityd_r04_c15,cityd,4,15,cityd_r03_c14,cityd_r03_c15,,cityd_r04_c14,cityd_r04_c15,,cityd_r05_c14,cityd_r05_c15,
cityd_r05_c00,cityd,5,0,,cityd_r04_c00,cityd_r04_c01,,cityd_r05_c00,cityd_r05_c01,,cityd_r06_c00,cityd_r06_c01
cityd_r05_c01,cityd,5,1,cityd_r04_c00,cityd_r04_c01,cityd_r04_c02,cityd_r05_c00,cityd_r05_c01,cityd_r05_c02,cityd_r06_c00,cityd_r06_c01,cityd_r06_c02
cityd_r05_c02,cityd,5,2,cityd_r04_c01,cityd_r04_c02,cityd_r04_c03,cityd_r05_c01,cityd_r05_c02,cityd_r05_c03,cityd_r06_c01,cityd_r06_c02,cityd_r06_c03
cityd_r05_c03,cityd,5,3,cityd_r04_c02,cityd_r04_c03,cityd_r04_c04,cityd_r05_c02,cityd_r05_c03,cityd_r05_c04,cityd_r06_c02,cityd_r06_c03,cityd_r06_c04
cityd_r05_c04,cityd,5,4,cityd_r04_c03,cityd_r04_c04,cityd_r04_c05,cityd_r05_c03,cityd_r05_c04,cityd_r05_c05,cityd_r06_c03,cityd_r06_c04,cityd_r06_c05
cityd_r05_c05,cityd,5,5,cityd_r04_c04,cityd_r04_c05,cityd_r04_c06,cityd_r05_c04,cityd_r05_c05,cityd_r05_c06,cityd_r06_c04,cityd_r06_c05,cityd_r06_c06
cityd_r05_c06,cityd,5,6,cityd_r04_c05,cityd_r04_c06,cityd_r04_c07,cityd_r05_c05,cityd_r05_c06,cityd_r05_c07,cityd_r06_c05,cityd_r06_c06,cityd_r06_c07
cityd_r05_c07,cityd,5,7,cityd_r04_c06,cityd_r04_c07,cityd_r04_c08,cityd_r05_c06,cityd_r05_c07,cityd_r05_c08,cityd_r06_c06,cityd_r06_c07,cityd_r06_c08
cityd_r05_c08,cityd,5,8,cityd_r04_c07,cityd_r04_c08,cityd_r04_c09,cityd_r05_c07,cityd_r05_c08,cityd_r05_c09,cityd_r06_c07,cityd_r06_c08,cityd_r06_c09
cityd_r05_c09,cityd,5,9,cityd_r04_c08,cityd_r04_c09,cityd_r04_c10,cityd_r05_c08,cityd_r05_c09,cityd_r05_c10,cityd_r06_c08,cityd_r06_c09,cityd_r06_c10
cityd_r05_c10,cityd,5,10,cityd_r04_c09,cityd_r04_c10,cityd_r04_c11,cityd_r05_c09,cityd_r05_c10,cityd_r05_c11,cityd_r06_c09,cityd_r06_c10,cityd_r06_c11
cityd_r05_c11,cityd,5,11,cityd_r04_c10,cityd_r04_c11,cityd_r04_c12,cityd_r05_c10,cityd_r05_c11,cityd_r05_c12,cityd_r06_c10,cityd_r06_c11,cityd_r06_c12
cityd_r05_c12,cityd,5,12,cityd_r04_c11,cityd_r04_c12,cityd_r04_c13,cityd_r05_c11,cityd_r05_c12,cityd_r05_c13,cityd_r06_c11,cityd_r06_c12,cityd_r06_c13
cityd_r05_c13,cityd,5,13,cityd_r04_c12,cityd_r04_c13,cityd_r04_c14,cityd_r05_c12,cityd_r05_c13,cityd_r05_c14,cityd_r06_c12,cityd_r06_c13,cityd_r06_c14
cityd_r05_c14,cityd,5,14,cityd_r04_c13,cityd_r04_c14,cityd_r04_c15,cityd_r05_c13,cityd_r05_c14,cityd_r05_c15,cityd_r06_c13,cityd_r06_c14,cityd_r06_c15
cityd_r05_c15,cityd,5,15,cityd_r04_c14,cityd_r04_c15,,cityd_r05_c14,cityd_r05_c15,,cityd_r06_c14,cityd_r06_c15,
cityd_r06_c00,cityd,6,0,,cityd_r05_c00,cityd_r05_c01,,cityd_r06_c00,cityd_r06_c01,,cityd_r07_c00,cityd_r07_c01
cityd_r06_c01,cityd,6,1,cityd_r05_c00,cityd_r05_c01,cityd_r05_c02,cityd_r06_c00,cityd_r06_c01,cityd_r06_c02,cityd_r07_c00,cityd_r07_c01,cityd_r07_c02
cityd_r06_c02,cityd,6,2,cityd_r05_c01,cityd_r05_c02,cityd_r05_c03,cityd_r06_c01,cityd_r06_c02,cityd_r06_c03,cityd_r07_c01,cityd_r07_c02,cityd_r07_c03
cityd_r06_c03,cityd,6,3,cityd_r05_c02,cityd_r05_c03,cityd_r05_c04,cityd_r06_c02,cityd_r06_c03,cityd_r06_c04,cityd_r07_c02,cityd_r07_c03,cityd_r07_c04
cityd_r06_c04,cityd,6,4,cityd_r05_c03,cityd_r05_c04,cityd_r05_c05,cityd_r06_c03,cityd_r06_c04,cityd_r06_c05,cityd_r07_c03,cityd_r07_c04,cityd_r07_c05
cityd_r06_c05,cityd,6,5,cityd_r05_c04,cityd_r05_c05,cityd_r05_c06,cityd_r06_c04,cityd_r06_c05,cityd_r06_c06,cityd_r07_c04,cityd_r07_c05,cityd_r07_c06
cityd_r06_c06,cityd,6,6,cityd_r05_c05,cityd_r05_c06,cityd_r05_c07,cityd_r06_c05,cityd_r06_c06,cityd_r06_c07,cityd_r07_c05,cityd_r07_c06,cityd_r07_c07
cityd_r06_c07,cityd,6,7,cityd_r05_c06,cityd_r05_c07,cityd_r05_c08,cityd_r06_c06,cityd_r06_c07,cityd_r06_c08,cityd_r07_c06,cityd_r07_c07,cityd_r07_c08
cityd_r06_c08,cityd,6,8,cityd_r05_c07,cityd_r05_c08,cityd_r05_c09,cityd_r06_c07,cityd_r06_c08,cityd_r06_c09,cityd_r07_c07,cityd_r07_c08,cityd_r07_c09
cityd_r06_c09,cityd,6,9,cityd_r05_c08,cityd_r05_c09,cityd_r05_c10,cityd_r06_c08,cityd_r06_c09,cityd_r06_c10,cityd_r07_c08,cityd_r07_c09,cityd_r07_c10
cityd_r06_c10,cityd,6,10,cityd_r05_c09,cityd_r05_c10,cityd_r05_c11,cityd_r06_c09,cityd_r06_c10,cityd_r06_c11,cityd_r07_c09,cityd_r07_c10,cityd_r07_c11
cityd_r06_c11,cityd,6,11,cityd_r05_c10,cityd_r05_c11,cityd_r05_c12,cityd_r06_c10,cityd_r06_c11,cityd_r06_c12,cityd_r07_c10,cityd_r07_c11,cityd_r07_c12
cityd_r06_c12,cityd,6,12,cityd_r05_c11,cityd_r05_c12,cityd_r05_c13,cityd_r06_c11,cityd_r06_c12,cityd_r06_c13,cityd_r07_c11,cityd_r07_c12,cityd_r07_c13
cityd_r06_c13,cityd,6,13,cityd_r05_c12,cityd_r05_c13,cityd_r05_c14,cityd_r06_c12,cityd_r06_c13,cityd_r06_c14,cityd_r07_c12,cityd_r07_c13,cityd_r07_c14
cityd_r06_c14,cityd,6,14,cityd_r05_c13,cityd_r05_c14,cityd_r05_c15,cityd_r06_c13,cityd_r06_c14,cityd_r06_c15,cityd_r07_c13,cityd_r07_c14,cityd_r07_c15
cityd_r06_c15,cityd,6,15,cityd_r05_c14,cityd_r05_c15,,cityd_r06_c14,cityd_r06_c15,,cityd_r07_c14,cityd_r07_c15,
cityd_r07_c00,cityd,7,0,,cityd_r06_c00,cityd_r06_c01,,cityd_r07_c00,cityd_r07_c01,,cityd_r08_c00,cityd_r08_c01
cityd_r07_c01,cityd,7,1,cityd_r06_c00,cityd_r06_c01,cityd_r06_c02,cityd_r07_c00,cityd_r07_c01,cityd_r07_c02,cityd_r08_c00,cityd_r08_c01,cityd_r08_c02
cityd_r07_c02,cityd,7,2,cityd_r06_c01,cityd_r06_c02,cityd_r06_c03,cityd_r07_c01,cityd_r07_c02,cityd_r07_c03,cityd_r08_c01,cityd_r08_c02,cityd_r08_c03
cityd_r07_c03,cityd,7,3,cityd_r06_c02,cityd_r06_c03,cityd_r06_c04,cityd_r07_c02,cityd_r07_c03,cityd_r07_c04,cityd_r08_c02,cityd_r08_c03,cityd_r08_c04
cityd_r07_c04,cityd,7,4,cityd_r06_c03,cityd_r06_c04,cityd_r06_c05,cityd_r07_c03,cityd_r07_c04,cityd_r07_c05,cityd_r08_c03,cityd_r08_c04,cityd_r08_c05
cityd_r07_c05,cityd,7,5,cityd_r06_c04,cityd_r06_c05,cityd_r06_c06,cityd_r07_c04,cityd_r07_c05,cityd_r07_c06,cityd_r08_c04,cityd_r08_c05,cityd_r08_c06
cityd_r07_c06,cityd,7,6,cityd_r06_c05,cityd_r06_c06,cityd_r06_c07,cityd_r07_c05,cityd_r07_c06,cityd_r07_c07,cityd_r08_c05,cityd_r08_c06,cityd_r08_c07
cityd_r07_c07,cityd,7,7,cityd_r06_c06,cityd_r06_c07,cityd_r06_c08,cityd_r07_c06,cityd_r07_c07,cityd_r07_c08,cityd_r08_c06,cityd_r08_c07,cityd_r08_c08
cityd_r07_c08,cityd,7,8,cityd_r06_c07,cityd_r06_c08,cityd_r06_c09,cityd_r07_c07,cityd_r07_c08,cityd_r07_c09,cityd_r08_c07,cityd_r08_c08,cityd_r08_c09
cityd_r07_c09,cityd,7,9,cityd_r06_c08,cityd_r06_c09,cityd_r06_c10,cityd_r07_c08,cityd_r07_c09,cityd_r07_c10,cityd_r08_c08,cityd_r08_c09,cityd_r08_c10
cityd_r07_c10,cityd,7,10,cityd_r06_c09,cityd_r06_c10,cityd_r06_c11,cityd_r07_c09,cityd_r07_c10,cityd_r07_c11,cityd_r08_c09,cityd_r08_c10,cityd_r08_c11
cityd_r07_c11,cityd,7,11,cityd_r06_c10,cityd_r06_c11,cityd_r06_c12,cityd_r07_c10,cityd_r07_c11,cityd_r07_c12,cityd_r08_c10,cityd_r08_c11,cityd_r08_c12
cityd_r07_c12,cityd,7,12,cityd_r06_c11,cityd_r06_c12,cityd_r06_c13,cityd_r07_c11,cityd_r07_c12,cityd_r07_c13,cityd_r08_c11,cityd_r08_c12,cityd_r08_c13
cityd_r07_c13,cityd,7,13,cityd_r06_c12,cityd_r06_c13,cityd_r06_c14,cityd_r07_c12,cityd_r07_c13,cityd_r07_c14,cityd_r08_c12,cityd_r08_c13,cityd_r08_c14
cityd_r07_c14,cityd,7,14,cityd_r06_c13,cityd_r06_c14,cityd_r06_c15,cityd_r07_c13,cityd_r07_c14,cityd_r07_c15,cityd_r08_c13,cityd_r08_c14,cityd_r08_c15
cityd_r07_c15,cityd,7,15,cityd_r06_c14,cityd_r06_c15,,cityd_r07_c14,cityd_r07_c15,,cityd_r08_c14,cityd_r08_c15,
cityd_r08_c00,cityd,8,0,,cityd_r07_c00,cityd_r07_c01,,cityd_r08_c00,cityd_r08_c01,,cityd_r09_c00,cityd_r09_c01
cityd_r08_c01,cityd,8,1,cityd_r07_c00,cityd_r07_c01,cityd_r07_c02,cityd_r08_c00,cityd_r08_c01,cityd_r08_c02,cityd_r09_c00,cityd_r09_c01,cityd_r09_c02
cityd_r08_c02,cityd,8,2,cityd_r07_c01,cityd_r07_c02,cityd_r07_c03,cityd_r08_c01,cityd_r08_c02,cityd_r08_c03,cityd_r09_c01,cityd_r09_c02,cityd_r09_c03
cityd_r08_c03,cityd,8,3,cityd_r07_c02,cityd_r07_c03,cityd_r07_c04,cityd_r08_c02,cityd_r08_c03,cityd_r08_c04,cityd_r09_c02,cityd_r09_c03,cityd_r09_c04
cityd_r08_c04,cityd,8,4,cityd_r07_c03,cityd_r07_c04,cityd_r07_c05,cityd_r08_c03,cityd_r08_c04,cityd_r08_c05,cityd_r09_c03,cityd_r09_c04,cityd_r09_c05
cityd_r08_c05,cityd,8,5,cityd_r07_c04,cityd_r07_c05,cityd_r07_c06,cityd_r08_c04,cityd_r08_c05,cityd_r08_c06,cityd_r09_c04,cityd_r09_c05,cityd_r09_c06
cityd_r08_c06,cityd,8,6,cityd_r07_c05,cityd_r07_c06,cityd_r07_c07,cityd_r08_c05,cityd_r08_c06,cityd_r08_c07,cityd_r09_c05,cityd_r09_c06,cityd_r09_c07
cityd_r08_c07,cityd,8,7,cityd_r07_c06,cityd_r07_c07,cityd_r07_c08,cityd_r08_c06,cityd_r08_c07,cityd_r08_c08,cityd_r09_c06,cityd_r09_c07,cityd_r09_c08
cityd_r08_c08,cityd,8,8,cityd_r07_c07,cityd_r07_c08,cityd_r07_c09,cityd_r08_c07,cityd_r08_c08,cityd_r08_c09,cityd_r09_c07,cityd_r09_c08,cityd_r09_c09
cityd_r08_c09,cityd,8,9,cityd_r07_c08,cityd_r07_c09,cityd_r07_c10,cityd_r08_c08,cityd_r08_c09,cityd_r08_c10,cityd_r09_c08,cityd_r09_c09,cityd_r09_c10
cityd_r08_c10,cityd,8,10,cityd_r07_c09,cityd_r07_c10,cityd_r07_c11,cityd_r08_c09,cityd_r08_c10,cityd_r08_c11,cityd_r09_c09,cityd_r09_c10,cityd_r09_c11
cityd_r08_c11,cityd,8,11,cityd_r07_c10,cityd_r07_c11,cityd_r07_c12,cityd_r08_c10,cityd_r08_c11,cityd_r08_c12,cityd_r09_c10,cityd_r09_c11,cityd_r09_c12
cityd_r08_c12,cityd,8,12,cityd_r07_c11,cityd_r07_c12,cityd_r07_c13,cityd_r08_c11,cityd_r08_c12,cityd_r08_c13,cityd_r09_c11,cityd_r09_c12,cityd_r09_c13
cityd_r08_c13,cityd,8,13,cityd_r07_c12,cityd_r07_c13,cityd_r07_c14,cityd_r08_c12,cityd_r08_c13,cityd_r08_c14,cityd_r09_c12,cityd_r09_c13,cityd_r09_c14
cityd_r08_c14,cityd,8,14,cityd_r07_c13,cityd_r07_c14,cityd_r07_c15,cityd_r08_c13,cityd_r08_c14,cityd_r08_c15,cityd_r09_c13,cityd_r09_c14,cityd_r09_c15
cityd_r08_c15,cityd,8,15,cityd_r07_c14,cityd_r07_c15,,cityd_r08_c14,cityd_r08_c15,,cityd_r09_c14,cityd_r09_c15,
cityd_r09_c00,cityd,9,0,,cityd_r08_c00,cityd_r08_c01,,cityd_r09_c00,cityd_r09_c01,,cityd_r10_c00,cityd_r10_c01
cityd_r09_c01,cityd,9,1,cityd_r08_c00,cityd_r08_c01,cityd_r08_c02,cityd_r09_c00,cityd_r09_c01,cityd_r09_c02,cityd_r10_c00,cityd_r10_c01,cityd_r10_c02
cityd_r09_c02,cityd,9,2,cityd_r08_c01,cityd_r08_c02,cityd_r08_c03,cityd_r09_c01,cityd_r09_c02,cityd_r09_c03,cityd_r10_c01,cityd_r10_c02,cityd_r10_c03
cityd_r09_c03,cityd,9,3,cityd_r08_c02,cityd_r08_c03,cityd_r08_c04,cityd_r09_c02,cityd_r09_c03,cityd_r09_c04,cityd_r10_c02,cityd_r10_c03,cityd_r10_c04
cityd_r09_c04,cityd,9,4,cityd_r08_c03,cityd_r08_c04,cityd_r08_c05,cityd_r09_c03,cityd_r09_c04,cityd_r09_c05,cityd_r10_c03,cityd_r10_c04,cityd_r10_c05
cityd_r09_c05,cityd,9,5,cityd_r08_c04,cityd_r08_c05,cityd_r08_c06,cityd_r09_c04,cityd_r09_c05,cityd_r09_c06,cityd_r10_c04,cityd_r10_c05,cityd_r10_c06
cityd_r09_c06,cityd,9,6,cityd_r08_c05,cityd_r08_c06,cityd_r08_c07,cityd_r09_c05,cityd_r09_c06,cityd_r09_c07,cityd_r10_c05,cityd_r10_c06,cityd_r10_c07
cityd_r09_c07,cityd,9,7,cityd_r08_c06,cityd_r08_c07,cityd_r08_c08,cityd_r09_c06,cityd_r09_c07,cityd_r09_c08,cityd_r10_c06,cityd_r10_c07,cityd_r10_c08
cityd_r09_c08,cityd,9,8,cityd_r08_c07,cityd_r08_c08,cityd_r08_c09,cityd_r09_c07,cityd_r09_c08,cityd_r09_c09,cityd_r10_c07,cityd_r10_c08,cityd_r10_c09
cityd_r09_c09,cityd,9,9,cityd_r08_c08,cityd_r08_c09,cityd_r08_c10,cityd_r09_c08,cityd_r09_c09,cityd_r09_c10,cityd_r10_c08,cityd_r10_c09,cityd_r10_c10
cityd_r09_c10,cityd,9,10,cityd_r08_c09,cityd_r08_c10,cityd_r08_c11,cityd_r09_c09,cityd_r09_c10,cityd_r09_c11,cityd_r10_c09,cityd_r10_c10,cityd_r10_c11
cityd_r09_c11,cityd,9,11,cityd_r08_c10,cityd_r08_c11,cityd_r08_c12,cityd_r09_c10,cityd_r09_c11,cityd_r09_c12,cityd_r10_c10,cityd_r10_c11,cityd_r10_c12
cityd_r09_c12,cityd,9,12,cityd_r08_c11,cityd_r08_c12,cityd_r08_c13,cityd_r09_c11,cityd_r09_c12,cityd_r09_c13,cityd_r10_c11,cityd_r10_c12,cityd_r10_c13
cityd_r09_c13,cityd,9,13,cityd_r08_c12,cityd_r08_c13,cityd_r08_c14,cityd_r09_c12,cityd_r09_c13,cityd_r09_c14,cityd_r10_c12,cityd_r10_c13,cityd_r10_c14
cityd_r09_c14,cityd,9,14,cityd_r08_c13,cityd_r08_c14,cityd_r08_c15,cityd_r09_c13,cityd_r09_c14,cityd_r09_c15,cityd_r10_c13,cityd_r10_c14,cityd_r10_c15
cityd_r09_c15,cityd,9,15,cityd_r08_c14,cityd_r08_c15,,cityd_r09_c14,cityd_r09_c15,,cityd_r10_c14,cityd_r10_c15,
cityd_r10_c00,cityd,10,0,,cityd_r09_c00,cityd_r09_c01,,cityd_r10_c00,cityd_r10_c01,,cityd_r11_c00,cityd_r11_c01
cityd_r10_c01,cityd,10,1,cityd_r09_c00,cityd_r09_c01,cityd_r09_c02,cityd_r10_c00,cityd_r10_c01,cityd_r10_c02,cityd_r11_c00,cityd_r11_c01,cityd_r11_c02
cityd_r10_c02,cityd,10,2,cityd_r09_c01,cityd_r09_c02,cityd_r09_c03,cityd_r10_c01,cityd_r10_c02,cityd_r10_c03,cityd_r11_c01,cityd_r11_c02,cityd_r11_c03
cityd_r10_c03,cityd,10,3,cityd_r09_c02,cityd_r09_c03,cityd_r09_c04,cityd_r10_c02,cityd_r10_c03,cityd_r10_c04,cityd_r11_c02,cityd_r11_c03,cityd_r11_c04
cityd_r10_c04,cityd,10,4,cityd_r09_c03,cityd_r09_c04,cityd_r09_c05,cityd_r10_c03,cityd_r10_c04,cityd_r10_c05,cityd_r11_c03,cityd_r11_c04,cityd_r11_c05
cityd_r10_c05,cityd,10,5,cityd_r09_c04,cityd_r09_c05,cityd_r09_c06,cityd_r10_c04,cityd_r10_c05,cityd_r10_c06,cityd_r11_c04,cityd_r11_c05,cityd_r11_c06
cityd_r10_c06,cityd,10,6,cityd_r09_c05,cityd_r09_c06,cityd_r09_c07,cityd_r10_c05,cityd_r10_c06,cityd_r10_c07,cityd_r11_c05,cityd_r11_c06,cityd_r11_c07
cityd_r10_c07,cityd,10,7,cityd_r09_c06,cityd_r09_c07,cityd_r09_c08,cityd_r10_c06,cityd_r10_c07,cityd_r10_c08,cityd_r11_c06,cityd_r11_c07,cityd_r11_c08
cityd_r10_c08,cityd,10,8,cityd_r09_c07,cityd_r09_c08,cityd_r09_c09,cityd_r10_c07,cityd_r10_c08,cityd_r10_c09,cityd_r11_c07,cityd_r11_c08,cityd_r11_c09
cityd_r10_c09,cityd,10,9,cityd_r09_c08,cityd_r09_c09,cityd_r09_c10,cityd_r10_c08,cityd_r10_c09,cityd_r10_c10,cityd_r11_c08,cityd_r11_c09,cityd_r11_c10
cityd_r10_c10,cityd,10,10,cityd_r09_c09,cityd_r09_c10,cityd_r09_c11,cityd_r10_c09,cityd_r10_c10,cityd_r10_c11,cityd_r11_c09,cityd_r11_c10,cityd_r11_c11
cityd_r10_c11,cityd,10,11,cityd_r09_c10,cityd_r09_c11,cityd_r09_c12,cityd_r10_c10,cityd_r10_c11,cityd_r10_c12,cityd_r11_c10,cityd_r11_c11,cityd_r11_c12
cityd_r10_c12,cityd,10,12,cityd_r09_c11,cityd_r09_c12,cityd_r09_c13,cityd_r10_c11,cityd_r10_c12,cityd_r10_c13,cityd_r11_c11,cityd_r11_c12,cityd_r11_c13
cityd_r10_c13,cityd,10,13,cityd_r09_c12,cityd_r09_c13,cityd_r09_c14,cityd_r10_c12,cityd_r10_c13,cityd_r10_c14,cityd_r11_c12,cityd_r11_c13,cityd_r11_c14
cityd_r10_c14,cityd,10,14,cityd_r09_c13,cityd_r09_c14,cityd_r09_c15,cityd_r10_c13,cityd_r10_c14,cityd_r10_c15,cityd_r11_c13,cityd_r11_c14,cityd_r11_c15
cityd_r10_c15,cityd,10,15,cityd_r09_c14,cityd_r09_c15,,cityd_r10_c14,cityd_r10_c15,,cityd_r11_c14,cityd_r11_c15,
cityd_r11_c00,cityd,11,0,,cityd_r10_c00,cityd_r10_c01,,cityd_r11_c00,cityd_r11_c01,,cityd_r12_c00,cityd_r12_c01
cityd_r11_c01,cityd,11,1,cityd_r10_c00,cityd_r10_c01,cityd_r10_c02,cityd_r11_c00,cityd_r11_c01,cityd_r11_c02,cityd_r12_c00,cityd_r12_c01,cityd_r12_c02
cityd_r11_c02,cityd,11,2,cityd_r10_c01,cityd_r10_c02,cityd_r10_c03,cityd_r11_c01,cityd_r11_c02,cityd_r11_c03,cityd_r12_c01,cityd_r12_c02,cityd_r12_c03
cityd_r11_c03,cityd,11,3,cityd_r10_c02,cityd_r10_c03,cityd_r10_c04,cityd_r11_c02,cityd_r11_c03,cityd_r11_c04,cityd_r12_c02,cityd_r12_c03,cityd_r12_c04
cityd_r11_c04,cityd,11,4,cityd_r10_c03,cityd_r10_c04,cityd_r10_c05,cityd_r11_c03,cityd_r11_c04,cityd_r11_c05,cityd_r12_c03,cityd_r12_c04,cityd_r12_c05
cityd_r11_c05,cityd,11,5,cityd_r10_c04,cityd_r10_c05,cityd_r10_c06,cityd_r11_c04,cityd_r11_c05,cityd_r11_c06,cityd_r12_c04,cityd_r12_c05,cityd_r12_c06
cityd_r11_c06,cityd,11,6,cityd_r10_c05,cityd_r10_c06,cityd_r10_c07,cityd_r11_c05,cityd_r11_c06,cityd_r11_c07,cityd_r12_c05,cityd_r12_c06,cityd_r12_c07
cityd_r11_c07,cityd,11,7,cityd_r10_c06,cityd_r10_c07,cityd_r10_c08,cityd_r11_c06,cityd_r11_c07,cityd_r11_c08,cityd_r12_c06,cityd_r12_c07,cityd_r12_c08
cityd_r11_c08,cityd,11,8,cityd_r10_c07,cityd_r10_c08,cityd_r10_c09,cityd_r11_c07,cityd_r11_c08,cityd_r11_c09,cityd_r12_c07,cityd_r12_c08,cityd_r12_c09
cityd_r11_c09,cityd,11,9,cityd_r10_c08,cityd_r10_c09,cityd_r10_c10,cityd_r11_c08,cityd_r11_c09,cityd_r11_c10,cityd_r12_c08,cityd_r12_c09,cityd_r12_c10
cityd_r11_c10,cityd,11,10,cityd_r10_c09,cityd_r10_c10,cityd_r10_c11,cityd_r11_c09,cityd_r11_c10,cityd_r11_c11,cityd_r12_c09,cityd_r12_c10,cityd_r12_c11
cityd_r11_c11,cityd,11,11,cityd_r10_c10,cityd_r10_c11,cityd_r10_c12,cityd_r11_c10,cityd_r11_c11,cityd_r11_c12,cityd_r12_c10,cityd_r12_c11,cityd_r12_c12
cityd_r11_c12,cityd,11,12,cityd_r10_c11,cityd_r10_c12,cityd_r10_c13,cityd_r11_c11,cityd_r11_c12,cityd_r11_c13,cityd_r12_c11,cityd_r12_c12,cityd_r12_c13
cityd_r11_c13,cityd,11,13,cityd_r10_c12,cityd_r10_c13,cityd_r10_c14,cityd_r11_c12,cityd_r11_c13,cityd_r11_c14,cityd_r12_c12,cityd_r12_c13,cityd_r12_c14
cityd_r11_c14,cityd,11,14,cityd_r10_c13,cityd_r10_c14,cityd_r10_c15,cityd_r11_c13,cityd_r11_c14,cityd_r11_c15,cityd_r12_c13,cityd_r12_c14,cityd_r12_c15
cityd_r11_c15,cityd,11,15,cityd_r10_c14,cityd_r10_c15,,cityd_r11_c14,cityd_r11_c15,,cityd_r12_c14,cityd_r12_c15,
cityd_r12_c00,cityd,12,0,,cityd_r11_c00,cityd_r11_c01,,cityd_r12_c00,cityd_r12_c01,,cityd_r13_c00,cityd_r13_c01
cityd_r12_c01,cityd,12,1,cityd_r11_c00,cityd_r11_c01,cityd_r11_c02,cityd_r12_c00,cityd_r12_c01,cityd_r12_c02,cityd_r13_c00,cityd_r13_c01,cityd_r13_c02
cityd_r12_c02,cityd,12,2,cityd_r11_c01,cityd_r11_c02,cityd_r11_c03,cityd_r12_c01,cityd_r12_c02,cityd_r12_c03,cityd_r13_c01,cityd_r13_c02,cityd_r13_c03
cityd_r12_c03,cityd,12,3,cityd_r11_c02,cityd_r11_c03,cityd_r11_c04,cityd_r12_c02,cityd_r12_c03,cityd_r12_c04,cityd_r13_c02,cityd_r13_c03,cityd_r13_c04
cityd_r12_c04,cityd,12,4,cityd_r11_c03,cityd_r11_c04,cityd_r11_c05,cityd_r12_c03,cityd_r12_c04,cityd_r12_c05,cityd_r13_c03,cityd_r13_c04,cityd_r13_c05
cityd_r12_c05,cityd,12,5,cityd_r11_c04,cityd_r11_c05,cityd_r11_c06,cityd_r12_c04,cityd_r12_c05,cityd_r12_c06,cityd_r13_c04,cityd_r13_c05,cityd_r13_c06
cityd_r12_c06,cityd,12,6,cityd_r11_c05,cityd_r11_c06,cityd_r11_c07,cityd_r12_c05,cityd_r12_c06,cityd_r12_c07,cityd_r13_c05,cityd_r13_c06,cityd_r13_c07
cityd_r12_c07,cityd,12,7,cityd_r11_c06,cityd_r11_c07,cityd_r11_c08,cityd_r12_c06,cityd_r12_c07,cityd_r12_c08,cityd_r13_c06,cityd_r13_c07,cityd_r13_c08
cityd_r12_c08,cityd,12,8,cityd_r11_c07,cityd_r11_c08,cityd_r11_c09,cityd_r12_c07,cityd_r12_c08,cityd_r12_c09,cityd_r13_c07,cityd_r13_c08,cityd_r13_c09
cityd_r12_c09,cityd,12,9,cityd_r11_c08,cityd_r11_c09,cityd_r11_c10,cityd_r12_c08,cityd_r12_c09,cityd_r12_c10,cityd_r13_c08,cityd_r13_c09,cityd_r13_c10
cityd_r12_c10,cityd,12,10,cityd_r11_c09,cityd_r11_c10,cityd_r11_c11,cityd_r12_c09,cityd_r12_c10,cityd_r12_c11,cityd_r13_c09,cityd_r13_c10,cityd_r13_c11
cityd_r12_c11,cityd,12,11,cityd_r11_c10,cityd_r11_c11,cityd_r11_c12,cityd_r12_c10,cityd_r12_c11,cityd_r12_c12,cityd_r13_c10,cityd_r13_c11,cityd_r13_c12
cityd_r12_c12,cityd,12,12,cityd_r11_c11,cityd_r11_c12,cityd_r11_c13,cityd_r12_c11,cityd_r12_c12,cityd_r12_c13,cityd_r13_c11,cityd_r13_c12,cityd_r13_c13
cityd_r12_c13,cityd,12,13,cityd_r11_c12,cityd_r11_c13,cityd_r11_c14,cityd_r12_c12,cityd_r12_c13,cityd_r12_c14,cityd_r13_c12,cityd_r13_c13,cityd_r13_c14
cityd_r12_c14,cityd,12,14,cityd_r11_c13,cityd_r11_c14,cityd_r11_c15,cityd_r12_c13,cityd_r12_c14,cityd_r12_c15,cityd_r13_c13,cityd_r13_c14,cityd_r13_c15
cityd_r12_c15,cityd,12,15,cityd_r11_c14,cityd_r11_c15,,cityd_r12_c14,cityd_r12_c15,,cityd_r13_c14,cityd_r13_c15,
cityd_r13_c00,cityd,13,0,,cityd_r12_c00,cityd_r12_c01,,cityd_r13_c00,cityd_r13_c01,,cityd_r14_c00,cityd_r14_c01
cityd_r13_c01,cityd,13,1,cityd_r12_c00,cityd_r12_c01,cityd_r12_c02,cityd_r13_c00,cityd_r13_c01,cityd_r13_c02,cityd_r14_c00,cityd_r14_c01,cityd_r14_c02
cityd_r13_c02,cityd,13,2,cityd_r12_c01,cityd_r12_c02,cityd_r12_c03,cityd_r13_c01,cityd_r13_c02,cityd_r13_c03,cityd_r14_c01,cityd_r14_c02,cityd_r14_c03
cityd_r13_c03,cityd,13,3,cityd_r12_c02,cityd_r12_c03,cityd_r12_c04,cityd_r13_c02,cityd_r13_c03,cityd_r13_c04,cityd_r14_c02,cityd_r14_c03,cityd_r14_c04
cityd_r13_c04,cityd,13,4,cityd_r12_c03,cityd_r12_c04,cityd_r12_c05,cityd_r13_c03,cityd_r13_c04,cityd_r13_c05,cityd_r14_c03,cityd_r14_c04,cityd_r14_c05
cityd_r13_c05,cityd,13,5,cityd_r12_c04,cityd_r12_c05,cityd_r12_c06,cityd_r13_c04,cityd_r13_c05,cityd_r13_c06,cityd_r14_c04,cityd_r14_c05,cityd_r14_c06
cityd_r13_c06,cityd,13,6,cityd_r12_c05,cityd_r12_c06,cityd_r12_c07,cityd_r13_c05,cityd_r13_c06,cityd_r13_c07,cityd_r14_c05,cityd_r14_c06,cityd_r14_c07
cityd_r13_c07,cityd,13,7,cityd_r12_c06,cityd_r12_c07,cityd_r12_c08,cityd_r13_c06,cityd_r13_c07,cityd_r13_c08,cityd_r14_c06,cityd_r14_c07,cityd_r14_c08
cityd_r13_c08,cityd,13,8,cityd_r12_c07,cityd_r12_c08,cityd_r12_c09,cityd_r13_c07,cityd_r13_c08,cityd_r13_c09,cityd_r14_c07,cityd_r14_c08,cityd_r14_c09
cityd_r13_c09,cityd,13,9,cityd_r12_c08,cityd_r12_c09,cityd_r12_c10,cityd_r13_c08,cityd_r13_c09,cityd_r13_c10,cityd_r14_c08,cityd_r14_c09,cityd_r14_c10
cityd_r13_c10,cityd,13,10,cityd_r12_c09,cityd_r12_c10,cityd_r12_c11,cityd_r13_c09,cityd_r13_c10,cityd_r13_c11,cityd_r14_c09,cityd_r14_c10,cityd_r14_c11
cityd_r13_c11,cityd,13,11,cityd_r12_c10,cityd_r12_c11,cityd_r12_c12,cityd_r13_c10,cityd_r13_c11,cityd_r13_c12,cityd_r14_c10,cityd_r14_c11,cityd_r14_c12
cityd_r13_c12,cityd,13,12,cityd_r12_c11,cityd_r12_c12,cityd_r12_c13,cityd_r13_c11,cityd_r13_c12,cityd_r13_c13,cityd_r14_c11,cityd_r14_c12,cityd_r14_c13
cityd_r13_c13,cityd,13,13,cityd_r12_c12,cityd_r12_c13,cityd_r12_c14,cityd_r13_c12,cityd_r13_c13,cityd_r13_c14,cityd_r14_c12,cityd_r14_c13,cityd_r14_c14
cityd_r13_c14,cityd,13,14,cityd_r12_c13,cityd_r12_c14,cityd_r12_c15,cityd_r13_c13,cityd_r13_c14,cityd_r13_c15,cityd_r14_c13,cityd_r14_c14,cityd_r14_c15
cityd_r13_c15,cityd,13,15,cityd_r12_c14,cityd_r12_c15,,cityd_r13_c14,cityd_r13_c15,,cityd_r14_c14,cityd_r14_c15,
cityd_r14_c00,cityd,14,0,,cityd_r13_c00,cityd_r13_c01,,cityd_r14_c00,cityd_r14_c01,,cityd_r15_c00,cityd_r15_c01
cityd_r14_c01,cityd,14,1,cityd_r13_c00,cityd_r13_c01,cityd_r13_c02,cityd_r14_c00,cityd_r14_c01,cityd_r14_c02,cityd_r15_c00,cityd_r15_c01,cityd_r15_c02
cityd_r14_c02,cityd,14,2,cityd_r13_c01,cityd_r13_c02,cityd_r13_c03,cityd_r14_c01,cityd_r14_c02,cityd_r14_c03,cityd_r15_c01,cityd_r15_c02,cityd_r15_c03
cityd_r14_c03,cityd,14,3,cityd_r13_c02,cityd_r13_c03,cityd_r13_c04,cityd_r14_c02,cityd_r14_c03,cityd_r14_c04,cityd_r15_c02,cityd_r15_c03,cityd_r15_c04
cityd_r14_c04,cityd,14,4,cityd_r13_c03,cityd_r13_c04,cityd_r13_c05,cityd_r14_c03,cityd_r14_c04,cityd_r14_c05,cityd_r15_c03,cityd_r15_c04,cityd_r15_c05
cityd_r14_c05,cityd,14,5,cityd_r13_c04,cityd_r13_c05,cityd_r13_c06,cityd_r14_c04,cityd_r14_c05,cityd_r14_c06,cityd_r15_c04,cityd_r15_c05,cityd_r15_c06
cityd_r14_c06,cityd,14,6,cityd_r13_c05,cityd_r13_c06,cityd_r13_c07,cityd_r14_c05,cityd_r14_c06,cityd_r14_c07,cityd_r15_c05,cityd_r15_c06,cityd_r15_c07
cityd_r14_c07,cityd,14,7,cityd_r13_c06,cityd_r13_c07,cityd_r13_c08,cityd_r14_c06,cityd_r14_c07,cityd_r14_c08,cityd_r15_c06,cityd_r15_c07,cityd_r15_c08
cityd_r14_c08,cityd,14,8,cityd_r13_c07,cityd_r13_c08,cityd_r13_c09,cityd_r14_c07,cityd_r14_c08,cityd_r14_c09,cityd_r15_c07,cityd_r15_c08,cityd_r15_c09
cityd_r14_c09,cityd,14,9,cityd_r13_c08,cityd_r13_c09,cityd_r13_c10,cityd_r14_c08,cityd_r14_c09,cityd_r14_c10,cityd_r15_c08,cityd_r15_c09,cityd_r15_c10
cityd_r14_c10,cityd,14,10,cityd_r13_c09,cityd_r13_c10,cityd_r13_c11,cityd_r14_c09,cityd_r14_c10,cityd_r14_c11,cityd_r15_c09,cityd_r15_c10,cityd_r15_c11
cityd_r14_c11,cityd,14,11,cityd_r13_c10,cityd_r13_c11,cityd_r13_c12,cityd_r14_c10,cityd_r14_c11,cityd_r14_c12,cityd_r15_c10,cityd_r15_c11,cityd_r15_c12
cityd_r14_c12,cityd,14,12,cityd_r13_c11,cityd_r13_c12,cityd_r13_c13,cityd_r14_c11,cityd_r14_c12,cityd_r14_c13,cityd_r15_c11,cityd_r15_c12,cityd_r15_c13
cityd_r14_c13,cityd,14,13,cityd_r13_c12,cityd_r13_c13,cityd_r13_c14,cityd_r14_c12,cityd_r14_c13,cityd_r14_c14,cityd_r15_c12,cityd_r15_c13,cityd_r15_c14
cityd_r14_c14,cityd,14,14,cityd_r13_c13,cityd_r13_c14,cityd_r13_c15,cityd_r14_c13,cityd_r14_c14,cityd_r14_c15,cityd_r15_c13,cityd_r15_c14,cityd_r15_c15
cityd_r14_c15,cityd,14,15,cityd_r13_c14,cityd_r13_c15,,cityd_r14_c14,cityd_r14_c15,,cityd_r15_c14,cityd_r15_c15,
cityd_r15_c00,cityd,15,0,,cityd_r14_c00,cityd_r14_c01,,cityd_r15_c00,cityd_r15_c01,,,
cityd_r15_c01,cityd,15,1,cityd_r14_c00,cityd_r14_c01,cityd_r14_c02,cityd_r15_c00,cityd_r15_c01,cityd_r15_c02,,,
cityd_r15_c02,cityd,15,2,cityd_r14_c01,cityd_r14_c02,cityd_r14_c03,cityd_r15_c01,cityd_r15_c02,cityd_r15_c03,,,
cityd_r15_c03,cityd,15,3,cityd_r14_c02,cityd_r14_c03,cityd_r14_c04,cityd_r15_c02,cityd_r15_c03,cityd_r15_c04,,,
cityd_r15_c04,cityd,15,4,cityd_r14_c03,cityd_r14_c04,cityd_r14_c05,cityd_r15_c03,cityd_r15_c04,cityd_r15_c05,,,
cityd_r15_c05,cityd,15,5,cityd_r14_c04,cityd_r14_c05,cityd_r14_c06,cityd_r15_c04,cityd_r15_c05,cityd_r15_c06,,,
cityd_r15_c06,cityd,15,6,cityd_r14_c05,cityd_r14_c06,cityd_r14_c07,cityd_r15_c05,cityd_r15_c06,cityd_r15_c07,,,
cityd_r15_c07,cityd,15,7,cityd_r14_c06,cityd_r14_c07,cityd_r14_c08,cityd_r15_c06,cityd_r15_c07,cityd_r15_c08,,,
cityd_r15_c08,cityd,15,8,cityd_r14_c07,cityd_r14_c08,cityd_r14_c09,cityd_r15_c07,cityd_r15_c08,cityd_r15_c09,,,
cityd_r15_c09,cityd,15,9,cityd_r14_c08,cityd_r14_c09,cityd_r14_c10,cityd_r15_c08,cityd_r15_c09,cityd_r15_c10,,,
cityd_r15_c10,cityd,15,10,cityd_r14_c09,cityd_r14_c10,cityd_r14_c11,cityd_r15_c09,cityd_r15_c10,cityd_r15_c11,,,
cityd_r15_c11,cityd,15,11,cityd_r14_c10,cityd_r14_c11,cityd_r14_c12,cityd_r15_c10,cityd_r15_c11,cityd_r15_c12,,,
cityd_r15_c12,cityd,15,12,cityd_r14_c11,cityd_r14_c12,cityd_r14_c13,cityd_r15_c11,cityd_r15_c12,cityd_r15_c13,,,
cityd_r15_c13,cityd,15,13,cityd_r14_c12,cityd_r14_c13,cityd_r14_c14,cityd_r15_c12,cityd_r15_c13,cityd_r15_c14,,,
cityd_r15_c14,cityd,15,14,cityd_r14_c13,cityd_r14_c14,cityd_r14_c15,cityd_r15_c13,cityd_r15_c14,cityd_r15_c15,,,
cityd_r15_c15,cityd,15,15,cityd_r14_c14,cityd_r14_c15,,cityd_r15_c14,cityd_r15_c15,,,,
