tile_id,map_id,city,row,col,image_path,x0,y0,x1,y1,center_x,center_y,center_latitude,center_longitude
citya_r00_c00,citya_map,citya,0,0,images/satellite/citya/tile_r00_c00.jpg,0,0,256,256,128.0,128.0,35.67523771171171,139.68757607929496
citya_r00_c01,citya_map,citya,0,1,images/satellite/citya/tile_r00_c01.jpg,256,0,512,256,384.0,128.0,35.67523771171171,139.68828581712344
citya_r00_c02,citya_map,citya,0,2,images/satellite/citya/tile_r00_c02.jpg,512,0,768,256,640.0,128.0,35.67523771171171,139.68899555495193
citya_r00_c03,citya_map,citya,0,3,images/satellite/citya/tile_r00_c03.jpg,768,0,1024,256,896.0,128.0,35.67523771171171,139.68970529278042
citya_r00_c04,citya_map,citya,0,4,images/satellite/citya/tile_r00_c04.jpg,1024,0,1280,256,1152.0,128.0,35.67523771171171,139.69041503060888
citya_r00_c05,citya_map,citya,0,5,images/satellite/citya/tile_r00_c05.jpg,1280,0,1536,256,1408.0,128.0,35.67523771171171,139.69112476843736
citya_r00_c06,citya_map,citya,0,6,images/satellite/citya/tile_r00_c06.jpg,1536,0,1792,256,1664.0,128.0,35.67523771171171,139.69183450626585
citya_r00_c07,citya_map,citya,0,7,images/satellite/citya/tile_r00_c07.jpg,1792,0,2048,256,1920.0,128.0,35.67523771171171,139.69254424409434
citya_r00_c08,citya_map,citya,0,8,images/satellite/citya/tile_r00_c08.jpg,2048,0,2304,256,2176.0,128.0,35.67523771171171,139.6932539819228
citya_r00_c09,citya_map,citya,0,9,images/satellite/citya/tile_r00_c09.jpg,2304,0,2560,256,2432.0,128.0,35.67523771171171,139.69396371975128
citya_r00_c10,citya_map,citya,0,10,images/satellite/citya/tile_r00_c10.jpg,2560,0,2816,256,2688.0,128.0,35.67523771171171,139.69467345757977
citya_r00_c11,citya_map,citya,0,11,images/satellite/citya/tile_r00_c11.jpg,2816,0,3072,256,2944.0,128.0,35.67523771171171,139.69538319540825
citya_r00_c12,citya_map,citya,0,12,images/satellite/citya/tile_r00_c12.jpg,3072,0,3328,256,3200.0,128.0,35.67523771171171,139.6960929332367
citya_r00_c13,citya_map,citya,0,13,images/satellite/citya/tile_r00_c13.jpg,3328,0,3584,256,3456.0,128.0,35.67523771171171,139.6968026710652
citya_r00_c14,citya_map,citya,0,14,images/satellite/citya/tile_r00_c14.jpg,3584,0,3840,256,3712.0,128.0,35.67523771171171,139.6975124088937
citya_r00_c15,citya_map,citya,0,15,images/satellite/citya/tile_r00_c15.jpg,3840,0,4096,256,3968.0,128.0,35.67523771171171,139.69822214672217
citya_r01_c00,citya_map,citya,1,0,images/satellite/citya/tile_r01_c00.jpg,0,256,256,512,128.0,384.0,35.67466113513513,139.68757607929496
citya_r01_c01,citya_map,citya,1,1,images/satellite/citya/tile_r01_c01.jpg,256,256,512,512,384.0,384.0,35.67466113513513,139.68828581712344
citya_r01_c02,citya_map,citya,1,2,images/satellite/citya/tile_r01_c02.jpg,512,256,768,512,640.0,384.0,35.67466113513513,139.68899555495193
citya_r01_c03,citya_map,citya,1,3,images/satellite/citya/tile_r01_c03.jpg,768,256,1024,512,896.0,384.0,35.67466113513513,139.68970529278042
citya_r01_c04,citya_map,citya,1,4,images/satellite/citya/tile_r01_c04.jpg,1024,256,1280,512,1152.0,384.0,35.67466113513513,139.69041503060888
citya_r01_c05,citya_map,citya,1,5,images/satellite/citya/tile_r01_c05.jpg,1280,256,1536,512,1408.0,384.0,35.67466113513513,139.69112476843736
citya_r01_c06,citya_map,citya,1,6,images/satellite/citya/tile_r01_c06.jpg,1536,256,1792,512,1664.0,384.0,35.67466113513513,139.69183450626585
citya_r01_c07,citya_map,citya,1,7,images/satellite/citya/tile_r01_c07.jpg,1792,256,2048,512,1920.0,384.0,35.67466113513513,139.69254424409434
citya_r01_c08,citya_map,citya,1,8,images/satellite/citya/tile_r01_c08.jpg,2048,256,2304,512,2176.0,384.0,35.67466113513513,139.6932539819228
citya_r01_c09,citya_map,citya,1,9,images/satellite/citya/tile_r01_c09.jpg,2304,256,2560,512,2432.0,384.0,35.67466113513513,139.69396371975128
citya_r01_c10,citya_map,citya,1,10,images/satellite/citya/tile_r01_c10.jpg,2560,256,2816,512,2688.0,384.0,35.67466113513513,139.69467345757977
citya_r01_c11,citya_map,citya,1,11,images/satellite/citya/tile_r01_c11.jpg,2816,256,3072,512,2944.0,384.0,35.67466113513513,139.69538319540825
citya_r01_c12,citya_map,citya,1,12,images/satellite/citya/tile_r01_c12.jpg,3072,256,3328,512,3200.0,384.0,35.67466113513513,139.6960929332367
citya_r01_c13,citya_map,citya,1,13,images/satellite/citya/tile_r01_c13.jpg,3328,256,3584,512,3456.0,384.0,35.67466113513513,139.6968026710652
citya_r01_c14,citya_map,citya,1,14,images/satellite/citya/tile_r01_c14.jpg,3584,256,3840,512,3712.0,384.0,35.67466113513513,139.6975124088937
citya_r01_c15,citya_map,citya,1,15,images/satellite/citya/tile_r01_c15.jpg,3840,256,4096,512,3968.0,384.0,35.67466113513513,139.69822214672217
citya_r02_c00,citya_map,citya,2,0,images/satellite/citya/tile_r02_c00.jpg,0,512,256,768,128.0,640.0,35.674084558558555,139.68757607929496
citya_r02_c01,citya_map,citya,2,1,images/satellite/citya/tile_r02_c01.jpg,256,512,512,768,384.0,640.0,35.674084558558555,139.68828581712344
citya_r02_c02,citya_map,citya,2,2,images/satellite/citya/tile_r02_c02.jpg,512,512,768,768,640.0,640.0,35.674084558558555,139.68899555495193
citya_r02_c03,citya_map,citya,2,3,images/satellite/citya/tile_r02_c03.jpg,768,512,1024,768,896.0,640.0,35.674084558558555,139.68970529278042
citya_r02_c04,citya_map,citya,2,4,images/satellite/citya/tile_r02_c04.jpg,1024,512,1280,768,1152.0,640.0,35.674084558558555,139.69041503060888
citya_r02_c05,citya_map,citya,2,5,images/satellite/citya/tile_r02_c05.jpg,1280,512,1536,768,1408.0,640.0,35.674084558558555,139.69112476843736
citya_r02_c06,citya_map,citya,2,6,images/satellite/citya/tile_r02_c06.jpg,1536,512,1792,768,1664.0,640.0,35.674084558558555,139.69183450626585
citya_r02_c07,citya_map,citya,2,7,images/satellite/citya/tile_r02_c07.jpg,1792,512,2048,768,1920.0,640.0,35.674084558558555,139.69254424409434
citya_r02_c08,citya_map,citya,2,8,images/satellite/citya/tile_r02_c08.jpg,2048,512,2304,768,2176.0,640.0,35.674084558558555,139.6932539819228
citya_r02_c09,citya_map,citya,2,9,images/satellite/citya/tile_r02_c09.jpg,2304,512,2560,768,2432.0,640.0,35.674084558558555,139.69396371975128
citya_r02_c10,citya_map,citya,2,10,images/satellite/citya/tile_r02_c10.jpg,2560,512,2816,768,2688.0,640.0,35.674084558558555,139.69467345757977
citya_r02_c11,citya_map,citya,2,11,images/satellite/citya/tile_r02_c11.jpg,2816,512,3072,768,2944.0,640.0,35.674084558558555,139.69538319540825
citya_r02_c12,citya_map,citya,2,12,images/satellite/citya/tile_r02_c12.jpg,3072,512,3328,768,3200.0,640.0,35.674084558558555,139.6960929332367
citya_r02_c13,citya_map,citya,2,13,images/satellite/citya/tile_r02_c13.jpg,3328,512,3584,768,3456.0,640.0,35.674084558558555,139.6968026710652
citya_r02_c14,citya_map,citya,2,14,images/satellite/citya/tile_r02_c14.jpg,3584,512,3840,768,3712.0,640.0,35.674084558558555,139.6975124088937
citya_r02_c15,citya_map,citya,2,15,images/satellite/citya/tile_r02_c15.jpg,3840,512,4096,768,3968.0,640.0,35.674084558558555,139.69822214672217
citya_r03_c00,citya_map,citya,3,0,images/satellite/citya/tile_r03_c00.jpg,0,768,256,1024,128.0,896.0,35.673507981981984,139.68757607929496
citya_r03_c01,citya_map,citya,3,1,images/satellite/citya/tile_r03_c01.jpg,256,768,512,1024,384.0,896.0,35.673507981981984,139.68828581712344
citya_r03_c02,citya_map,citya,3,2,images/satellite/citya/tile_r03_c02.jpg,512,768,768,1024,640.0,896.0,35.673507981981984,139.68899555495193
citya_r03_c03,citya_map,citya,3,3,images/satellite/citya/tile_r03_c03.jpg,768,768,1024,1024,896.0,896.0,35.673507981981984,139.68970529278042
citya_r03_c04,citya_map,citya,3,4,images/satellite/citya/tile_r03_c04.jpg,1024,768,1280,1024,1152.0,896.0,35.673507981981984,139.69041503060888
citya_r03_c05,citya_map,citya,3,5,images/satellite/citya/tile_r03_c05.jpg,1280,768,1536,1024,1408.0,896.0,35.673507981981984,139.69112476843736
citya_r03_c06,citya_map,citya,3,6,images/satellite/citya/tile_r03_c06.jpg,1536,768,1792,1024,1664.0,896.0,35.673507981981984,139.69183450626585
citya_r03_c07,citya_map,citya,3,7,images/satellite/citya/tile_r03_c07.jpg,1792,768,2048,1024,1920.0,896.0,35.673507981981984,139.69254424409434
citya_r03_c08,citya_map,citya,3,8,images/satellite/citya/tile_r03_c08.jpg,2048,768,2304,1024,2176.0,896.0,35.673507981981984,139.6932539819228
citya_r03_c09,citya_map,citya,3,9,images/satellite/citya/tile_r03_c09.jpg,2304,768,2560,1024,2432.0,896.0,35.673507981981984,139.69396371975128
citya_r03_c10,citya_map,citya,3,10,images/satellite/citya/tile_r03_c10.jpg,2560,768,2816,1024,2688.0,896.0,35.673507981981984,139.69467345757977
citya_r03_c11,citya_map,citya,3,11,images/satellite/citya/tile_r03_c11.jpg,2816,768,3072,1024,2944.0,896.0,35.673507981981984,139.69538319540825
citya_r03_c12,citya_map,citya,3,12,images/satellite/citya/tile_r03_c12.jpg,3072,768,3328,1024,3200.0,896.0,35.673507981981984,139.6960929332367
citya_r03_c13,citya_map,citya,3,13,images/satellite/citya/tile_r03_c13.jpg,3328,768,3584,1024,3456.0,896.0,35.673507981981984,139.6968026710652
citya_r03_c14,citya_map,citya,3,14,images/satellite/citya/tile_r03_c14.jpg,3584,768,3840,1024,3712.0,896.0,35.673507981981984,139.6975124088937
citya_r03_c15,citya_map,citya,3,15,images/satellite/citya/tile_r03_c15.jpg,3840,768,4096,1024,3968.0,896.0,35.673507981981984,139.69822214672217
citya_r04_c00,citya_map,citya,4,0,images/satellite/citya/tile_r04_c00.jpg,0,1024,256,1280,128.0,1152.0,35.67293140540541,139.68757607929496
citya_r04_c01,citya_map,citya,4,1,images/satellite/citya/tile_r04_c01.jpg,256,1024,512,1280,384.0,1152.0,35.67293140540541,139.68828581712344
citya_r04_c02,citya_map,citya,4,2,images/satellite/citya/tile_r04_c02.jpg,512,1024,768,1280,640.0,1152.0,35.67293140540541,139.68899555495193
citya_r04_c03,citya_map,citya,4,3,images/satellite/citya/tile_r04_c03.jpg,768,1024,1024,1280,896.0,1152.0,35.67293140540541,139.68970529278042
citya_r04_c04,citya_map,citya,4,4,images/satellite/citya/tile_r04_c04.jpg,1024,1024,1280,1280,1152.0,1152.0,35.67293140540541,139.69041503060888
citya_r04_c05,citya_map,citya,4,5,images/satellite/citya/tile_r04_c05.jpg,1280,1024,1536,1280,1408.0,1152.0,35.67293140540541,139.69112476843736
citya_r04_c06,citya_map,citya,4,6,images/satellite/citya/tile_r04_c06.jpg,1536,1024,1792,1280,1664.0,1152.0,35.67293140540541,139.69183450626585
citya_r04_c07,citya_map,citya,4,7,images/satellite/citya/tile_r04_c07.jpg,1792,1024,2048,1280,1920.0,1152.0,35.67293140540541,139.69254424409434
citya_r04_c08,citya_map,citya,4,8,images/satellite/citya/tile_r04_c08.jpg,2048,1024,2304,1280,2176.0,1152.0,35.67293140540541,139.6932539819228
citya_r04_c09,citya_map,citya,4,9,images/satellite/citya/tile_r04_c09.jpg,2304,1024,2560,1280,2432.0,1152.0,35.67293140540541,139.69396371975128
citya_r04_c10,citya_map,citya,4,10,images/satellite/citya/tile_r04_c10.jpg,2560,1024,2816,1280,2688.0,1152.0,35.67293140540541,139.69467345757977
citya_r04_c11,citya_map,citya,4,11,images/satellite/citya/tile_r04_c11.jpg,2816,1024,3072,1280,2944.0,1152.0,35.67293140540541,139.69538319540825
citya_r04_c12,citya_map,citya,4,12,images/satellite/citya/tile_r04_c12.jpg,3072,1024,3328,1280,3200.0,1152.0,35.67293140540541,139.6960929332367
citya_r04_c13,citya_map,citya,4,13,images/satellite/citya/tile_r04_c13.jpg,3328,1024,3584,1280,3456.0,1152.0,35.67293140540541,139.6968026710652
citya_r04_c14,citya_map,citya,4,14,images/satellite/citya/tile_r04_c14.jpg,3584,1024,3840,1280,3712.0,1152.0,35.67293140540541,139.6975124088937
citya_r04_c15,citya_map,citya,4,15,images/satellite/citya/tile_r04_c15.jpg,3840,1024,4096,1280,3968.0,1152.0,35.67293140540541,139.69822214672217
citya_r05_c00,citya_map,citya,5,0,images/satellite/citya/tile_r05_c00.jpg,0,1280,256,1536,128.0,1408.0,35.67235482882883,139.68757607929496
citya_r05_c01,citya_map,citya,5,1,images/satellite/citya/tile_r05_c01.jpg,256,1280,512,1536,384.0,1408.0,35.67235482882883,139.68828581712344
citya_r05_c02,citya_map,citya,5,2,images/satellite/citya/tile_r05_c02.jpg,512,1280,768,1536,640.0,1408.0,35.67235482882883,139.68899555495193
citya_r05_c03,citya_map,citya,5,3,images/satellite/citya/tile_r05_c03.jpg,768,1280,1024,1536,896.0,1408.0,35.67235482882883,139.68970529278042
citya_r05_c04,citya_map,citya,5,4,images/satellite/citya/tile_r05_c04.jpg,1024,1280,1280,1536,1152.0,1408.0,35.67235482882883,139.69041503060888
citya_r05_c05,citya_map,citya,5,5,images/satellite/citya/tile_r05_c05.jpg,1280,1280,1536,1536,1408.0,1408.0,35.67235482882883,139.69112476843736
citya_r05_c06,citya_map,citya,5,6,images/satellite/citya/tile_r05_c06.jpg,1536,1280,1792,1536,1664.0,1408.0,35.67235482882883,139.69183450626585
citya_r05_c07,citya_map,citya,5,7,images/satellite/citya/tile_r05_c07.jpg,1792,1280,2048,1536,1920.0,1408.0,35.67235482882883,139.69254424409434
citya_r05_c08,citya_map,citya,5,8,images/satellite/citya/tile_r05_c08.jpg,2048,1280,2304,1536,2176.0,1408.0,35.67235482882883,139.6932539819228
citya_r05_c09,citya_map,citya,5,9,images/satellite/citya/tile_r05_c09.jpg,2304,1280,2560,1536,2432.0,1408.0,35.67235482882883,139.69396371975128
citya_r05_c10,citya_map,citya,5,10,images/satellite/citya/tile_r05_c10.jpg,2560,1280,2816,1536,2688.0,1408.0,35.67235482882883,139.69467345757977
citya_r05_c11,citya_map,citya,5,11,images/satellite/citya/tile_r05_c11.jpg,2816,1280,3072,1536,2944.0,1408.0,35.67235482882883,139.69538319540825
citya_r05_c12,citya_map,citya,5,12,images/satellite/citya/tile_r05_c12.jpg,3072,1280,3328,1536,3200.0,1408.0,35.67235482882883,139.6960929332367
citya_r05_c13,citya_map,citya,5,13,images/satellite/citya/tile_r05_c13.jpg,3328,1280,3584,1536,3456.0,1408.0,35.67235482882883,139.6968026710652
citya_r05_c14,citya_map,citya,5,14,images/satellite/citya/tile_r05_c14.jpg,3584,1280,3840,1536,3712.0,1408.0,35.67235482882883,139.6975124088937
citya_r05_c15,citya_map,citya,5,15,images/satellite/citya/tile_r05_c15.jpg,3840,1280,4096,1536,3968.0,1408.0,35.67235482882883,139.69822214672217
citya_r06_c00,citya_map,citya,6,0,images/satellite/citya/tile_r06_c00.jpg,0,1536,256,1792,128.0,1664.0,35.67177825225225,139.68757607929496
citya_r06_c01,citya_map,citya,6,1,images/satellite/citya/tile_r06_c01.jpg,256,1536,512,1792,384.0,1664.0,35.67177825225225,139.68828581712344
citya_r06_c02,citya_map,citya,6,2,images/satellite/citya/tile_r06_c02.jpg,512,1536,768,1792,640.0,1664.0,35.67177825225225,139.68899555495193
citya_r06_c03,citya_map,citya,6,3,images/satellite/citya/tile_r06_c03.jpg,768,1536,1024,1792,896.0,1664.0,35.67177825225225,139.68970529278042
citya_r06_c04,citya_map,citya,6,4,images/satellite/citya/tile_r06_c04.jpg,1024,1536,1280,1792,1152.0,1664.0,35.67177825225225,139.69041503060888
citya_r06_c05,citya_map,citya,6,5,images/satellite/citya/tile_r06_c05.jpg,1280,1536,1536,1792,1408.0,1664.0,35.67177825225225,139.69112476843736
citya_r06_c06,citya_map,citya,6,6,images/satellite/citya/tile_r06_c06.jpg,1536,1536,1792,1792,1664.0,1664.0,35.67177825225225,139.69183450626585
citya_r06_c07,citya_map,citya,6,7,images/satellite/citya/tile_r06_c07.jpg,1792,1536,2048,1792,1920.0,1664.0,35.67177825225225,139.69254424409434
citya_r06_c08,citya_map,citya,6,8,images/satellite/citya/tile_r06_c08.jpg,2048,1536,2304,1792,2176.0,1664.0,35.67177825225225,139.6932539819228
citya_r06_c09,citya_map,citya,6,9,images/satellite/citya/tile_r06_c09.jpg,2304,1536,2560,1792,2432.0,1664.0,35.67177825225225,139.69396371975128
citya_r06_c10,citya_map,citya,6,10,images/satellite/citya/tile_r06_c10.jpg,2560,1536,2816,1792,2688.0,1664.0,35.67177825225225,139.69467345757977
citya_r06_c11,citya_map,citya,6,11,images/satellite/citya/tile_r06_c11.jpg,2816,1536,3072,1792,2944.0,1664.0,35.67177825225225,139.69538319540825
citya_r06_c12,citya_map,citya,6,12,images/satellite/citya/tile_r06_c12.jpg,3072,1536,3328,1792,3200.0,1664.0,35.67177825225225,139.6960929332367
citya_r06_c13,citya_map,citya,6,13,images/satellite/citya/tile_r06_c13.jpg,3328,1536,3584,1792,3456.0,1664.0,35.67177825225225,139.6968026710652
citya_r06_c14,citya_map,citya,6,14,images/satellite/citya/tile_r06_c14.jpg,3584,1536,3840,1792,3712.0,1664.0,35.67177825225225,139.6975124088937
citya_r06_c15,citya_map,citya,6,15,images/satellite/citya/tile_r06_c15.jpg,3840,1536,4096,1792,3968.0,1664.0,35.67177825225225,139.69822214672217
citya_r07_c00,citya_map,citya,7,0,images/satellite/citya/tile_r07_c00.jpg,0,1792,256,2048,128.0,1920.0,35.671201675675675,139.68757607929496
citya_r07_c01,citya_map,citya,7,1,images/satellite/citya/tile_r07_c01.jpg,256,1792,512,2048,384.0,1920.0,35.671201675675675,139.68828581712344
citya_r07_c02,citya_map,citya,7,2,images/satellite/citya/tile_r07_c02.jpg,512,1792,768,2048,640.0,1920.0,35.671201675675675,139.68899555495193
citya_r07_c03,citya_map,citya,7,3,images/satellite/citya/tile_r07_c03.jpg,768,1792,1024,2048,896.0,1920.0,35.671201675675675,139.68970529278042
citya_r07_c04,citya_map,citya,7,4,images/satellite/citya/tile_r07_c04.jpg,1024,1792,1280,2048,1152.0,1920.0,35.671201675675675,139.69041503060888
citya_r07_c05,citya_map,citya,7,5,images/satellite/citya/tile_r07_c05.jpg,1280,1792,1536,2048,1408.0,1920.0,35.671201675675675,139.69112476843736
citya_r07_c06,citya_map,citya,7,6,images/satellite/citya/tile_r07_c06.jpg,1536,1792,1792,2048,1664.0,1920.0,35.671201675675675,139.69183450626585
citya_r07_c07,citya_map,citya,7,7,images/satellite/citya/tile_r07_c07.jpg,1792,1792,2048,2048,1920.0,1920.0,35.671201675675675,139.69254424409434
citya_r07_c08,citya_map,citya,7,8,images/satellite/citya/tile_r07_c08.jpg,2048,1792,2304,2048,2176.0,1920.0,35.671201675675675,139.6932539819228
citya_r07_c09,citya_map,citya,7,9,images/satellite/citya/tile_r07_c09.jpg,2304,1792,2560,2048,2432.0,1920.0,35.671201675675675,139.69396371975128
citya_r07_c10,citya_map,citya,7,10,images/satellite/citya/tile_r07_c10.jpg,2560,1792,2816,2048,2688.0,1920.0,35.671201675675675,139.69467345757977
citya_r07_c11,citya_map,citya,7,11,images/satellite/citya/tile_r07_c11.jpg,2816,1792,3072,2048,2944.0,1920.0,35.671201675675675,139.69538319540825
citya_r07_c12,citya_map,citya,7,12,images/satellite/citya/tile_r07_c12.jpg,3072,1792,3328,2048,3200.0,1920.0,35.671201675675675,139.6960929332367
citya_r07_c13,citya_map,citya,7,13,images/satellite/citya/tile_r07_c13.jpg,3328,1792,3584,2048,3456.0,1920.0,35.671201675675675,139.6968026710652
citya_r07_c14,citya_map,citya,7,14,images/satellite/citya/tile_r07_c14.jpg,3584,1792,3840,2048,3712.0,1920.0,35.671201675675675,139.6975124088937
citya_r07_c15,citya_map,citya,7,15,images/satellite/citya/tile_r07_c15.jpg,3840,1792,4096,2048,3968.0,1920.0,35.671201675675675,139.69822214672217
citya_r08_c00,citya_map,citya,8,0,images/satellite/citya/tile_r08_c00.jpg,0,2048,256,2304,128.0,2176.0,35.6706250990991,139.68757607929496
citya_r08_c01,citya_map,citya,8,1,images/satellite/citya/tile_r08_c01.jpg,256,2048,512,2304,384.0,2176.0,35.6706250990991,139.68828581712344
citya_r08_c02,citya_map,citya,8,2,images/satellite/citya/tile_r08_c02.jpg,512,2048,768,2304,640.0,2176.0,35.6706250990991,139.68899555495193
citya_r08_c03,citya_map,citya,8,3,images/satellite/citya/tile_r08_c03.jpg,768,2048,1024,2304,896.0,2176.0,35.6706250990991,139.68970529278042
citya_r08_c04,citya_map,citya,8,4,images/satellite/citya/tile_r08_c04.jpg,1024,2048,1280,2304,1152.0,2176.0,35.6706250990991,139.69041503060888
citya_r08_c05,citya_map,citya,8,5,images/satellite/citya/tile_r08_c05.jpg,1280,2048,1536,2304,1408.0,2176.0,35.6706250990991,139.69112476843736
citya_r08_c06,citya_map,citya,8,6,images/satellite/citya/tile_r08_c06.jpg,1536,2048,1792,2304,1664.0,2176.0,35.6706250990991,139.69183450626585
citya_r08_c07,citya_map,citya,8,7,images/satellite/citya/tile_r08_c07.jpg,1792,2048,2048,2304,1920.0,2176.0,35.6706250990991,139.69254424409434
citya_r08_c08,citya_map,citya,8,8,images/satellite/citya/tile_r08_c08.jpg,2048,2048,2304,2304,2176.0,2176.0,35.6706250990991,139.6932539819228
citya_r08_c09,citya_map,citya,8,9,images/satellite/citya/tile_r08_c09.jpg,2304,2048,2560,2304,2432.0,2176.0,35.6706250990991,139.69396371975128
citya_r08_c10,citya_map,citya,8,10,images/satellite/citya/tile_r08_c10.jpg,2560,2048,2816,2304,2688.0,2176.0,35.6706250990991,139.69467345757977
citya_r08_c11,citya_map,citya,8,11,images/satellite/citya/tile_r08_c11.jpg,2816,2048,3072,2304,2944.0,2176.0,35.6706250990991,139.69538319540825
citya_r08_c12,citya_map,citya,8,12,images/satellite/citya/tile_r08_c12.jpg,3072,2048,3328,2304,3200.0,2176.0,35.6706250990991,139.6960929332367
citya_r08_c13,citya_map,citya,8,13,images/satellite/citya/tile_r08_c13.jpg,3328,2048,3584,2304,3456.0,2176.0,35.6706250990991,139.6968026710652
citya_r08_c14,citya_map,citya,8,14,images/satellite/citya/tile_r08_c14.jpg,3584,2048,3840,2304,3712.0,2176.0,35.6706250990991,139.6975124088937
citya_r08_c15,citya_map,citya,8,15,images/satellite/citya/tile_r08_c15.jpg,3840,2048,4096,2304,3968.0,2176.0,35.6706250990991,139.69822214672217
citya_r09_c00,citya_map,citya,9,0,images/satellite/citya/tile_r09_c00.jpg,0,2304,256,2560,128.0,2432.0,35.67004852252252,139.68757607929496
citya_r09_c01,citya_map,citya,9,1,images/satellite/citya/tile_r09_c01.jpg,256,2304,512,2560,384.0,2432.0,35.67004852252252,139.68828581712344
citya_r09_c02,citya_map,citya,9,2,images/satellite/citya/tile_r09_c02.jpg,512,2304,768,2560,640.0,2432.0,35.67004852252252,139.68899555495193
citya_r09_c03,citya_map,citya,9,3,images/satellite/citya/tile_r09_c03.jpg,768,2304,1024,2560,896.0,2432.0,35.67004852252252,139.68970529278042
citya_r09_c04,citya_map,citya,9,4,images/satellite/citya/tile_r09_c04.jpg,1024,2304,1280,2560,1152.0,2432.0,35.67004852252252,139.69041503060888
citya_r09_c05,citya_map,citya,9,5,images/satellite/citya/tile_r09_c05.jpg,1280,2304,1536,2560,1408.0,2432.0,35.67004852252252,139.69112476843736
citya_r09_c06,citya_map,citya,9,6,images/satellite/citya/tile_r09_c06.jpg,1536,2304,1792,2560,1664.0,2432.0,35.67004852252252,139.69183450626585
citya_r09_c07,citya_map,citya,9,7,images/satellite/citya/tile_r09_c07.jpg,1792,2304,2048,2560,1920.0,2432.0,35.67004852252252,139.69254424409434
citya_r09_c08,citya_map,citya,9,8,images/satellite/citya/tile_r09_c08.jpg,2048,2304,2304,2560,2176.0,2432.0,35.67004852252252,139.6932539819228
citya_r09_c09,citya_map,citya,9,9,images/satellite/citya/tile_r09_c09.jpg,2304,2304,2560,2560,2432.0,2432.0,35.67004852252252,139.69396371975128
citya_r09_c10,citya_map,citya,9,10,images/satellite/citya/tile_r09_c10.jpg,2560,2304,2816,2560,2688.0,2432.0,35.67004852252252,139.69467345757977
citya_r09_c11,citya_map,citya,9,11,images/satellite/citya/tile_r09_c11.jpg,2816,2304,3072,2560,2944.0,2432.0,35.67004852252252,139.69538319540825
citya_r09_c12,citya_map,citya,9,12,images/satellite/citya/tile_r09_c12.jpg,3072,2304,3328,2560,3200.0,2432.0,35.67004852252252,139.6960929332367
citya_r09_c13,citya_map,citya,9,13,images/satellite/citya/tile_r09_c13.jpg,3328,2304,3584,2560,3456.0,2432.0,35.67004852252252,139.6968026710652
citya_r09_c14,citya_map,citya,9,14,images/satellite/citya/tile_r09_c14.jpg,3584,2304,3840,2560,3712.0,2432.0,35.67004852252252,139.6975124088937
citya_r09_c15,citya_map,citya,9,15,images/satellite/citya/tile_r09_c15.jpg,3840,2304,4096,2560,3968.0,2432.0,35.67004852252252,139.69822214672217
citya_r10_c00,citya_map,citya,10,0,images/satellite/citya/tile_r10_c00.jpg,0,2560,256,2816,128.0,2688.0,35.66947194594594,139.68757607929496
citya_r10_c01,citya_map,citya,10,1,images/satellite/citya/tile_r10_c01.jpg,256,2560,512,2816,384.0,2688.0,35.66947194594594,139.68828581712344
citya_r10_c02,citya_map,citya,10,2,images/satellite/citya/tile_r10_c02.jpg,512,2560,768,2816,640.0,2688.0,35.66947194594594,139.68899555495193
citya_r10_c03,citya_map,citya,10,3,images/satellite/citya/tile_r10_c03.jpg,768,2560,1024,2816,896.0,2688.0,35.66947194594594,139.68970529278042
citya_r10_c04,citya_map,citya,10,4,images/satellite/citya/tile_r10_c04.jpg,1024,2560,1280,2816,1152.0,2688.0,35.66947194594594,139.69041503060888
citya_r10_c05,citya_map,citya,10,5,images/satellite/citya/tile_r10_c05.jpg,1280,2560,1536,2816,1408.0,2688.0,35.66947194594594,139.69112476843736
citya_r10_c06,citya_map,citya,10,6,images/satellite/citya/tile_r10_c06.jpg,1536,2560,1792,2816,1664.0,2688.0,35.66947194594594,139.69183450626585
citya_r10_c07,citya_map,citya,10,7,images/satellite/citya/tile_r10_c07.jpg,1792,2560,2048,2816,1920.0,2688.0,35.66947194594594,139.69254424409434
citya_r10_c08,citya_map,citya,10,8,images/satellite/citya/tile_r10_c08.jpg,2048,2560,2304,2816,2176.0,2688.0,35.66947194594594,139.6932539819228
citya_r10_c09,citya_map,citya,10,9,images/satellite/citya/tile_r10_c09.jpg,2304,2560,2560,2816,2432.0,2688.0,35.66947194594594,139.69396371975128
citya_r10_c10,citya_map,citya,10,10,images/satellite/citya/tile_r10_c10.jpg,2560,2560,2816,2816,2688.0,2688.0,35.66947194594594,139.69467345757977
citya_r10_c11,citya_map,citya,10,11,images/satellite/citya/tile_r10_c11.jpg,2816,2560,3072,2816,2944.0,2688.0,35.66947194594594,139.69538319540825
citya_r10_c12,citya_map,citya,10,12,images/satellite/citya/tile_r10_c12.jpg,3072,2560,3328,2816,3200.0,2688.0,35.66947194594594,139.6960929332367
citya_r10_c13,citya_map,citya,10,13,images/satellite/citya/tile_r10_c13.jpg,3328,2560,3584,2816,3456.0,2688.0,35.66947194594594,139.6968026710652
citya_r10_c14,citya_map,citya,10,14,images/satellite/citya/tile_r10_c14.jpg,3584,2560,3840,2816,3712.0,2688.0,35.66947194594594,139.6975124088937
citya_r10_c15,citya_map,citya,10,15,images/satellite/citya/tile_r10_c15.jpg,3840,2560,4096,2816,3968.0,2688.0,35.66947194594594,139.69822214672217
citya_r11_c00,citya_map,citya,11,0,images/satellite/citya/tile_r11_c00.jpg,0,2816,256,3072,128.0,2944.0,35.668895369369366,139.68757607929496
citya_r11_c01,citya_map,citya,11,1,images/satellite/citya/tile_r11_c01.jpg,256,2816,512,3072,384.0,2944.0,35.668895369369366,139.68828581712344
citya_r11_c02,citya_map,citya,11,2,images/satellite/citya/tile_r11_c02.jpg,512,2816,768,3072,640.0,2944.0,35.668895369369366,139.68899555495193
citya_r11_c03,citya_map,citya,11,3,images/satellite/citya/tile_r11_c03.jpg,768,2816,1024,3072,896.0,2944.0,35.668895369369366,139.68970529278042
citya_r11_c04,citya_map,citya,11,4,images/satellite/citya/tile_r11_c04.jpg,1024,2816,1280,3072,1152.0,2944.0,35.668895369369366,139.69041503060888
citya_r11_c05,citya_map,citya,11,5,images/satellite/citya/tile_r11_c05.jpg,1280,2816,1536,3072,1408.0,2944.0,35.668895369369366,139.69112476843736
citya_r11_c06,citya_map,citya,11,6,images/satellite/citya/tile_r11_c06.jpg,1536,2816,1792,3072,1664.0,2944.0,35.668895369369366,139.69183450626585
citya_r11_c07,citya_map,citya,11,7,images/satellite/citya/tile_r11_c07.jpg,1792,2816,2048,3072,1920.0,2944.0,35.668895369369366,139.69254424409434
citya_r11_c08,citya_map,citya,11,8,images/satellite/citya/tile_r11_c08.jpg,2048,2816,2304,3072,2176.0,2944.0,35.668895369369366,139.6932539819228
citya_r11_c09,citya_map,citya,11,9,images/satellite/citya/tile_r11_c09.jpg,2304,2816,2560,3072,2432.0,2944.0,35.668895369369366,139.69396371975128
citya_r11_c10,citya_map,citya,11,10,images/satellite/citya/tile_r11_c10.jpg,2560,2816,2816,3072,2688.0,2944.0,35.668895369369366,139.69467345757977
citya_r11_c11,citya_map,citya,11,11,images/satellite/citya/tile_r11_c11.jpg,2816,2816,3072,3072,2944.0,2944.0,35.668895369369366,139.69538319540825
citya_r11_c12,citya_map,citya,11,12,images/satellite/citya/tile_r11_c12.jpg,3072,2816,3328,3072,3200.0,2944.0,35.668895369369366,139.6960929332367
citya_r11_c13,citya_map,citya,11,13,images/satellite/citya/tile_r11_c13.jpg,3328,2816,3584,3072,3456.0,2944.0,35.668895369369366,139.6968026710652
citya_r11_c14,citya_map,citya,11,14,images/satellite/citya/tile_r11_c14.jpg,3584,2816,3840,3072,3712.0,2944.0,35.668895369369366,139.6975124088937
citya_r11_c15,citya_map,citya,11,15,images/satellite/citya/tile_r11_c15.jpg,3840,2816,4096,3072,3968.0,2944.0,35.668895369369366,139.69822214672217
citya_r12_c00,citya_map,citya,12,0,images/satellite/citya/tile_r12_c00.jpg,0,3072,256,3328,128.0,3200.0,35.66831879279279,139.68757607929496
citya_r12_c01,citya_map,citya,12,1,images/satellite/citya/tile_r12_c01.jpg,256,3072,512,3328,384.0,3200.0,35.66831879279279,139.68828581712344
citya_r12_c02,citya_map,citya,12,2,images/satellite/citya/tile_r12_c02.jpg,512,3072,768,3328,640.0,3200.0,35.66831879279279,139.68899555495193
citya_r12_c03,citya_map,citya,12,3,images/satellite/citya/tile_r12_c03.jpg,768,3072,1024,3328,896.0,3200.0,35.66831879279279,139.68970529278042
citya_r12_c04,citya_map,citya,12,4,images/satellite/citya/tile_r12_c04.jpg,1024,3072,1280,3328,1152.0,3200.0,35.66831879279279,139.69041503060888
citya_r12_c05,citya_map,citya,12,5,images/satellite/citya/tile_r12_c05.jpg,1280,3072,1536,3328,1408.0,3200.0,35.66831879279279,139.69112476843736
citya_r12_c06,citya_map,citya,12,6,images/satellite/citya/tile_r12_c06.jpg,1536,3072,1792,3328,1664.0,3200.0,35.66831879279279,139.69183450626585
citya_r12_c07,citya_map,citya,12,7,images/satellite/citya/tile_r12_c07.jpg,1792,3072,2048,3328,1920.0,3200.0,35.66831879279279,139.69254424409434
citya_r12_c08,citya_map,citya,12,8,images/satellite/citya/tile_r12_c08.jpg,2048,3072,2304,3328,2176.0,3200.0,35.66831879279279,139.6932539819228
citya_r12_c09,citya_map,citya,12,9,images/satellite/citya/tile_r12_c09.jpg,2304,3072,2560,3328,2432.0,3200.0,35.66831879279279,139.69396371975128
citya_r12_c10,citya_map,citya,12,10,images/satellite/citya/tile_r12_c10.jpg,2560,3072,2816,3328,2688.0,3200.0,35.66831879279279,139.69467345757977
citya_r12_c11,citya_map,citya,12,11,images/satellite/citya/tile_r12_c11.jpg,2816,3072,3072,3328,2944.0,3200.0,35.66831879279279,139.69538319540825
citya_r12_c12,citya_map,citya,12,12,images/satellite/citya/tile_r12_c12.jpg,3072,3072,3328,3328,3200.0,3200.0,35.66831879279279,139.6960929332367
citya_r12_c13,citya_map,citya,12,13,images/satellite/citya/tile_r12_c13.jpg,3328,3072,3584,3328,3456.0,3200.0,35.66831879279279,139.6968026710652
citya_r12_c14,citya_map,citya,12,14,images/satellite/citya/tile_r12_c14.jpg,3584,3072,3840,3328,3712.0,3200.0,35.66831879279279,139.6975124088937
citya_r12_c15,citya_map,citya,12,15,images/satellite/citya/tile_r12_c15.jpg,3840,3072,4096,3328,3968.0,3200.0,35.66831879279279,139.69822214672217
citya_r13_c00,citya_map,citya,13,0,images/satellite/citya/tile_r13_c00.jpg,0,3328,256,3584,128.0,3456.0,35.66774221621622,139.68757607929496
citya_r13_c01,citya_map,citya,13,1,images/satellite/citya/tile_r13_c01.jpg,256,3328,512,3584,384.0,3456.0,35.66774221621622,139.68828581712344
citya_r13_c02,citya_map,citya,13,2,images/satellite/citya/tile_r13_c02.jpg,512,3328,768,3584,640.0,3456.0,35.66774221621622,139.68899555495193
citya_r13_c03,citya_map,citya,13,3,images/satellite/citya/tile_r13_c03.jpg,768,3328,1024,3584,896.0,3456.0,35.66774221621622,139.68970529278042
citya_r13_c04,citya_map,citya,13,4,images/satellite/citya/tile_r13_c04.jpg,1024,3328,1280,3584,1152.0,3456.0,35.66774221621622,139.69041503060888
citya_r13_c05,citya_map,citya,13,5,images/satellite/citya/tile_r13_c05.jpg,1280,3328,1536,3584,1408.0,3456.0,35.66774221621622,139.69112476843736
citya_r13_c06,citya_map,citya,13,6,images/satellite/citya/tile_r13_c06.jpg,1536,3328,1792,3584,1664.0,3456.0,35.66774221621622,139.69183450626585
citya_r13_c07,citya_map,citya,13,7,images/satellite/citya/tile_r13_c07.jpg,1792,3328,2048,3584,1920.0,3456.0,35.66774221621622,139.69254424409434
citya_r13_c08,citya_map,citya,13,8,images/satellite/citya/tile_r13_c08.jpg,2048,3328,2304,3584,2176.0,3456.0,35.66774221621622,139.6932539819228
citya_r13_c09,citya_map,citya,13,9,images/satellite/citya/tile_r13_c09.jpg,2304,3328,2560,3584,2432.0,3456.0,35.66774221621622,139.69396371975128
citya_r13_c10,citya_map,citya,13,10,images/satellite/citya/tile_r13_c10.jpg,2560,3328,2816,3584,2688.0,3456.0,35.66774221621622,139.69467345757977
citya_r13_c11,citya_map,citya,13,11,images/satellite/citya/tile_r13_c11.jpg,2816,3328,3072,3584,2944.0,3456.0,35.66774221621622,139.69538319540825
citya_r13_c12,citya_map,citya,13,12,images/satellite/citya/tile_r13_c12.jpg,3072,3328,3328,3584,3200.0,3456.0,35.66774221621622,139.6960929332367
citya_r13_c13,citya_map,citya,13,13,images/satellite/citya/tile_r13_c13.jpg,3328,3328,3584,3584,3456.0,3456.0,35.66774221621622,139.6968026710652
citya_r13_c14,citya_map,citya,13,14,images/satellite/citya/tile_r13_c14.jpg,3584,3328,3840,3584,3712.0,3456.0,35.66774221621622,139.6975124088937
citya_r13_c15,citya_map,citya,13,15,images/satellite/citya/tile_r13_c15.jpg,3840,3328,4096,3584,3968.0,3456.0,35.66774221621622,139.69822214672217
citya_r14_c00,citya_map,citya,14,0,images/satellite/citya/tile_r14_c00.jpg,0,3584,256,3840,128.0,3712.0,35.66716563963964,139.68757607929496
citya_r14_c01,citya_map,citya,14,1,images/satellite/citya/tile_r14_c01.jpg,256,3584,512,3840,384.0,3712.0,35.66716563963964,139.68828581712344
citya_r14_c02,citya_map,citya,14,2,images/satellite/citya/tile_r14_c02.jpg,512,3584,768,3840,640.0,3712.0,35.66716563963964,139.68899555495193
citya_r14_c03,citya_map,citya,14,3,images/satellite/citya/tile_r14_c03.jpg,768,3584,1024,3840,896.0,3712.0,35.66716563963964,139.68970529278042
citya_r14_c04,citya_map,citya,14,4,images/satellite/citya/tile_r14_c04.jpg,1024,3584,1280,3840,1152.0,3712.0,35.66716563963964,139.69041503060888
citya_r14_c05,citya_map,citya,14,5,images/satellite/citya/tile_r14_c05.jpg,1280,3584,1536,3840,1408.0,3712.0,35.66716563963964,139.69112476843736
citya_r14_c06,citya_map,citya,14,6,images/satellite/citya/tile_r14_c06.jpg,1536,3584,1792,3840,1664.0,3712.0,35.66716563963964,139.69183450626585
citya_r14_c07,citya_map,citya,14,7,images/satellite/citya/tile_r14_c07.jpg,1792,3584,2048,3840,1920.0,3712.0,35.66716563963964,139.69254424409434
citya_r14_c08,citya_map,citya,14,8,images/satellite/citya/tile_r14_c08.jpg,2048,3584,2304,3840,2176.0,3712.0,35.66716563963964,139.6932539819228
citya_r14_c09,citya_map,citya,14,9,images/satellite/citya/tile_r14_c09.jpg,2304,3584,2560,3840,2432.0,3712.0,35.66716563963964,139.69396371975128
citya_r14_c10,citya_map,citya,14,10,images/satellite/citya/tile_r14_c10.jpg,2560,3584,2816,3840,2688.0,3712.0,35.66716563963964,139.69467345757977
citya_r14_c11,citya_map,citya,14,11,images/satellite/citya/tile_r14_c11.jpg,2816,3584,3072,3840,2944.0,3712.0,35.66716563963964,139.69538319540825
citya_r14_c12,citya_map,citya,14,12,images/satellite/citya/tile_r14_c12.jpg,3072,3584,3328,3840,3200.0,3712.0,35.66716563963964,139.6960929332367
citya_r14_c13,citya_map,citya,14,13,images/satellite/citya/tile_r14_c13.jpg,3328,3584,3584,3840,3456.0,3712.0,35.66716563963964,139.6968026710652
citya_r14_c14,citya_map,citya,14,14,images/satellite/citya/tile_r14_c14.jpg,3584,3584,3840,3840,3712.0,3712.0,35.66716563963964,139.6975124088937
citya_r14_c15,citya_map,citya,14,15,images/satellite/citya/tile_r14_c15.jpg,3840,3584,4096,3840,3968.0,3712.0,35.66716563963964,139.69822214672217
citya_r15_c00,citya_map,citya,15,0,images/satellite/citya/tile_r15_c00.jpg,0,3840,256,4096,128.0,3968.0,35.666589063063064,139.68757607929496
citya_r15_c01,citya_map,citya,15,1,images/satellite/citya/tile_r15_c01.jpg,256,3840,512,4096,384.0,3968.0,35.666589063063064,139.68828581712344
citya_r15_c02,citya_map,citya,15,2,images/satellite/citya/tile_r15_c02.jpg,512,3840,768,4096,640.0,3968.0,35.666589063063064,139.68899555495193
citya_r15_c03,citya_map,citya,15,3,images/satellite/citya/tile_r15_c03.jpg,768,3840,1024,4096,896.0,3968.0,35.666589063063064,139.68970529278042
citya_r15_c04,citya_map,citya,15,4,images/satellite/citya/tile_r15_c04.jpg,1024,3840,1280,4096,1152.0,3968.0,35.666589063063064,139.69041503060888
citya_r15_c05,citya_map,citya,15,5,images/satellite/citya/tile_r15_c05.jpg,1280,3840,1536,4096,1408.0,3968.0,35.666589063063064,139.69112476843736
citya_r15_c06,citya_map,citya,15,6,images/satellite/citya/tile_r15_c06.jpg,1536,3840,1792,4096,1664.0,3968.0,35.666589063063064,139.69183450626585
citya_r15_c07,citya_map,citya,15,7,images/satellite/citya/tile_r15_c07.jpg,1792,3840,2048,4096,1920.0,3968.0,35.666589063063064,139.69254424409434
citya_r15_c08,citya_map,citya,15,8,images/satellite/citya/tile_r15_c08.jpg,2048,3840,2304,4096,2176.0,3968.0,35.666589063063064,139.6932539819228
citya_r15_c09,citya_map,citya,15,9,images/satellite/citya/tile_r15_c09.jpg,2304,3840,2560,4096,2432.0,3968.0,35.666589063063064,139.69396371975128
citya_r15_c10,citya_map,citya,15,10,images/satellite/citya/tile_r15_c10.jpg,2560,3840,2816,4096,2688.0,3968.0,35.666589063063064,139.69467345757977
citya_r15_c11,citya_map,citya,15,11,images/satellite/citya/tile_r15_c11.jpg,2816,3840,3072,4096,2944.0,3968.0,35.666589063063064,139.69538319540825
citya_r15_c12,citya_map,citya,15,12,images/satellite/citya/tile_r15_c12.jpg,3072,3840,3328,4096,3200.0,3968.0,35.666589063063064,139.6960929332367
citya_r15_c13,citya_map,citya,15,13,images/satellite/citya/tile_r15_c13.jpg,3328,3840,3584,4096,3456.0,3968.0,35.666589063063064,139.6968026710652
citya_r15_c14,citya_map,citya,15,14,images/satellite/citya/tile_r15_c14.jpg,3584,3840,3840,4096,3712.0,3968.0,35.666589063063064,139.6975124088937
citya_r15_c15,citya_map,citya,15,15,images/satellite/citya/tile_r15_c15.jpg,3840,3840,4096,4096,3968.0,3968.0,35.666589063063064,139.69822214672217
cityb_r00_c00,cityb_map,cityb,0,0,images/satellite/cityb/tile_r00_c00.jpg,0,0,256,256,128.0,128.0,25.03527171171171,121.50985612127118
cityb_r00_c01,cityb_map,cityb,0,1,images/satellite/cityb/tile_r00_c01.jpg,256,0,512,256,384.0,128.0,25.03527171171171,121.51049246350178
cityb_r00_c02,cityb_map,cityb,0,2,images/satellite/cityb/tile_r00_c02.jpg,512,0,768,256,640.0,128.0,25.03527171171171,121.51112880573235
cityb_r00_c03,cityb_map,cityb,0,3,images/satellite/cityb/tile_r00_c03.jpg,768,0,1024,256,896.0,128.0,25.03527171171171,121.51176514796295
cityb_r00_c04,cityb_map,cityb,0,4,images/satellite/cityb/tile_r00_c04.jpg,1024,0,1280,256,1152.0,128.0,25.03527171171171,121.51240149019353
cityb_r00_c05,cityb_map,cityb,0,5,images/satellite/cityb/tile_r00_c05.jpg,1280,0,1536,256,1408.0,128.0,25.03527171171171,121.5130378324241
cityb_r00_c06,cityb_map,cityb,0,6,images/satellite/cityb/tile_r00_c06.jpg,1536,0,1792,256,1664.0,128.0,25.03527171171171,121.5136741746547
cityb_r00_c07,cityb_map,cityb,0,7,images/satellite/cityb/tile_r00_c07.jpg,1792,0,2048,256,1920.0,128.0,25.03527171171171,121.51431051688527
cityb_r00_c08,cityb_map,cityb,0,8,images/satellite/cityb/tile_r00_c08.jpg,2048,0,2304,256,2176.0,128.0,25.03527171171171,121.51494685911587
cityb_r00_c09,cityb_map,cityb,0,9,images/satellite/cityb/tile_r00_c09.jpg,2304,0,2560,256,2432.0,128.0,25.03527171171171,121.51558320134644
cityb_r00_c10,cityb_map,cityb,0,10,images/satellite/cityb/tile_r00_c10.jpg,2560,0,2816,256,2688.0,128.0,25.03527171171171,121.51621954357704
cityb_r00_c11,cityb_map,cityb,0,11,images/satellite/cityb/tile_r00_c11.jpg,2816,0,3072,256,2944.0,128.0,25.03527171171171,121.51685588580762
cityb_r00_c12,cityb_map,cityb,0,12,images/satellite/cityb/tile_r00_c12.jpg,3072,0,3328,256,3200.0,128.0,25.03527171171171,121.5174922280382
cityb_r00_c13,cityb_map,cityb,0,13,images/satellite/cityb/tile_r00_c13.jpg,3328,0,3584,256,3456.0,128.0,25.03527171171171,121.51812857026879
cityb_r00_c14,cityb_map,cityb,0,14,images/satellite/cityb/tile_r00_c14.jpg,3584,0,3840,256,3712.0,128.0,25.03527171171171,121.51876491249936
cityb_r00_c15,cityb_map,cityb,0,15,images/satellite/cityb/tile_r00_c15.jpg,3840,0,4096,256,3968.0,128.0,25.03527171171171,121.51940125472996
cityb_r01_c00,cityb_map,cityb,1,0,images/satellite/cityb/tile_r01_c00.jpg,0,256,256,512,128.0,384.0,25.034695135135134,121.50985612127118
cityb_r01_c01,cityb_map,cityb,1,1,images/satellite/cityb/tile_r01_c01.jpg,256,256,512,512,384.0,384.0,25.034695135135134,121.51049246350178
cityb_r01_c02,cityb_map,cityb,1,2,images/satellite/cityb/tile_r01_c02.jpg,512,256,768,512,640.0,384.0,25.034695135135134,121.51112880573235
cityb_r01_c03,cityb_map,cityb,1,3,images/satellite/cityb/tile_r01_c03.jpg,768,256,1024,512,896.0,384.0,25.034695135135134,121.51176514796295
cityb_r01_c04,cityb_map,cityb,1,4,images/satellite/cityb/tile_r01_c04.jpg,1024,256,1280,512,1152.0,384.0,25.034695135135134,121.51240149019353
cityb_r01_c05,cityb_map,cityb,1,5,images/satellite/cityb/tile_r01_c05.jpg,1280,256,1536,512,1408.0,384.0,25.034695135135134,121.5130378324241
cityb_r01_c06,cityb_map,cityb,1,6,images/satellite/cityb/tile_r01_c06.jpg,1536,256,1792,512,1664.0,384.0,25.034695135135134,121.5136741746547
cityb_r01_c07,cityb_map,cityb,1,7,images/satellite/cityb/tile_r01_c07.jpg,1792,256,2048,512,1920.0,384.0,25.034695135135134,121.51431051688527
cityb_r01_c08,cityb_map,cityb,1,8,images/satellite/cityb/tile_r01_c08.jpg,2048,256,2304,512,2176.0,384.0,25.034695135135134,121.51494685911587
cityb_r01_c09,cityb_map,cityb,1,9,images/satellite/cityb/tile_r01_c09.jpg,2304,256,2560,512,2432.0,384.0,25.034695135135134,121.51558320134644
cityb_r01_c10,cityb_map,cityb,1,10,images/satellite/cityb/tile_r01_c10.jpg,2560,256,2816,512,2688.0,384.0,25.034695135135134,121.51621954357704
cityb_r01_c11,cityb_map,cityb,1,11,images/satellite/cityb/tile_r01_c11.jpg,2816,256,3072,512,2944.0,384.0,25.034695135135134,121.51685588580762
cityb_r01_c12,cityb_map,cityb,1,12,images/satellite/cityb/tile_r01_c12.jpg,3072,256,3328,512,3200.0,384.0,25.034695135135134,121.5174922280382
cityb_r01_c13,cityb_map,cityb,1,13,images/satellite/cityb/tile_r01_c13.jpg,3328,256,3584,512,3456.0,384.0,25.034695135135134,121.51812857026879
cityb_r01_c14,cityb_map,cityb,1,14,images/satellite/cityb/tile_r01_c14.jpg,3584,256,3840,512,3712.0,384.0,25.034695135135134,121.51876491249936
cityb_r01_c15,cityb_map,cityb,1,15,images/satellite/cityb/tile_r01_c15.jpg,3840,256,4096,512,3968.0,384.0,25.034695135135134,121.51940125472996
cityb_r02_c00,cityb_map,cityb,2,0,images/satellite/cityb/tile_r02_c00.jpg,0,512,256,768,128.0,640.0,25.034118558558557,121.50985612127118
cityb_r02_c01,cityb_map,cityb,2,1,images/satellite/cityb/tile_r02_c01.jpg,256,512,512,768,384.0,640.0,25.034118558558557,121.51049246350178
cityb_r02_c02,cityb_map,cityb,2,2,images/satellite/cityb/tile_r02_c02.jpg,512,512,768,768,640.0,640.0,25.034118558558557,121.51112880573235
cityb_r02_c03,cityb_map,cityb,2,3,images/satellite/cityb/tile_r02_c03.jpg,768,512,1024,768,896.0,640.0,25.034118558558557,121.51176514796295
cityb_r02_c04,cityb_map,cityb,2,4,images/satellite/cityb/tile_r02_c04.jpg,1024,512,1280,768,1152.0,640.0,25.034118558558557,121.51240149019353
cityb_r02_c05,cityb_map,cityb,2,5,images/satellite/cityb/tile_r02_c05.jpg,1280,512,1536,768,1408.0,640.0,25.034118558558557,121.5130378324241
cityb_r02_c06,cityb_map,cityb,2,6,images/satellite/cityb/tile_r02_c06.jpg,1536,512,1792,768,1664.0,640.0,25.034118558558557,121.5136741746547
cityb_r02_c07,cityb_map,cityb,2,7,images/satellite/cityb/tile_r02_c07.jpg,1792,512,2048,768,1920.0,640.0,25.034118558558557,121.51431051688527
cityb_r02_c08,cityb_map,cityb,2,8,images/satellite/cityb/tile_r02_c08.jpg,2048,512,2304,768,2176.0,640.0,25.034118558558557,121.51494685911587
cityb_r02_c09,cityb_map,cityb,2,9,images/satellite/cityb/tile_r02_c09.jpg,2304,512,2560,768,2432.0,640.0,25.034118558558557,121.51558320134644
cityb_r02_c10,cityb_map,cityb,2,10,images/satellite/cityb/tile_r02_c10.jpg,2560,512,2816,768,2688.0,640.0,25.034118558558557,121.51621954357704
cityb_r02_c11,cityb_map,cityb,2,11,images/satellite/cityb/tile_r02_c11.jpg,2816,512,3072,768,2944.0,640.0,25.034118558558557,121.51685588580762
cityb_r02_c12,cityb_map,cityb,2,12,images/satellite/cityb/tile_r02_c12.jpg,3072,512,3328,768,3200.0,640.0,25.034118558558557,121.5174922280382
cityb_r02_c13,cityb_map,cityb,2,13,images/satellite/cityb/tile_r02_c13.jpg,3328,512,3584,768,3456.0,640.0,25.034118558558557,121.51812857026879
cityb_r02_c14,cityb_map,cityb,2,14,images/satellite/cityb/tile_r02_c14.jpg,3584,512,3840,768,3712.0,640.0,25.034118558558557,121.51876491249936
cityb_r02_c15,cityb_map,cityb,2,15,images/satellite/cityb/tile_r02_c15.jpg,3840,512,4096,768,3968.0,640.0,25.034118558558557,121.51940125472996
cityb_r03_c00,cityb_map,cityb,3,0,images/satellite/cityb/tile_r03_c00.jpg,0,768,256,1024,128.0,896.0,25.03354198198198,121.50985612127118
cityb_r03_c01,cityb_map,cityb,3,1,images/satellite/cityb/tile_r03_c01.jpg,256,768,512,1024,384.0,896.0,25.03354198198198,121.51049246350178
cityb_r03_c02,cityb_map,cityb,3,2,images/satellite/cityb/tile_r03_c02.jpg,512,768,768,1024,640.0,896.0,25.03354198198198,121.51112880573235
cityb_r03_c03,cityb_map,cityb,3,3,images/satellite/cityb/tile_r03_c03.jpg,768,768,1024,1024,896.0,896.0,25.03354198198198,121.51176514796295
cityb_r03_c04,cityb_map,cityb,3,4,images/satellite/cityb/tile_r03_c04.jpg,1024,768,1280,1024,1152.0,896.0,25.03354198198198,121.51240149019353
cityb_r03_c05,cityb_map,cityb,3,5,images/satellite/cityb/tile_r03_c05.jpg,1280,768,1536,1024,1408.0,896.0,25.03354198198198,121.5130378324241
cityb_r03_c06,cityb_map,cityb,3,6,images/satellite/cityb/tile_r03_c06.jpg,1536,768,1792,1024,1664.0,896.0,25.03354198198198,121.5136741746547
cityb_r03_c07,cityb_map,cityb,3,7,images/satellite/cityb/tile_r03_c07.jpg,1792,768,2048,1024,1920.0,896.0,25.03354198198198,121.51431051688527
cityb_r03_c08,cityb_map,cityb,3,8,images/satellite/cityb/tile_r03_c08.jpg,2048,768,2304,1024,2176.0,896.0,25.03354198198198,121.51494685911587
cityb_r03_c09,cityb_map,cityb,3,9,images/satellite/cityb/tile_r03_c09.jpg,2304,768,2560,1024,2432.0,896.0,25.03354198198198,121.51558320134644
cityb_r03_c10,cityb_map,cityb,3,10,images/satellite/cityb/tile_r03_c10.jpg,2560,768,2816,1024,2688.0,896.0,25.03354198198198,121.51621954357704
cityb_r03_c11,cityb_map,cityb,3,11,images/satellite/cityb/tile_r03_c11.jpg,2816,768,3072,1024,2944.0,896.0,25.03354198198198,121.51685588580762
cityb_r03_c12,cityb_map,cityb,3,12,images/satellite/cityb/tile_r03_c12.jpg,3072,768,3328,1024,3200.0,896.0,25.03354198198198,121.5174922280382
cityb_r03_c13,cityb_map,cityb,3,13,images/satellite/cityb/tile_r03_c13.jpg,3328,768,3584,1024,3456.0,896.0,25.03354198198198,121.51812857026879
cityb_r03_c14,cityb_map,cityb,3,14,images/satellite/cityb/tile_r03_c14.jpg,3584,768,3840,1024,3712.0,896.0,25.03354198198198,121.51876491249936
cityb_r03_c15,cityb_map,cityb,3,15,images/satellite/cityb/tile_r03_c15.jpg,3840,768,4096,1024,3968.0,896.0,25.03354198198198,121.51940125472996
cityb_r04_c00,cityb_map,cityb,4,0,images/satellite/cityb/tile_r04_c00.jpg,0,1024,256,1280,128.0,1152.0,25.032965405405402,121.50985612127118
cityb_r04_c01,cityb_map,cityb,4,1,images/satellite/cityb/tile_r04_c01.jpg,256,1024,512,1280,384.0,1152.0,25.032965405405402,121.51049246350178
cityb_r04_c02,cityb_map,cityb,4,2,images/satellite/cityb/tile_r04_c02.jpg,512,1024,768,1280,640.0,1152.0,25.032965405405402,121.51112880573235
cityb_r04_c03,cityb_map,cityb,4,3,images/satellite/cityb/tile_r04_c03.jpg,768,1024,1024,1280,896.0,1152.0,25.032965405405402,121.51176514796295
cityb_r04_c04,cityb_map,cityb,4,4,images/satellite/cityb/tile_r04_c04.jpg,1024,1024,1280,1280,1152.0,1152.0,25.032965405405402,121.51240149019353
cityb_r04_c05,cityb_map,cityb,4,5,images/satellite/cityb/tile_r04_c05.jpg,1280,1024,1536,1280,1408.0,1152.0,25.032965405405402,121.5130378324241
cityb_r04_c06,cityb_map,cityb,4,6,images/satellite/cityb/tile_r04_c06.jpg,1536,1024,1792,1280,1664.0,1152.0,25.032965405405402,121.5136741746547
cityb_r04_c07,cityb_map,cityb,4,7,images/satellite/cityb/tile_r04_c07.jpg,1792,1024,2048,1280,1920.0,1152.0,25.032965405405402,121.51431051688527
cityb_r04_c08,cityb_map,cityb,4,8,images/satellite/cityb/tile_r04_c08.jpg,2048,1024,2304,1280,2176.0,1152.0,25.032965405405402,121.51494685911587
cityb_r04_c09,cityb_map,cityb,4,9,images/satellite/cityb/tile_r04_c09.jpg,2304,1024,2560,1280,2432.0,1152.0,25.032965405405402,121.51558320134644
cityb_r04_c10,cityb_map,cityb,4,10,images/satellite/cityb/tile_r04_c10.jpg,2560,1024,2816,1280,2688.0,1152.0,25.032965405405402,121.51621954357704
cityb_r04_c11,cityb_map,cityb,4,11,images/satellite/cityb/tile_r04_c11.jpg,2816,1024,3072,1280,2944.0,1152.0,25.032965405405402,121.51685588580762
cityb_r04_c12,cityb_map,cityb,4,12,images/satellite/cityb/tile_r04_c12.jpg,3072,1024,3328,1280,3200.0,1152.0,25.032965405405402,121.5174922280382
cityb_r04_c13,cityb_map,cityb,4,13,images/satellite/cityb/tile_r04_c13.jpg,3328,1024,3584,1280,3456.0,1152.0,25.032965405405402,121.51812857026879
cityb_r04_c14,cityb_map,cityb,4,14,images/satellite/cityb/tile_r04_c14.jpg,3584,1024,3840,1280,3712.0,1152.0,25.032965405405402,121.51876491249936
cityb_r04_c15,cityb_map,cityb,4,15,images/satellite/cityb/tile_r04_c15.jpg,3840,1024,4096,1280,3968.0,1152.0,25.032965405405402,121.51940125472996
cityb_r05_c00,cityb_map,cityb,5,0,images/satellite/cityb/tile_r05_c00.jpg,0,1280,256,1536,128.0,1408.0,25.03238882882883,121.50985612127118
cityb_r05_c01,cityb_map,cityb,5,1,images/satellite/cityb/tile_r05_c01.jpg,256,1280,512,1536,384.0,1408.0,25.03238882882883,121.51049246350178
cityb_r05_c02,cityb_map,cityb,5,2,images/satellite/cityb/tile_r05_c02.jpg,512,1280,768,1536,640.0,1408.0,25.03238882882883,121.51112880573235
cityb_r05_c03,cityb_map,cityb,5,3,images/satellite/cityb/tile_r05_c03.jpg,768,1280,1024,1536,896.0,1408.0,25.03238882882883,121.51176514796295
cityb_r05_c04,cityb_map,cityb,5,4,images/satellite/cityb/tile_r05_c04.jpg,1024,1280,1280,1536,1152.0,1408.0,25.03238882882883,121.51240149019353
cityb_r05_c05,cityb_map,cityb,5,5,images/satellite/cityb/tile_r05_c05.jpg,1280,1280,1536,1536,1408.0,1408.0,25.03238882882883,121.5130378324241
cityb_r05_c06,cityb_map,cityb,5,6,images/satellite/cityb/tile_r05_c06.jpg,1536,1280,1792,1536,1664.0,1408.0,25.03238882882883,121.5136741746547
cityb_r05_c07,cityb_map,cityb,5,7,images/satellite/cityb/tile_r05_c07.jpg,1792,1280,2048,1536,1920.0,1408.0,25.03238882882883,121.51431051688527
cityb_r05_c08,cityb_map,cityb,5,8,images/satellite/cityb/tile_r05_c08.jpg,2048,1280,2304,1536,2176.0,1408.0,25.03238882882883,121.51494685911587
cityb_r05_c09,cityb_map,cityb,5,9,images/satellite/cityb/tile_r05_c09.jpg,2304,1280,2560,1536,2432.0,1408.0,25.03238882882883,121.51558320134644
cityb_r05_c10,cityb_map,cityb,5,10,images/satellite/cityb/tile_r05_c10.jpg,2560,1280,2816,1536,2688.0,1408.0,25.03238882882883,121.51621954357704
cityb_r05_c11,cityb_map,cityb,5,11,images/satellite/cityb/tile_r05_c11.jpg,2816,1280,3072,1536,2944.0,1408.0,25.03238882882883,121.51685588580762
cityb_r05_c12,cityb_map,cityb,5,12,images/satellite/cityb/tile_r05_c12.jpg,3072,1280,3328,1536,3200.0,1408.0,25.03238882882883,121.5174922280382
cityb_r05_c13,cityb_map,cityb,5,13,images/satellite/cityb/tile_r05_c13.jpg,3328,1280,3584,1536,3456.0,1408.0,25.03238882882883,121.51812857026879
cityb_r05_c14,cityb_map,cityb,5,14,images/satellite/cityb/tile_r05_c14.jpg,3584,1280,3840,1536,3712.0,1408.0,25.03238882882883,121.51876491249936
cityb_r05_c15,cityb_map,cityb,5,15,images/satellite/cityb/tile_r05_c15.jpg,3840,1280,4096,1536,3968.0,1408.0,25.03238882882883,121.51940125472996
cityb_r06_c00,cityb_map,cityb,6,0,images/satellite/cityb/tile_r06_c00.jpg,0,1536,256,1792,128.0,1664.0,25.03181225225225,121.50985612127118
cityb_r06_c01,cityb_map,cityb,6,1,images/satellite/cityb/tile_r06_c01.jpg,256,1536,512,1792,384.0,1664.0,25.03181225225225,121.51049246350178
cityb_r06_c02,cityb_map,cityb,6,2,images/satellite/cityb/tile_r06_c02.jpg,512,1536,768,1792,640.0,1664.0,25.03181225225225,121.51112880573235
cityb_r06_c03,cityb_map,cityb,6,3,images/satellite/cityb/tile_r06_c03.jpg,768,1536,1024,1792,896.0,1664.0,25.03181225225225,121.51176514796295
cityb_r06_c04,cityb_map,cityb,6,4,images/satellite/cityb/tile_r06_c04.jpg,1024,1536,1280,1792,1152.0,1664.0,25.03181225225225,121.51240149019353
cityb_r06_c05,cityb_map,cityb,6,5,images/satellite/cityb/tile_r06_c05.jpg,1280,1536,1536,1792,1408.0,1664.0,25.03181225225225,121.5130378324241
cityb_r06_c06,cityb_map,cityb,6,6,images/satellite/cityb/tile_r06_c06.jpg,1536,1536,1792,1792,1664.0,1664.0,25.03181225225225,121.5136741746547
cityb_r06_c07,cityb_map,cityb,6,7,images/satellite/cityb/tile_r06_c07.jpg,1792,1536,2048,1792,1920.0,1664.0,25.03181225225225,121.51431051688527
cityb_r06_c08,cityb_map,cityb,6,8,images/satellite/cityb/tile_r06_c08.jpg,2048,1536,2304,1792,2176.0,1664.0,25.03181225225225,121.51494685911587
cityb_r06_c09,cityb_map,cityb,6,9,images/satellite/cityb/tile_r06_c09.jpg,2304,1536,2560,1792,2432.0,1664.0,25.03181225225225,121.51558320134644
cityb_r06_c10,cityb_map,cityb,6,10,images/satellite/cityb/tile_r06_c10.jpg,2560,1536,2816,1792,2688.0,1664.0,25.03181225225225,121.51621954357704
cityb_r06_c11,cityb_map,cityb,6,11,images/satellite/cityb/tile_r06_c11.jpg,2816,1536,3072,1792,2944.0,1664.0,25.03181225225225,121.51685588580762
cityb_r06_c12,cityb_map,cityb,6,12,images/satellite/cityb/tile_r06_c12.jpg,3072,1536,3328,1792,3200.0,1664.0,25.03181225225225,121.5174922280382
cityb_r06_c13,cityb_map,cityb,6,13,images/satellite/cityb/tile_r06_c13.jpg,3328,1536,3584,1792,3456.0,1664.0,25.03181225225225,121.51812857026879
cityb_r06_c14,cityb_map,cityb,6,14,images/satellite/cityb/tile_r06_c14.jpg,3584,1536,3840,1792,3712.0,1664.0,25.03181225225225,121.51876491249936
cityb_r06_c15,cityb_map,cityb,6,15,images/satellite/cityb/tile_r06_c15.jpg,3840,1536,4096,1792,3968.0,1664.0,25.03181225225225,121.51940125472996
cityb_r07_c00,cityb_map,cityb,7,0,images/satellite/cityb/tile_r07_c00.jpg,0,1792,256,2048,128.0,1920.0,25.031235675675674,121.50985612127118
cityb_r07_c01,cityb_map,cityb,7,1,images/satellite/cityb/tile_r07_c01.jpg,256,1792,512,2048,384.0,1920.0,25.031235675675674,121.51049246350178
cityb_r07_c02,cityb_map,cityb,7,2,images/satellite/cityb/tile_r07_c02.jpg,512,1792,768,2048,640.0,1920.0,25.031235675675674,121.51112880573235
cityb_r07_c03,cityb_map,cityb,7,3,images/satellite/cityb/tile_r07_c03.jpg,768,1792,1024,2048,896.0,1920.0,25.031235675675674,121.51176514796295
cityb_r07_c04,cityb_map,cityb,7,4,images/satellite/cityb/tile_r07_c04.jpg,1024,1792,1280,2048,1152.0,1920.0,25.031235675675674,121.51240149019353
cityb_r07_c05,cityb_map,cityb,7,5,images/satellite/cityb/tile_r07_c05.jpg,1280,1792,1536,2048,1408.0,1920.0,25.031235675675674,121.5130378324241
cityb_r07_c06,cityb_map,cityb,7,6,images/satellite/cityb/tile_r07_c06.jpg,1536,1792,1792,2048,1664.0,1920.0,25.031235675675674,121.5136741746547
cityb_r07_c07,cityb_map,cityb,7,7,images/satellite/cityb/tile_r07_c07.jpg,1792,1792,2048,2048,1920.0,1920.0,25.031235675675674,121.51431051688527
cityb_r07_c08,cityb_map,cityb,7,8,images/satellite/cityb/tile_r07_c08.jpg,2048,1792,2304,2048,2176.0,1920.0,25.031235675675674,121.51494685911587
cityb_r07_c09,cityb_map,cityb,7,9,images/satellite/cityb/tile_r07_c09.jpg,2304,1792,2560,2048,2432.0,1920.0,25.031235675675674,121.51558320134644
cityb_r07_c10,cityb_map,cityb,7,10,images/satellite/cityb/tile_r07_c10.jpg,2560,1792,2816,2048,2688.0,1920.0,25.031235675675674,121.51621954357704
cityb_r07_c11,cityb_map,cityb,7,11,images/satellite/cityb/tile_r07_c11.jpg,2816,1792,3072,2048,2944.0,1920.0,25.031235675675674,121.51685588580762
cityb_r07_c12,cityb_map,cityb,7,12,images/satellite/cityb/tile_r07_c12.jpg,3072,1792,3328,2048,3200.0,1920.0,25.031235675675674,121.5174922280382
cityb_r07_c13,cityb_map,cityb,7,13,images/satellite/cityb/tile_r07_c13.jpg,3328,1792,3584,2048,3456.0,1920.0,25.031235675675674,121.51812857026879
cityb_r07_c14,cityb_map,cityb,7,14,images/satellite/cityb/tile_r07_c14.jpg,3584,1792,3840,2048,3712.0,1920.0,25.031235675675674,121.51876491249936
cityb_r07_c15,cityb_map,cityb,7,15,images/satellite/cityb/tile_r07_c15.jpg,3840,1792,4096,2048,3968.0,1920.0,25.031235675675674,121.51940125472996
cityb_r08_c00,cityb_map,cityb,8,0,images/satellite/cityb/tile_r08_c00.jpg,0,2048,256,2304,128.0,2176.0,25.030659099099097,121.50985612127118
cityb_r08_c01,cityb_map,cityb,8,1,images/satellite/cityb/tile_r08_c01.jpg,256,2048,512,2304,384.0,2176.0,25.030659099099097,121.51049246350178
cityb_r08_c02,cityb_map,cityb,8,2,images/satellite/cityb/tile_r08_c02.jpg,512,2048,768,2304,640.0,2176.0,25.030659099099097,121.51112880573235
cityb_r08_c03,cityb_map,cityb,8,3,images/satellite/cityb/tile_r08_c03.jpg,768,2048,1024,2304,896.0,2176.0,25.030659099099097,121.51176514796295
cityb_r08_c04,cityb_map,cityb,8,4,images/satellite/cityb/tile_r08_c04.jpg,1024,2048,1280,2304,1152.0,2176.0,25.030659099099097,121.51240149019353
cityb_r08_c05,cityb_map,cityb,8,5,images/satellite/cityb/tile_r08_c05.jpg,1280,2048,1536,2304,1408.0,2176.0,25.030659099099097,121.5130378324241
cityb_r08_c06,cityb_map,cityb,8,6,images/satellite/cityb/tile_r08_c06.jpg,1536,2048,1792,2304,1664.0,2176.0,25.030659099099097,121.5136741746547
cityb_r08_c07,cityb_map,cityb,8,7,images/satellite/cityb/tile_r08_c07.jpg,1792,2048,2048,2304,1920.0,2176.0,25.030659099099097,121.51431051688527
cityb_r08_c08,cityb_map,cityb,8,8,images/satellite/cityb/tile_r08_c08.jpg,2048,2048,2304,2304,2176.0,2176.0,25.030659099099097,121.51494685911587
cityb_r08_c09,cityb_map,cityb,8,9,images/satellite/cityb/tile_r08_c09.jpg,2304,2048,2560,2304,2432.0,2176.0,25.030659099099097,121.51558320134644
cityb_r08_c10,cityb_map,cityb,8,10,images/satellite/cityb/tile_r08_c10.jpg,2560,2048,2816,2304,2688.0,2176.0,25.030659099099097,121.51621954357704
cityb_r08_c11,cityb_map,cityb,8,11,images/satellite/cityb/tile_r08_c11.jpg,2816,2048,3072,2304,2944.0,2176.0,25.030659099099097,121.51685588580762
cityb_r08_c12,cityb_map,cityb,8,12,images/satellite/cityb/tile_r08_c12.jpg,3072,2048,3328,2304,3200.0,2176.0,25.030659099099097,121.5174922280382
cityb_r08_c13,cityb_map,cityb,8,13,images/satellite/cityb/tile_r08_c13.jpg,3328,2048,3584,2304,3456.0,2176.0,25.030659099099097,121.51812857026879
cityb_r08_c14,cityb_map,cityb,8,14,images/satellite/cityb/tile_r08_c14.jpg,3584,2048,3840,2304,3712.0,2176.0,25.030659099099097,121.51876491249936
cityb_r08_c15,cityb_map,cityb,8,15,images/satellite/cityb/tile_r08_c15.jpg,3840,2048,4096,2304,3968.0,2176.0,25.030659099099097,121.51940125472996
cityb_r09_c00,cityb_map,cityb,9,0,images/satellite/cityb/tile_r09_c00.jpg,0,2304,256,2560,128.0,2432.0,25.03008252252252,121.50985612127118
cityb_r09_c01,cityb_map,cityb,9,1,images/satellite/cityb/tile_r09_c01.jpg,256,2304,512,2560,384.0,2432.0,25.03008252252252,121.51049246350178
cityb_r09_c02,cityb_map,cityb,9,2,images/satellite/cityb/tile_r09_c02.jpg,512,2304,768,2560,640.0,2432.0,25.03008252252252,121.51112880573235
cityb_r09_c03,cityb_map,cityb,9,3,images/satellite/cityb/tile_r09_c03.jpg,768,2304,1024,2560,896.0,2432.0,25.03008252252252,121.51176514796295
cityb_r09_c04,cityb_map,cityb,9,4,images/satellite/cityb/tile_r09_c04.jpg,1024,2304,1280,2560,1152.0,2432.0,25.03008252252252,121.51240149019353
cityb_r09_c05,cityb_map,cityb,9,5,images/satellite/cityb/tile_r09_c05.jpg,1280,2304,1536,2560,1408.0,2432.0,25.03008252252252,121.5130378324241
cityb_r09_c06,cityb_map,cityb,9,6,images/satellite/cityb/tile_r09_c06.jpg,1536,2304,1792,2560,1664.0,2432.0,25.03008252252252,121.5136741746547
cityb_r09_c07,cityb_map,cityb,9,7,images/satellite/cityb/tile_r09_c07.jpg,1792,2304,2048,2560,1920.0,2432.0,25.03008252252252,121.51431051688527
cityb_r09_c08,cityb_map,cityb,9,8,images/satellite/cityb/tile_r09_c08.jpg,2048,2304,2304,2560,2176.0,2432.0,25.03008252252252,121.51494685911587
cityb_r09_c09,cityb_map,cityb,9,9,images/satellite/cityb/tile_r09_c09.jpg,2304,2304,2560,2560,2432.0,2432.0,25.03008252252252,121.51558320134644
cityb_r09_c10,cityb_map,cityb,9,10,images/satellite/cityb/tile_r09_c10.jpg,2560,2304,2816,2560,2688.0,2432.0,25.03008252252252,121.51621954357704
cityb_r09_c11,cityb_map,cityb,9,11,images/satellite/cityb/tile_r09_c11.jpg,2816,2304,3072,2560,2944.0,2432.0,25.03008252252252,121.51685588580762
cityb_r09_c12,cityb_map,cityb,9,12,images/satellite/cityb/tile_r09_c12.jpg,3072,2304,3328,2560,3200.0,2432.0,25.03008252252252,121.5174922280382
cityb_r09_c13,cityb_map,cityb,9,13,images/satellite/cityb/tile_r09_c13.jpg,3328,2304,3584,2560,3456.0,2432.0,25.03008252252252,121.51812857026879
cityb_r09_c14,cityb_map,cityb,9,14,images/satellite/cityb/tile_r09_c14.jpg,3584,2304,3840,2560,3712.0,2432.0,25.03008252252252,121.51876491249936
cityb_r09_c15,cityb_map,cityb,9,15,images/satellite/cityb/tile_r09_c15.jpg,3840,2304,4096,2560,3968.0,2432.0,25.03008252252252,121.51940125472996
cityb_r10_c00,cityb_map,cityb,10,0,images/satellite/cityb/tile_r10_c00.jpg,0,2560,256,2816,128.0,2688.0,25.029505945945942,121.50985612127118
cityb_r10_c01,cityb_map,cityb,10,1,images/satellite/cityb/tile_r10_c01.jpg,256,2560,512,2816,384.0,2688.0,25.029505945945942,121.51049246350178
cityb_r10_c02,cityb_map,cityb,10,2,images/satellite/cityb/tile_r10_c02.jpg,512,2560,768,2816,640.0,2688.0,25.029505945945942,121.51112880573235
cityb_r10_c03,cityb_map,cityb,10,3,images/satellite/cityb/tile_r10_c03.jpg,768,2560,1024,2816,896.0,2688.0,25.029505945945942,121.51176514796295
cityb_r10_c04,cityb_map,cityb,10,4,images/satellite/cityb/tile_r10_c04.jpg,1024,2560,1280,2816,1152.0,2688.0,25.029505945945942,121.51240149019353
cityb_r10_c05,cityb_map,cityb,10,5,images/satellite/cityb/tile_r10_c05.jpg,1280,2560,1536,2816,1408.0,2688.0,25.029505945945942,121.5130378324241
cityb_r10_c06,cityb_map,cityb,10,6,images/satellite/cityb/tile_r10_c06.jpg,1536,2560,1792,2816,1664.0,2688.0,25.029505945945942,121.5136741746547
cityb_r10_c07,cityb_map,cityb,10,7,images/satellite/cityb/tile_r10_c07.jpg,1792,2560,2048,2816,1920.0,2688.0,25.029505945945942,121.51431051688527
cityb_r10_c08,cityb_map,cityb,10,8,images/satellite/cityb/tile_r10_c08.jpg,2048,2560,2304,2816,2176.0,2688.0,25.029505945945942,121.51494685911587
cityb_r10_c09,cityb_map,cityb,10,9,images/satellite/cityb/tile_r10_c09.jpg,2304,2560,2560,2816,2432.0,2688.0,25.029505945945942,121.51558320134644
cityb_r10_c10,cityb_map,cityb,10,10,images/satellite/cityb/tile_r10_c10.jpg,2560,2560,2816,2816,2688.0,2688.0,25.029505945945942,121.51621954357704
cityb_r10_c11,cityb_map,cityb,10,11,images/satellite/cityb/tile_r10_c11.jpg,2816,2560,3072,2816,2944.0,2688.0,25.029505945945942,121.51685588580762
cityb_r10_c12,cityb_map,cityb,10,12,images/satellite/cityb/tile_r10_c12.jpg,3072,2560,3328,2816,3200.0,2688.0,25.029505945945942,121.5174922280382
cityb_r10_c13,cityb_map,cityb,10,13,images/satellite/cityb/tile_r10_c13.jpg,3328,2560,3584,2816,3456.0,2688.0,25.029505945945942,121.51812857026879
cityb_r10_c14,cityb_map,cityb,10,14,images/satellite/cityb/tile_r10_c14.jpg,3584,2560,3840,2816,3712.0,2688.0,25.029505945945942,121.51876491249936
cityb_r10_c15,cityb_map,cityb,10,15,images/satellite/cityb/tile_r10_c15.jpg,3840,2560,4096,2816,3968.0,2688.0,25.029505945945942,121.51940125472996
cityb_r11_c00,cityb_map,cityb,11,0,images/satellite/cityb/tile_r11_c00.jpg,0,2816,256,3072,128.0,2944.0,25.02892936936937,121.50985612127118
cityb_r11_c01,cityb_map,cityb,11,1,images/satellite/cityb/tile_r11_c01.jpg,256,2816,512,3072,384.0,2944.0,25.02892936936937,121.51049246350178
cityb_r11_c02,cityb_map,cityb,11,2,images/satellite/cityb/tile_r11_c02.jpg,512,2816,768,3072,640.0,2944.0,25.02892936936937,121.51112880573235
cityb_r11_c03,cityb_map,cityb,11,3,images/satellite/cityb/tile_r11_c03.jpg,768,2816,1024,3072,896.0,2944.0,25.02892936936937,121.51176514796295
cityb_r11_c04,cityb_map,cityb,11,4,images/satellite/cityb/tile_r11_c04.jpg,1024,2816,1280,3072,1152.0,2944.0,25.02892936936937,121.51240149019353
cityb_r11_c05,cityb_map,cityb,11,5,images/satellite/cityb/tile_r11_c05.jpg,1280,2816,1536,3072,1408.0,2944.0,25.02892936936937,121.5130378324241
cityb_r11_c06,cityb_map,cityb,11,6,images/satellite/cityb/tile_r11_c06.jpg,1536,2816,1792,3072,1664.0,2944.0,25.02892936936937,121.5136741746547
cityb_r11_c07,cityb_map,cityb,11,7,images/satellite/cityb/tile_r11_c07.jpg,1792,2816,2048,3072,1920.0,2944.0,25.02892936936937,121.51431051688527
cityb_r11_c08,cityb_map,cityb,11,8,images/satellite/cityb/tile_r11_c08.jpg,2048,2816,2304,3072,2176.0,2944.0,25.02892936936937,121.51494685911587
cityb_r11_c09,cityb_map,cityb,11,9,images/satellite/cityb/tile_r11_c09.jpg,2304,2816,2560,3072,2432.0,2944.0,25.02892936936937,121.51558320134644
cityb_r11_c10,cityb_map,cityb,11,10,images/satellite/cityb/tile_r11_c10.jpg,2560,2816,2816,3072,2688.0,2944.0,25.02892936936937,121.51621954357704
cityb_r11_c11,cityb_map,cityb,11,11,images/satellite/cityb/tile_r11_c11.jpg,2816,2816,3072,3072,2944.0,2944.0,25.02892936936937,121.51685588580762
cityb_r11_c12,cityb_map,cityb,11,12,images/satellite/cityb/tile_r11_c12.jpg,3072,2816,3328,3072,3200.0,2944.0,25.02892936936937,121.5174922280382
cityb_r11_c13,cityb_map,cityb,11,13,images/satellite/cityb/tile_r11_c13.jpg,3328,2816,3584,3072,3456.0,2944.0,25.02892936936937,121.51812857026879
cityb_r11_c14,cityb_map,cityb,11,14,images/satellite/cityb/tile_r11_c14.jpg,3584,2816,3840,3072,3712.0,2944.0,25.02892936936937,121.51876491249936
cityb_r11_c15,cityb_map,cityb,11,15,images/satellite/cityb/tile_r11_c15.jpg,3840,2816,4096,3072,3968.0,2944.0,25.02892936936937,121.51940125472996
cityb_r12_c00,cityb_map,cityb,12,0,images/satellite/cityb/tile_r12_c00.jpg,0,3072,256,3328,128.0,3200.0,25.02835279279279,121.50985612127118
cityb_r12_c01,cityb_map,cityb,12,1,images/satellite/cityb/tile_r12_c01.jpg,256,3072,512,3328,384.0,3200.0,25.02835279279279,121.51049246350178
cityb_r12_c02,cityb_map,cityb,12,2,images/satellite/cityb/tile_r12_c02.jpg,512,3072,768,3328,640.0,3200.0,25.02835279279279,121.51112880573235
cityb_r12_c03,cityb_map,cityb,12,3,images/satellite/cityb/tile_r12_c03.jpg,768,3072,1024,3328,896.0,3200.0,25.02835279279279,121.51176514796295
cityb_r12_c04,cityb_map,cityb,12,4,images/satellite/cityb/tile_r12_c04.jpg,1024,3072,1280,3328,1152.0,3200.0,25.02835279279279,121.51240149019353
cityb_r12_c05,cityb_map,cityb,12,5,images/satellite/cityb/tile_r12_c05.jpg,1280,3072,1536,3328,1408.0,3200.0,25.02835279279279,121.5130378324241
cityb_r12_c06,cityb_map,cityb,12,6,images/satellite/cityb/tile_r12_c06.jpg,1536,3072,1792,3328,1664.0,3200.0,25.02835279279279,121.5136741746547
cityb_r12_c07,cityb_map,cityb,12,7,images/satellite/cityb/tile_r12_c07.jpg,1792,3072,2048,3328,1920.0,3200.0,25.02835279279279,121.51431051688527
cityb_r12_c08,cityb_map,cityb,12,8,images/satellite/cityb/tile_r12_c08.jpg,2048,3072,2304,3328,2176.0,3200.0,25.02835279279279,121.51494685911587
cityb_r12_c09,cityb_map,cityb,12,9,images/satellite/cityb/tile_r12_c09.jpg,2304,3072,2560,3328,2432.0,3200.0,25.02835279279279,121.51558320134644
cityb_r12_c10,cityb_map,cityb,12,10,images/satellite/cityb/tile_r12_c10.jpg,2560,3072,2816,3328,2688.0,3200.0,25.02835279279279,121.51621954357704
cityb_r12_c11,cityb_map,cityb,12,11,images/satellite/cityb/tile_r12_c11.jpg,2816,3072,3072,3328,2944.0,3200.0,25.02835279279279,121.51685588580762
cityb_r12_c12,cityb_map,cityb,12,12,images/satellite/cityb/tile_r12_c12.jpg,3072,3072,3328,3328,3200.0,3200.0,25.02835279279279,121.5174922280382
cityb_r12_c13,cityb_map,cityb,12,13,images/satellite/cityb/tile_r12_c13.jpg,3328,3072,3584,3328,3456.0,3200.0,25.02835279279279,121.51812857026879
cityb_r12_c14,cityb_map,cityb,12,14,images/satellite/cityb/tile_r12_c14.jpg,3584,3072,3840,3328,3712.0,3200.0,25.02835279279279,121.51876491249936
cityb_r12_c15,cityb_map,cityb,12,15,images/satellite/cityb/tile_r12_c15.jpg,3840,3072,4096,3328,3968.0,3200.0,25.02835279279279,121.51940125472996
cityb_r13_c00,cityb_map,cityb,13,0,images/satellite/cityb/tile_r13_c00.jpg,0,3328,256,3584,128.0,3456.0,25.027776216216214,121.50985612127118
cityb_r13_c01,cityb_map,cityb,13,1,images/satellite/cityb/tile_r13_c01.jpg,256,3328,512,3584,384.0,3456.0,25.027776216216214,121.51049246350178
cityb_r13_c02,cityb_map,cityb,13,2,images/satellite/cityb/tile_r13_c02.jpg,512,3328,768,3584,640.0,3456.0,25.027776216216214,121.51112880573235
cityb_r13_c03,cityb_map,cityb,13,3,images/satellite/cityb/tile_r13_c03.jpg,768,3328,1024,3584,896.0,3456.0,25.027776216216214,121.51176514796295
cityb_r13_c04,cityb_map,cityb,13,4,images/satellite/cityb/tile_r13_c04.jpg,1024,3328,1280,3584,1152.0,3456.0,25.027776216216214,121.51240149019353
cityb_r13_c05,cityb_map,cityb,13,5,images/satellite/cityb/tile_r13_c05.jpg,1280,3328,1536,3584,1408.0,3456.0,25.027776216216214,121.5130378324241
cityb_r13_c06,cityb_map,cityb,13,6,images/satellite/cityb/tile_r13_c06.jpg,1536,3328,1792,3584,1664.0,3456.0,25.027776216216214,121.5136741746547
cityb_r13_c07,cityb_map,cityb,13,7,images/satellite/cityb/tile_r13_c07.jpg,1792,3328,2048,3584,1920.0,3456.0,25.027776216216214,121.51431051688527
cityb_r13_c08,cityb_map,cityb,13,8,images/satellite/cityb/tile_r13_c08.jpg,2048,3328,2304,3584,2176.0,3456.0,25.027776216216214,121.51494685911587
cityb_r13_c09,cityb_map,cityb,13,9,images/satellite/cityb/tile_r13_c09.jpg,2304,3328,2560,3584,2432.0,3456.0,25.027776216216214,121.51558320134644
cityb_r13_c10,cityb_map,cityb,13,10,images/satellite/cityb/tile_r13_c10.jpg,2560,3328,2816,3584,2688.0,3456.0,25.027776216216214,121.51621954357704
cityb_r13_c11,cityb_map,cityb,13,11,images/satellite/cityb/tile_r13_c11.jpg,2816,3328,3072,3584,2944.0,3456.0,25.027776216216214,121.51685588580762
cityb_r13_c12,cityb_map,cityb,13,12,images/satellite/cityb/tile_r13_c12.jpg,3072,3328,3328,3584,3200.0,3456.0,25.027776216216214,121.5174922280382
cityb_r13_c13,cityb_map,cityb,13,13,images/satellite/cityb/tile_r13_c13.jpg,3328,3328,3584,3584,3456.0,3456.0,25.027776216216214,121.51812857026879
cityb_r13_c14,cityb_map,cityb,13,14,images/satellite/cityb/tile_r13_c14.jpg,3584,3328,3840,3584,3712.0,3456.0,25.027776216216214,121.51876491249936
cityb_r13_c15,cityb_map,cityb,13,15,images/satellite/cityb/tile_r13_c15.jpg,3840,3328,4096,3584,3968.0,3456.0,25.027776216216214,121.51940125472996
cityb_r14_c00,cityb_map,cityb,14,0,images/satellite/cityb/tile_r14_c00.jpg,0,3584,256,3840,128.0,3712.0,25.027199639639637,121.50985612127118
cityb_r14_c01,cityb_map,cityb,14,1,images/satellite/cityb/tile_r14_c01.jpg,256,3584,512,3840,384.0,3712.0,25.027199639639637,121.51049246350178
cityb_r14_c02,cityb_map,cityb,14,2,images/satellite/cityb/tile_r14_c02.jpg,512,3584,768,3840,640.0,3712.0,25.027199639639637,121.51112880573235
cityb_r14_c03,cityb_map,cityb,14,3,images/satellite/cityb/tile_r14_c03.jpg,768,3584,1024,3840,896.0,3712.0,25.027199639639637,121.51176514796295
cityb_r14_c04,cityb_map,cityb,14,4,images/satellite/cityb/tile_r14_c04.jpg,1024,3584,1280,3840,1152.0,3712.0,25.027199639639637,121.51240149019353
cityb_r14_c05,cityb_map,cityb,14,5,images/satellite/cityb/tile_r14_c05.jpg,1280,3584,1536,3840,1408.0,3712.0,25.027199639639637,121.5130378324241
cityb_r14_c06,cityb_map,cityb,14,6,images/satellite/cityb/tile_r14_c06.jpg,1536,3584,1792,3840,1664.0,3712.0,25.027199639639637,121.5136741746547
cityb_r14_c07,cityb_map,cityb,14,7,images/satellite/cityb/tile_r14_c07.jpg,1792,3584,2048,3840,1920.0,3712.0,25.027199639639637,121.51431051688527
cityb_r14_c08,cityb_map,cityb,14,8,images/satellite/cityb/tile_r14_c08.jpg,2048,3584,2304,3840,2176.0,3712.0,25.027199639639637,121.51494685911587
cityb_r14_c09,cityb_map,cityb,14,9,images/satellite/cityb/tile_r14_c09.jpg,2304,3584,2560,3840,2432.0,3712.0,25.027199639639637,121.51558320134644
cityb_r14_c10,cityb_map,cityb,14,10,images/satellite/cityb/tile_r14_c10.jpg,2560,3584,2816,3840,2688.0,3712.0,25.027199639639637,121.51621954357704
cityb_r14_c11,cityb_map,cityb,14,11,images/satellite/cityb/tile_r14_c11.jpg,2816,3584,3072,3840,2944.0,3712.0,25.027199639639637,121.51685588580762
cityb_r14_c12,cityb_map,cityb,14,12,images/satellite/cityb/tile_r14_c12.jpg,3072,3584,3328,3840,3200.0,3712.0,25.027199639639637,121.5174922280382
cityb_r14_c13,cityb_map,cityb,14,13,images/satellite/cityb/tile_r14_c13.jpg,3328,3584,3584,3840,3456.0,3712.0,25.027199639639637,121.51812857026879
cityb_r14_c14,cityb_map,cityb,14,14,images/satellite/cityb/tile_r14_c14.jpg,3584,3584,3840,3840,3712.0,3712.0,25.027199639639637,121.51876491249936
cityb_r14_c15,cityb_map,cityb,14,15,images/satellite/cityb/tile_r14_c15.jpg,3840,3584,4096,3840,3968.0,3712.0,25.027199639639637,121.51940125472996
cityb_r15_c00,cityb_map,cityb,15,0,images/satellite/cityb/tile_r15_c00.jpg,0,3840,256,4096,128.0,3968.0,25.02662306306306,121.50985612127118
cityb_r15_c01,cityb_map,cityb,15,1,images/satellite/cityb/tile_r15_c01.jpg,256,3840,512,4096,384.0,3968.0,25.02662306306306,121.51049246350178
cityb_r15_c02,cityb_map,cityb,15,2,images/satellite/cityb/tile_r15_c02.jpg,512,3840,768,4096,640.0,3968.0,25.02662306306306,121.51112880573235
cityb_r15_c03,cityb_map,cityb,15,3,images/satellite/cityb/tile_r15_c03.jpg,768,3840,1024,4096,896.0,3968.0,25.02662306306306,121.51176514796295
cityb_r15_c04,cityb_map,cityb,15,4,images/satellite/cityb/tile_r15_c04.jpg,1024,3840,1280,4096,1152.0,3968.0,25.02662306306306,121.51240149019353
cityb_r15_c05,cityb_map,cityb,15,5,images/satellite/cityb/tile_r15_c05.jpg,1280,3840,1536,4096,1408.0,3968.0,25.02662306306306,121.5130378324241
cityb_r15_c06,cityb_map,cityb,15,6,images/satellite/cityb/tile_r15_c06.jpg,1536,3840,1792,4096,1664.0,3968.0,25.02662306306306,121.5136741746547
cityb_r15_c07,cityb_map,cityb,15,7,images/satellite/cityb/tile_r15_c07.jpg,1792,3840,2048,4096,1920.0,3968.0,25.02662306306306,121.51431051688527
cityb_r15_c08,cityb_map,cityb,15,8,images/satellite/cityb/tile_r15_c08.jpg,2048,3840,2304,4096,2176.0,3968.0,25.02662306306306,121.51494685911587
cityb_r15_c09,cityb_map,cityb,15,9,images/satellite/cityb/tile_r15_c09.jpg,2304,3840,2560,4096,2432.0,3968.0,25.02662306306306,121.51558320134644
cityb_r15_c10,cityb_map,cityb,15,10,images/satellite/cityb/tile_r15_c10.jpg,2560,3840,2816,4096,2688.0,3968.0,25.02662306306306,121.51621954357704
cityb_r15_c11,cityb_map,cityb,15,11,images/satellite/cityb/tile_r15_c11.jpg,2816,3840,3072,4096,2944.0,3968.0,25.02662306306306,121.51685588580762
cityb_r15_c12,cityb_map,cityb,15,12,images/satellite/cityb/tile_r15_c12.jpg,3072,3840,3328,4096,3200.0,3968.0,25.02662306306306,121.5174922280382
cityb_r15_c13,cityb_map,cityb,15,13,images/satellite/cityb/tile_r15_c13.jpg,3328,3840,3584,4096,3456.0,3968.0,25.02662306306306,121.51812857026879
cityb_r15_c14,cityb_map,cityb,15,14,images/satellite/cityb/tile_r15_c14.jpg,3584,3840,3840,4096,3712.0,3968.0,25.02662306306306,121.51876491249936
cityb_r15_c15,cityb_map,cityb,15,15,images/satellite/cityb/tile_r15_c15.jpg,3840,3840,4096,4096,3968.0,3968.0,25.02662306306306,121.51940125472996
cityc_r00_c00,cityc_map,cityc,0,0,images/satellite/cityc/tile_r00_c00.jpg,0,0,256,256,128.0,128.0,1.294091711711712,103.83765077317027
cityc_r00_c01,cityc_map,cityc,0,1,images/satellite/cityc/tile_r00_c01.jpg,256,0,512,256,384.0,128.0,1.294091711711712,103.83822749586233
cityc_r00_c02,cityc_map,cityc,0,2,images/satellite/cityc/tile_r00_c02.jpg,512,0,768,256,640.0,128.0,1.294091711711712,103.83880421855439
cityc_r00_c03,cityc_map,cityc,0,3,images/satellite/cityc/tile_r00_c03.jpg,768,0,1024,256,896.0,128.0,1.294091711711712,103.83938094124643
cityc_r00_c04,cityc_map,cityc,0,4,images/satellite/cityc/tile_r00_c04.jpg,1024,0,1280,256,1152.0,128.0,1.294091711711712,103.83995766393849
cityc_r00_c05,cityc_map,cityc,0,5,images/satellite/cityc/tile_r00_c05.jpg,1280,0,1536,256,1408.0,128.0,1.294091711711712,103.84053438663054
cityc_r00_c06,cityc_map,cityc,0,6,images/satellite/cityc/tile_r00_c06.jpg,1536,0,1792,256,1664.0,128.0,1.294091711711712,103.8411111093226
cityc_r00_c07,cityc_map,cityc,0,7,images/satellite/cityc/tile_r00_c07.jpg,1792,0,2048,256,1920.0,128.0,1.294091711711712,103.84168783201466
cityc_r00_c08,cityc_map,cityc,0,8,images/satellite/cityc/tile_r00_c08.jpg,2048,0,2304,256,2176.0,128.0,1.294091711711712,103.8422645547067
cityc_r00_c09,cityc_map,cityc,0,9,images/satellite/cityc/tile_r00_c09.jpg,2304,0,2560,256,2432.0,128.0,1.294091711711712,103.84284127739876
cityc_r00_c10,cityc_map,cityc,0,10,images/satellite/cityc/tile_r00_c10.jpg,2560,0,2816,256,2688.0,128.0,1.294091711711712,103.84341800009082
cityc_r00_c11,cityc_map,cityc,0,11,images/satellite/cityc/tile_r00_c11.jpg,2816,0,3072,256,2944.0,128.0,1.294091711711712,103.84399472278287
cityc_r00_c12,cityc_map,cityc,0,12,images/satellite/cityc/tile_r00_c12.jpg,3072,0,3328,256,3200.0,128.0,1.294091711711712,103.84457144547493
cityc_r00_c13,cityc_map,cityc,0,13,images/satellite/cityc/tile_r00_c13.jpg,3328,0,3584,256,3456.0,128.0,1.294091711711712,103.84514816816697
cityc_r00_c14,cityc_map,cityc,0,14,images/satellite/cityc/tile_r00_c14.jpg,3584,0,3840,256,3712.0,128.0,1.294091711711712,103.84572489085903
cityc_r00_c15,cityc_map,cityc,0,15,images/satellite/cityc/tile_r00_c15.jpg,3840,0,4096,256,3968.0,128.0,1.294091711711712,103.84630161355109
cityc_r01_c00,cityc_map,cityc,1,0,images/satellite/cityc/tile_r01_c00.jpg,0,256,256,512,128.0,384.0,1.2935151351351353,103.83765077317027
cityc_r01_c01,cityc_map,cityc,1,1,images/satellite/cityc/tile_r01_c01.jpg,256,256,512,512,384.0,384.0,1.2935151351351353,103.83822749586233
cityc_r01_c02,cityc_map,cityc,1,2,images/satellite/cityc/tile_r01_c02.jpg,512,256,768,512,640.0,384.0,1.2935151351351353,103.83880421855439
cityc_r01_c03,cityc_map,cityc,1,3,images/satellite/cityc/tile_r01_c03.jpg,768,256,1024,512,896.0,384.0,1.2935151351351353,103.83938094124643
cityc_r01_c04,cityc_map,cityc,1,4,images/satellite/cityc/tile_r01_c04.jpg,1024,256,1280,512,1152.0,384.0,1.2935151351351353,103.83995766393849
cityc_r01_c05,cityc_map,cityc,1,5,images/satellite/cityc/tile_r01_c05.jpg,1280,256,1536,512,1408.0,384.0,1.2935151351351353,103.84053438663054
cityc_r01_c06,cityc_map,cityc,1,6,images/satellite/cityc/tile_r01_c06.jpg,1536,256,1792,512,1664.0,384.0,1.2935151351351353,103.8411111093226
cityc_r01_c07,cityc_map,cityc,1,7,images/satellite/cityc/tile_r01_c07.jpg,1792,256,2048,512,1920.0,384.0,1.2935151351351353,103.84168783201466
cityc_r01_c08,cityc_map,cityc,1,8,images/satellite/cityc/tile_r01_c08.jpg,2048,256,2304,512,2176.0,384.0,1.2935151351351353,103.8422645547067
cityc_r01_c09,cityc_map,cityc,1,9,images/satellite/cityc/tile_r01_c09.jpg,2304,256,2560,512,2432.0,384.0,1.2935151351351353,103.84284127739876
cityc_r01_c10,cityc_map,cityc,1,10,images/satellite/cityc/tile_r01_c10.jpg,2560,256,2816,512,2688.0,384.0,1.2935151351351353,103.84341800009082
cityc_r01_c11,cityc_map,cityc,1,11,images/satellite/cityc/tile_r01_c11.jpg,2816,256,3072,512,2944.0,384.0,1.2935151351351353,103.84399472278287
cityc_r01_c12,cityc_map,cityc,1,12,images/satellite/cityc/tile_r01_c12.jpg,3072,256,3328,512,3200.0,384.0,1.2935151351351353,103.84457144547493
cityc_r01_c13,cityc_map,cityc,1,13,images/satellite/cityc/tile_r01_c13.jpg,3328,256,3584,512,3456.0,384.0,1.2935151351351353,103.84514816816697
cityc_r01_c14,cityc_map,cityc,1,14,images/satellite/cityc/tile_r01_c14.jpg,3584,256,3840,512,3712.0,384.0,1.2935151351351353,103.84572489085903
cityc_r01_c15,cityc_map,cityc,1,15,images/satellite/cityc/tile_r01_c15.jpg,3840,256,4096,512,3968.0,384.0,1.2935151351351353,103.84630161355109
cityc_r02_c00,cityc_map,cityc,2,0,images/satellite/cityc/tile_r02_c00.jpg,0,512,256,768,128.0,640.0,1.2929385585585589,103.83765077317027
cityc_r02_c01,cityc_map,cityc,2,1,images/satellite/cityc/tile_r02_c01.jpg,256,512,512,768,384.0,640.0,1.2929385585585589,103.83822749586233
cityc_r02_c02,cityc_map,cityc,2,2,images/satellite/cityc/tile_r02_c02.jpg,512,512,768,768,640.0,640.0,1.2929385585585589,103.83880421855439
cityc_r02_c03,cityc_map,cityc,2,3,images/satellite/cityc/tile_r02_c03.jpg,768,512,1024,768,896.0,640.0,1.2929385585585589,103.83938094124643
cityc_r02_c04,cityc_map,cityc,2,4,images/satellite/cityc/tile_r02_c04.jpg,1024,512,1280,768,1152.0,640.0,1.2929385585585589,103.83995766393849
cityc_r02_c05,cityc_map,cityc,2,5,images/satellite/cityc/tile_r02_c05.jpg,1280,512,1536,768,1408.0,640.0,1.2929385585585589,103.84053438663054
cityc_r02_c06,cityc_map,cityc,2,6,images/satellite/cityc/tile_r02_c06.jpg,1536,512,1792,768,1664.0,640.0,1.2929385585585589,103.8411111093226
cityc_r02_c07,cityc_map,cityc,2,7,images/satellite/cityc/tile_r02_c07.jpg,1792,512,2048,768,1920.0,640.0,1.2929385585585589,103.84168783201466
cityc_r02_c08,cityc_map,cityc,2,8,images/satellite/cityc/tile_r02_c08.jpg,2048,512,2304,768,2176.0,640.0,1.2929385585585589,103.8422645547067
cityc_r02_c09,cityc_map,cityc,2,9,images/satellite/cityc/tile_r02_c09.jpg,2304,512,2560,768,2432.0,640.0,1.2929385585585589,103.84284127739876
cityc_r02_c10,cityc_map,cityc,2,10,images/satellite/cityc/tile_r02_c10.jpg,2560,512,2816,768,2688.0,640.0,1.2929385585585589,103.84341800009082
cityc_r02_c11,cityc_map,cityc,2,11,images/satellite/cityc/tile_r02_c11.jpg,2816,512,3072,768,2944.0,640.0,1.2929385585585589,103.84399472278287
cityc_r02_c12,cityc_map,cityc,2,12,images/satellite/cityc/tile_r02_c12.jpg,3072,512,3328,768,3200.0,640.0,1.2929385585585589,103.84457144547493
cityc_r02_c13,cityc_map,cityc,2,13,images/satellite/cityc/tile_r02_c13.jpg,3328,512,3584,768,3456.0,640.0,1.2929385585585589,103.84514816816697
cityc_r02_c14,cityc_map,cityc,2,14,images/satellite/cityc/tile_r02_c14.jpg,3584,512,3840,768,3712.0,640.0,1.2929385585585589,103.84572489085903
cityc_r02_c15,cityc_map,cityc,2,15,images/satellite/cityc/tile_r02_c15.jpg,3840,512,4096,768,3968.0,640.0,1.2929385585585589,103.84630161355109
cityc_r03_c00,cityc_map,cityc,3,0,images/satellite/cityc/tile_r03_c00.jpg,0,768,256,1024,128.0,896.0,1.2923619819819823,103.83765077317027
cityc_r03_c01,cityc_map,cityc,3,1,images/satellite/cityc/tile_r03_c01.jpg,256,768,512,1024,384.0,896.0,1.2923619819819823,103.83822749586233
cityc_r03_c02,cityc_map,cityc,3,2,images/satellite/cityc/tile_r03_c02.jpg,512,768,768,1024,640.0,896.0,1.2923619819819823,103.83880421855439
cityc_r03_c03,cityc_map,cityc,3,3,images/satellite/cityc/tile_r03_c03.jpg,768,768,1024,1024,896.0,896.0,1.2923619819819823,103.83938094124643
cityc_r03_c04,cityc_map,cityc,3,4,images/satellite/cityc/tile_r03_c04.jpg,1024,768,1280,1024,1152.0,896.0,1.2923619819819823,103.83995766393849
cityc_r03_c05,cityc_map,cityc,3,5,images/satellite/cityc/tile_r03_c05.jpg,1280,768,1536,1024,1408.0,896.0,1.2923619819819823,103.84053438663054
cityc_r03_c06,cityc_map,cityc,3,6,images/satellite/cityc/tile_r03_c06.jpg,1536,768,1792,1024,1664.0,896.0,1.2923619819819823,103.8411111093226
cityc_r03_c07,cityc_map,cityc,3,7,images/satellite/cityc/tile_r03_c07.jpg,1792,768,2048,1024,1920.0,896.0,1.2923619819819823,103.84168783201466
cityc_r03_c08,cityc_map,cityc,3,8,images/satellite/cityc/tile_r03_c08.jpg,2048,768,2304,1024,2176.0,896.0,1.2923619819819823,103.8422645547067
cityc_r03_c09,cityc_map,cityc,3,9,images/satellite/cityc/tile_r03_c09.jpg,2304,768,2560,1024,2432.0,896.0,1.2923619819819823,103.84284127739876
cityc_r03_c10,cityc_map,cityc,3,10,images/satellite/cityc/tile_r03_c10.jpg,2560,768,2816,1024,2688.0,896.0,1.2923619819819823,103.84341800009082
cityc_r03_c11,cityc_map,cityc,3,11,images/satellite/cityc/tile_r03_c11.jpg,2816,768,3072,1024,2944.0,896.0,1.2923619819819823,103.84399472278287
cityc_r03_c12,cityc_map,cityc,3,12,images/satellite/cityc/tile_r03_c12.jpg,3072,768,3328,1024,3200.0,896.0,1.2923619819819823,103.84457144547493
cityc_r03_c13,cityc_map,cityc,3,13,images/satellite/cityc/tile_r03_c13.jpg,3328,768,3584,1024,3456.0,896.0,1.2923619819819823,103.84514816816697
cityc_r03_c14,cityc_map,cityc,3,14,images/satellite/cityc/tile_r03_c14.jpg,3584,768,3840,1024,3712.0,896.0,1.2923619819819823,103.84572489085903
cityc_r03_c15,cityc_map,cityc,3,15,images/satellite/cityc/tile_r03_c15.jpg,3840,768,4096,1024,3968.0,896.0,1.2923619819819823,103.84630161355109
cityc_r04_c00,cityc_map,cityc,4,0,images/satellite/cityc/tile_r04_c00.jpg,0,1024,256,1280,128.0,1152.0,1.2917854054054057,103.83765077317027
cityc_r04_c01,cityc_map,cityc,4,1,images/satellite/cityc/tile_r04_c01.jpg,256,1024,512,1280,384.0,1152.0,1.2917854054054057,103.83822749586233
cityc_r04_c02,cityc_map,cityc,4,2,images/satellite/cityc/tile_r04_c02.jpg,512,1024,768,1280,640.0,1152.0,1.2917854054054057,103.83880421855439
cityc_r04_c03,cityc_map,cityc,4,3,images/satellite/cityc/tile_r04_c03.jpg,768,1024,1024,1280,896.0,1152.0,1.2917854054054057,103.83938094124643
cityc_r04_c04,cityc_map,cityc,4,4,images/satellite/cityc/tile_r04_c04.jpg,1024,1024,1280,1280,1152.0,1152.0,1.2917854054054057,103.83995766393849
cityc_r04_c05,cityc_map,cityc,4,5,images/satellite/cityc/tile_r04_c05.jpg,1280,1024,1536,1280,1408.0,1152.0,1.2917854054054057,103.84053438663054
cityc_r04_c06,cityc_map,cityc,4,6,images/satellite/cityc/tile_r04_c06.jpg,1536,1024,1792,1280,1664.0,1152.0,1.2917854054054057,103.8411111093226
cityc_r04_c07,cityc_map,cityc,4,7,images/satellite/cityc/tile_r04_c07.jpg,1792,1024,2048,1280,1920.0,1152.0,1.2917854054054057,103.84168783201466
cityc_r04_c08,cityc_map,cityc,4,8,images/satellite/cityc/tile_r04_c08.jpg,2048,1024,2304,1280,2176.0,1152.0,1.2917854054054057,103.8422645547067
cityc_r04_c09,cityc_map,cityc,4,9,images/satellite/cityc/tile_r04_c09.jpg,2304,1024,2560,1280,2432.0,1152.0,1.2917854054054057,103.84284127739876
cityc_r04_c10,cityc_map,cityc,4,10,images/satellite/cityc/tile_r04_c10.jpg,2560,1024,2816,1280,2688.0,1152.0,1.2917854054054057,103.84341800009082
cityc_r04_c11,cityc_map,cityc,4,11,images/satellite/cityc/tile_r04_c11.jpg,2816,1024,3072,1280,2944.0,1152.0,1.2917854054054057,103.84399472278287
cityc_r04_c12,cityc_map,cityc,4,12,images/satellite/cityc/tile_r04_c12.jpg,3072,1024,3328,1280,3200.0,1152.0,1.2917854054054057,103.84457144547493
cityc_r04_c13,cityc_map,cityc,4,13,images/satellite/cityc/tile_r04_c13.jpg,3328,1024,3584,1280,3456.0,1152.0,1.2917854054054057,103.84514816816697
cityc_r04_c14,cityc_map,cityc,4,14,images/satellite/cityc/tile_r04_c14.jpg,3584,1024,3840,1280,3712.0,1152.0,1.2917854054054057,103.84572489085903
cityc_r04_c15,cityc_map,cityc,4,15,images/satellite/cityc/tile_r04_c15.jpg,3840,1024,4096,1280,3968.0,1152.0,1.2917854054054057,103.84630161355109
cityc_r05_c00,cityc_map,cityc,5,0,images/satellite/cityc/tile_r05_c00.jpg,0,1280,256,1536,128.0,1408.0,1.291208828828829,103.83765077317027
cityc_r05_c01,cityc_map,cityc,5,1,images/satellite/cityc/tile_r05_c01.jpg,256,1280,512,1536,384.0,1408.0,1.291208828828829,103.83822749586233
cityc_r05_c02,cityc_map,cityc,5,2,images/satellite/cityc/tile_r05_c02.jpg,512,1280,768,1536,640.0,1408.0,1.291208828828829,103.83880421855439
cityc_r05_c03,cityc_map,cityc,5,3,images/satellite/cityc/tile_r05_c03.jpg,768,1280,1024,1536,896.0,1408.0,1.291208828828829,103.83938094124643
cityc_r05_c04,cityc_map,cityc,5,4,images/satellite/cityc/tile_r05_c04.jpg,1024,1280,1280,1536,1152.0,1408.0,1.291208828828829,103.83995766393849
cityc_r05_c05,cityc_map,cityc,5,5,images/satellite/cityc/tile_r05_c05.jpg,1280,1280,1536,1536,1408.0,1408.0,1.291208828828829,103.84053438663054
cityc_r05_c06,cityc_map,cityc,5,6,images/satellite/cityc/tile_r05_c06.jpg,1536,1280,1792,1536,1664.0,1408.0,1.291208828828829,103.8411111093226
cityc_r05_c07,cityc_map,cityc,5,7,images/satellite/cityc/tile_r05_c07.jpg,1792,1280,2048,1536,1920.0,1408.0,1.291208828828829,103.84168783201466
cityc_r05_c08,cityc_map,cityc,5,8,images/satellite/cityc/tile_r05_c08.jpg,2048,1280,2304,1536,2176.0,1408.0,1.291208828828829,103.8422645547067
cityc_r05_c09,cityc_map,cityc,5,9,images/satellite/cityc/tile_r05_c09.jpg,2304,1280,2560,1536,2432.0,1408.0,1.291208828828829,103.84284127739876
cityc_r05_c10,cityc_map,cityc,5,10,images/satellite/cityc/tile_r05_c10.jpg,2560,1280,2816,1536,2688.0,1408.0,1.291208828828829,103.84341800009082
cityc_r05_c11,cityc_map,cityc,5,11,images/satellite/cityc/tile_r05_c11.jpg,2816,1280,3072,1536,2944.0,1408.0,1.291208828828829,103.84399472278287
cityc_r05_c12,cityc_map,cityc,5,12,images/satellite/cityc/tile_r05_c12.jpg,3072,1280,3328,1536,3200.0,1408.0,1.291208828828829,103.84457144547493
cityc_r05_c13,cityc_map,cityc,5,13,images/satellite/cityc/tile_r05_c13.jpg,3328,1280,3584,1536,3456.0,1408.0,1.291208828828829,103.84514816816697
cityc_r05_c14,cityc_map,cityc,5,14,images/satellite/cityc/tile_r05_c14.jpg,3584,1280,3840,1536,3712.0,1408.0,1.291208828828829,103.84572489085903
cityc_r05_c15,cityc_map,cityc,5,15,images/satellite/cityc/tile_r05_c15.jpg,3840,1280,4096,1536,3968.0,1408.0,1.291208828828829,103.84630161355109
cityc_r06_c00,cityc_map,cityc,6,0,images/satellite/cityc/tile_r06_c00.jpg,0,1536,256,1792,128.0,1664.0,1.2906322522522524,103.83765077317027
cityc_r06_c01,cityc_map,cityc,6,1,images/satellite/cityc/tile_r06_c01.jpg,256,1536,512,1792,384.0,1664.0,1.2906322522522524,103.83822749586233
cityc_r06_c02,cityc_map,cityc,6,2,images/satellite/cityc/tile_r06_c02.jpg,512,1536,768,1792,640.0,1664.0,1.2906322522522524,103.83880421855439
cityc_r06_c03,cityc_map,cityc,6,3,images/satellite/cityc/tile_r06_c03.jpg,768,1536,1024,1792,896.0,1664.0,1.2906322522522524,103.83938094124643
cityc_r06_c04,cityc_map,cityc,6,4,images/satellite/cityc/tile_r06_c04.jpg,1024,1536,1280,1792,1152.0,1664.0,1.2906322522522524,103.83995766393849
cityc_r06_c05,cityc_map,cityc,6,5,images/satellite/cityc/tile_r06_c05.jpg,1280,1536,1536,1792,1408.0,1664.0,1.2906322522522524,103.84053438663054
cityc_r06_c06,cityc_map,cityc,6,6,images/satellite/cityc/tile_r06_c06.jpg,1536,1536,1792,1792,1664.0,1664.0,1.2906322522522524,103.8411111093226
cityc_r06_c07,cityc_map,cityc,6,7,images/satellite/cityc/tile_r06_c07.jpg,1792,1536,2048,1792,1920.0,1664.0,1.2906322522522524,103.84168783201466
cityc_r06_c08,cityc_map,cityc,6,8,images/satellite/cityc/tile_r06_c08.jpg,2048,1536,2304,1792,2176.0,1664.0,1.2906322522522524,103.8422645547067
cityc_r06_c09,cityc_map,cityc,6,9,images/satellite/cityc/tile_r06_c09.jpg,2304,1536,2560,1792,2432.0,1664.0,1.2906322522522524,103.84284127739876
cityc_r06_c10,cityc_map,cityc,6,10,images/satellite/cityc/tile_r06_c10.jpg,2560,1536,2816,1792,2688.0,1664.0,1.2906322522522524,103.84341800009082
cityc_r06_c11,cityc_map,cityc,6,11,images/satellite/cityc/tile_r06_c11.jpg,2816,1536,3072,1792,2944.0,1664.0,1.2906322522522524,103.84399472278287
cityc_r06_c12,cityc_map,cityc,6,12,images/satellite/cityc/tile_r06_c12.jpg,3072,1536,3328,1792,3200.0,1664.0,1.2906322522522524,103.84457144547493
cityc_r06_c13,cityc_map,cityc,6,13,images/satellite/cityc/tile_r06_c13.jpg,3328,1536,3584,1792,3456.0,1664.0,1.2906322522522524,103.84514816816697
cityc_r06_c14,cityc_map,cityc,6,14,images/satellite/cityc/tile_r06_c14.jpg,3584,1536,3840,1792,3712.0,1664.0,1.2906322522522524,103.84572489085903
cityc_r06_c15,cityc_map,cityc,6,15,images/satellite/cityc/tile_r06_c15.jpg,3840,1536,4096,1792,3968.0,1664.0,1.2906322522522524,103.84630161355109
cityc_r07_c00,cityc_map,cityc,7,0,images/satellite/cityc/tile_r07_c00.jpg,0,1792,256,2048,128.0,1920.0,1.2900556756756758,103.83765077317027
cityc_r07_c01,cityc_map,cityc,7,1,images/satellite/cityc/tile_r07_c01.jpg,256,1792,512,2048,384.0,1920.0,1.2900556756756758,103.83822749586233
cityc_r07_c02,cityc_map,cityc,7,2,images/satellite/cityc/tile_r07_c02.jpg,512,1792,768,2048,640.0,1920.0,1.2900556756756758,103.83880421855439
cityc_r07_c03,cityc_map,cityc,7,3,images/satellite/cityc/tile_r07_c03.jpg,768,1792,1024,2048,896.0,1920.0,1.2900556756756758,103.83938094124643
cityc_r07_c04,cityc_map,cityc,7,4,images/satellite/cityc/tile_r07_c04.jpg,1024,1792,1280,2048,1152.0,1920.0,1.2900556756756758,103.83995766393849
cityc_r07_c05,cityc_map,cityc,7,5,images/satellite/cityc/tile_r07_c05.jpg,1280,1792,1536,2048,1408.0,1920.0,1.2900556756756758,103.84053438663054
cityc_r07_c06,cityc_map,cityc,7,6,images/satellite/cityc/tile_r07_c06.jpg,1536,1792,1792,2048,1664.0,1920.0,1.2900556756756758,103.8411111093226
cityc_r07_c07,cityc_map,cityc,7,7,images/satellite/cityc/tile_r07_c07.jpg,1792,1792,2048,2048,1920.0,1920.0,1.2900556756756758,103.84168783201466
cityc_r07_c08,cityc_map,cityc,7,8,images/satellite/cityc/tile_r07_c08.jpg,2048,1792,2304,2048,2176.0,1920.0,1.2900556756756758,103.8422645547067
cityc_r07_c09,cityc_map,cityc,7,9,images/satellite/cityc/tile_r07_c09.jpg,2304,1792,2560,2048,2432.0,1920.0,1.2900556756756758,103.84284127739876
cityc_r07_c10,cityc_map,cityc,7,10,images/satellite/cityc/tile_r07_c10.jpg,2560,1792,2816,2048,2688.0,1920.0,1.2900556756756758,103.84341800009082
cityc_r07_c11,cityc_map,cityc,7,11,images/satellite/cityc/tile_r07_c11.jpg,2816,1792,3072,2048,2944.0,1920.0,1.2900556756756758,103.84399472278287
cityc_r07_c12,cityc_map,cityc,7,12,images/satellite/cityc/tile_r07_c12.jpg,3072,1792,3328,2048,3200.0,1920.0,1.2900556756756758,103.84457144547493
cityc_r07_c13,cityc_map,cityc,7,13,images/satellite/cityc/tile_r07_c13.jpg,3328,1792,3584,2048,3456.0,1920.0,1.2900556756756758,103.84514816816697
cityc_r07_c14,cityc_map,cityc,7,14,images/satellite/cityc/tile_r07_c14.jpg,3584,1792,3840,2048,3712.0,1920.0,1.2900556756756758,103.84572489085903
cityc_r07_c15,cityc_map,cityc,7,15,images/satellite/cityc/tile_r07_c15.jpg,3840,1792,4096,2048,3968.0,1920.0,1.2900556756756758,103.84630161355109
cityc_r08_c00,cityc_map,cityc,8,0,images/satellite/cityc/tile_r08_c00.jpg,0,2048,256,2304,128.0,2176.0,1.2894790990990994,103.83765077317027
cityc_r08_c01,cityc_map,cityc,8,1,images/satellite/cityc/tile_r08_c01.jpg,256,2048,512,2304,384.0,2176.0,1.2894790990990994,103.83822749586233
cityc_r08_c02,cityc_map,cityc,8,2,images/satellite/cityc/tile_r08_c02.jpg,512,2048,768,2304,640.0,2176.0,1.2894790990990994,103.83880421855439
cityc_r08_c03,cityc_map,cityc,8,3,images/satellite/cityc/tile_r08_c03.jpg,768,2048,1024,2304,896.0,2176.0,1.2894790990990994,103.83938094124643
cityc_r08_c04,cityc_map,cityc,8,4,images/satellite/cityc/tile_r08_c04.jpg,1024,2048,1280,2304,1152.0,2176.0,1.2894790990990994,103.83995766393849
cityc_r08_c05,cityc_map,cityc,8,5,images/satellite/cityc/tile_r08_c05.jpg,1280,2048,1536,2304,1408.0,2176.0,1.2894790990990994,103.84053438663054
cityc_r08_c06,cityc_map,cityc,8,6,images/satellite/cityc/tile_r08_c06.jpg,1536,2048,1792,2304,1664.0,2176.0,1.2894790990990994,103.8411111093226
cityc_r08_c07,cityc_map,cityc,8,7,images/satellite/cityc/tile_r08_c07.jpg,1792,2048,2048,2304,1920.0,2176.0,1.2894790990990994,103.84168783201466
cityc_r08_c08,cityc_map,cityc,8,8,images/satellite/cityc/tile_r08_c08.jpg,2048,2048,2304,2304,2176.0,2176.0,1.2894790990990994,103.8422645547067
cityc_r08_c09,cityc_map,cityc,8,9,images/satellite/cityc/tile_r08_c09.jpg,2304,2048,2560,2304,2432.0,2176.0,1.2894790990990994,103.84284127739876
cityc_r08_c10,cityc_map,cityc,8,10,images/satellite/cityc/tile_r08_c10.jpg,2560,2048,2816,2304,2688.0,2176.0,1.2894790990990994,103.84341800009082
cityc_r08_c11,cityc_map,cityc,8,11,images/satellite/cityc/tile_r08_c11.jpg,2816,2048,3072,2304,2944.0,2176.0,1.2894790990990994,103.84399472278287
cityc_r08_c12,cityc_map,cityc,8,12,images/satellite/cityc/tile_r08_c12.jpg,3072,2048,3328,2304,3200.0,2176.0,1.2894790990990994,103.84457144547493
cityc_r08_c13,cityc_map,cityc,8,13,images/satellite/cityc/tile_r08_c13.jpg,3328,2048,3584,2304,3456.0,2176.0,1.2894790990990994,103.84514816816697
cityc_r08_c14,cityc_map,cityc,8,14,images/satellite/cityc/tile_r08_c14.jpg,3584,2048,3840,2304,3712.0,2176.0,1.2894790990990994,103.84572489085903
cityc_r08_c15,cityc_map,cityc,8,15,images/satellite/cityc/tile_r08_c15.jpg,3840,2048,4096,2304,3968.0,2176.0,1.2894790990990994,103.84630161355109
cityc_r09_c00,cityc_map,cityc,9,0,images/satellite/cityc/tile_r09_c00.jpg,0,2304,256,2560,128.0,2432.0,1.2889025225225228,103.83765077317027
cityc_r09_c01,cityc_map,cityc,9,1,images/satellite/cityc/tile_r09_c01.jpg,256,2304,512,2560,384.0,2432.0,1.2889025225225228,103.83822749586233
cityc_r09_c02,cityc_map,cityc,9,2,images/satellite/cityc/tile_r09_c02.jpg,512,2304,768,2560,640.0,2432.0,1.2889025225225228,103.83880421855439
cityc_r09_c03,cityc_map,cityc,9,3,images/satellite/cityc/tile_r09_c03.jpg,768,2304,1024,2560,896.0,2432.0,1.2889025225225228,103.83938094124643
cityc_r09_c04,cityc_map,cityc,9,4,images/satellite/cityc/tile_r09_c04.jpg,1024,2304,1280,2560,1152.0,2432.0,1.2889025225225228,103.83995766393849
cityc_r09_c05,cityc_map,cityc,9,5,images/satellite/cityc/tile_r09_c05.jpg,1280,2304,1536,2560,1408.0,2432.0,1.2889025225225228,103.84053438663054
cityc_r09_c06,cityc_map,cityc,9,6,images/satellite/cityc/tile_r09_c06.jpg,1536,2304,1792,2560,1664.0,2432.0,1.2889025225225228,103.8411111093226
cityc_r09_c07,cityc_map,cityc,9,7,images/satellite/cityc/tile_r09_c07.jpg,1792,2304,2048,2560,1920.0,2432.0,1.2889025225225228,103.84168783201466
cityc_r09_c08,cityc_map,cityc,9,8,images/satellite/cityc/tile_r09_c08.jpg,2048,2304,2304,2560,2176.0,2432.0,1.2889025225225228,103.8422645547067
cityc_r09_c09,cityc_map,cityc,9,9,images/satellite/cityc/tile_r09_c09.jpg,2304,2304,2560,2560,2432.0,2432.0,1.2889025225225228,103.84284127739876
cityc_r09_c10,cityc_map,cityc,9,10,images/satellite/cityc/tile_r09_c10.jpg,2560,2304,2816,2560,2688.0,2432.0,1.2889025225225228,103.84341800009082
cityc_r09_c11,cityc_map,cityc,9,11,images/satellite/cityc/tile_r09_c11.jpg,2816,2304,3072,2560,2944.0,2432.0,1.2889025225225228,103.84399472278287
cityc_r09_c12,cityc_map,cityc,9,12,images/satellite/cityc/tile_r09_c12.jpg,3072,2304,3328,2560,3200.0,2432.0,1.2889025225225228,103.84457144547493
cityc_r09_c13,cityc_map,cityc,9,13,images/satellite/cityc/tile_r09_c13.jpg,3328,2304,3584,2560,3456.0,2432.0,1.2889025225225228,103.84514816816697
cityc_r09_c14,cityc_map,cityc,9,14,images/satellite/cityc/tile_r09_c14.jpg,3584,2304,3840,2560,3712.0,2432.0,1.2889025225225228,103.84572489085903
cityc_r09_c15,cityc_map,cityc,9,15,images/satellite/cityc/tile_r09_c15.jpg,3840,2304,4096,2560,3968.0,2432.0,1.2889025225225228,103.84630161355109
cityc_r10_c00,cityc_map,cityc,10,0,images/satellite/cityc/tile_r10_c00.jpg,0,2560,256,2816,128.0,2688.0,1.2883259459459462,103.83765077317027
cityc_r10_c01,cityc_map,cityc,10,1,images/satellite/cityc/tile_r10_c01.jpg,256,2560,512,2816,384.0,2688.0,1.2883259459459462,103.83822749586233
cityc_r10_c02,cityc_map,cityc,10,2,images/satellite/cityc/tile_r10_c02.jpg,512,2560,768,2816,640.0,2688.0,1.2883259459459462,103.83880421855439
cityc_r10_c03,cityc_map,cityc,10,3,images/satellite/cityc/tile_r10_c03.jpg,768,2560,1024,2816,896.0,2688.0,1.2883259459459462,103.83938094124643
cityc_r10_c04,cityc_map,cityc,10,4,images/satellite/cityc/tile_r10_c04.jpg,1024,2560,1280,2816,1152.0,2688.0,1.2883259459459462,103.83995766393849
cityc_r10_c05,cityc_map,cityc,10,5,images/satellite/cityc/tile_r10_c05.jpg,1280,2560,1536,2816,1408.0,2688.0,1.2883259459459462,103.84053438663054
cityc_r10_c06,cityc_map,cityc,10,6,images/satellite/cityc/tile_r10_c06.jpg,1536,2560,1792,2816,1664.0,2688.0,1.2883259459459462,103.8411111093226
cityc_r10_c07,cityc_map,cityc,10,7,images/satellite/cityc/tile_r10_c07.jpg,1792,2560,2048,2816,1920.0,2688.0,1.2883259459459462,103.84168783201466
cityc_r10_c08,cityc_map,cityc,10,8,images/satellite/cityc/tile_r10_c08.jpg,2048,2560,2304,2816,2176.0,2688.0,1.2883259459459462,103.8422645547067
cityc_r10_c09,cityc_map,cityc,10,9,images/satellite/cityc/tile_r10_c09.jpg,2304,2560,2560,2816,2432.0,2688.0,1.2883259459459462,103.84284127739876
cityc_r10_c10,cityc_map,cityc,10,10,images/satellite/cityc/tile_r10_c10.jpg,2560,2560,2816,2816,2688.0,2688.0,1.2883259459459462,103.84341800009082
cityc_r10_c11,cityc_map,cityc,10,11,images/satellite/cityc/tile_r10_c11.jpg,2816,2560,3072,2816,2944.0,2688.0,1.2883259459459462,103.84399472278287
cityc_r10_c12,cityc_map,cityc,10,12,images/satellite/cityc/tile_r10_c12.jpg,3072,2560,3328,2816,3200.0,2688.0,1.2883259459459462,103.84457144547493
cityc_r10_c13,cityc_map,cityc,10,13,images/satellite/cityc/tile_r10_c13.jpg,3328,2560,3584,2816,3456.0,2688.0,1.2883259459459462,103.84514816816697
cityc_r10_c14,cityc_map,cityc,10,14,images/satellite/cityc/tile_r10_c14.jpg,3584,2560,3840,2816,3712.0,2688.0,1.2883259459459462,103.84572489085903
cityc_r10_c15,cityc_map,cityc,10,15,images/satellite/cityc/tile_r10_c15.jpg,3840,2560,4096,2816,3968.0,2688.0,1.2883259459459462,103.84630161355109
cityc_r11_c00,cityc_map,cityc,11,0,images/satellite/cityc/tile_r11_c00.jpg,0,2816,256,3072,128.0,2944.0,1.2877493693693696,103.83765077317027
cityc_r11_c01,cityc_map,cityc,11,1,images/satellite/cityc/tile_r11_c01.jpg,256,2816,512,3072,384.0,2944.0,1.2877493693693696,103.83822749586233
cityc_r11_c02,cityc_map,cityc,11,2,images/satellite/cityc/tile_r11_c02.jpg,512,2816,768,3072,640.0,2944.0,1.2877493693693696,103.83880421855439
cityc_r11_c03,cityc_map,cityc,11,3,images/satellite/cityc/tile_r11_c03.jpg,768,2816,1024,3072,896.0,2944.0,1.2877493693693696,103.83938094124643
cityc_r11_c04,cityc_map,cityc,11,4,images/satellite/cityc/tile_r11_c04.jpg,1024,2816,1280,3072,1152.0,2944.0,1.2877493693693696,103.83995766393849
cityc_r11_c05,cityc_map,cityc,11,5,images/satellite/cityc/tile_r11_c05.jpg,1280,2816,1536,3072,1408.0,2944.0,1.2877493693693696,103.84053438663054
cityc_r11_c06,cityc_map,cityc,11,6,images/satellite/cityc/tile_r11_c06.jpg,1536,2816,1792,3072,1664.0,2944.0,1.2877493693693696,103.8411111093226
cityc_r11_c07,cityc_map,cityc,11,7,images/satellite/cityc/tile_r11_c07.jpg,1792,2816,2048,3072,1920.0,2944.0,1.2877493693693696,103.84168783201466
cityc_r11_c08,cityc_map,cityc,11,8,images/satellite/cityc/tile_r11_c08.jpg,2048,2816,2304,3072,2176.0,2944.0,1.2877493693693696,103.8422645547067
cityc_r11_c09,cityc_map,cityc,11,9,images/satellite/cityc/tile_r11_c09.jpg,2304,2816,2560,3072,2432.0,2944.0,1.2877493693693696,103.84284127739876
cityc_r11_c10,cityc_map,cityc,11,10,images/satellite/cityc/tile_r11_c10.jpg,2560,2816,2816,3072,2688.0,2944.0,1.2877493693693696,103.84341800009082
cityc_r11_c11,cityc_map,cityc,11,11,images/satellite/cityc/tile_r11_c11.jpg,2816,2816,3072,3072,2944.0,2944.0,1.2877493693693696,103.84399472278287
cityc_r11_c12,cityc_map,cityc,11,12,images/satellite/cityc/tile_r11_c12.jpg,3072,2816,3328,3072,3200.0,2944.0,1.2877493693693696,103.84457144547493
cityc_r11_c13,cityc_map,cityc,11,13,images/satellite/cityc/tile_r11_c13.jpg,3328,2816,3584,3072,3456.0,2944.0,1.2877493693693696,103.84514816816697
cityc_r11_c14,cityc_map,cityc,11,14,images/satellite/cityc/tile_r11_c14.jpg,3584,2816,3840,3072,3712.0,2944.0,1.2877493693693696,103.84572489085903
cityc_r11_c15,cityc_map,cityc,11,15,images/satellite/cityc/tile_r11_c15.jpg,3840,2816,4096,3072,3968.0,2944.0,1.2877493693693696,103.84630161355109
cityc_r12_c00,cityc_map,cityc,12,0,images/satellite/cityc/tile_r12_c00.jpg,0,3072,256,3328,128.0,3200.0,1.287172792792793,103.83765077317027
cityc_r12_c01,cityc_map,cityc,12,1,images/satellite/cityc/tile_r12_c01.jpg,256,3072,512,3328,384.0,3200.0,1.287172792792793,103.83822749586233
cityc_r12_c02,cityc_map,cityc,12,2,images/satellite/cityc/tile_r12_c02.jpg,512,3072,768,3328,640.0,3200.0,1.287172792792793,103.83880421855439
cityc_r12_c03,cityc_map,cityc,12,3,images/satellite/cityc/tile_r12_c03.jpg,768,3072,1024,3328,896.0,3200.0,1.287172792792793,103.83938094124643
cityc_r12_c04,cityc_map,cityc,12,4,images/satellite/cityc/tile_r12_c04.jpg,1024,3072,1280,3328,1152.0,3200.0,1.287172792792793,103.83995766393849
cityc_r12_c05,cityc_map,cityc,12,5,images/satellite/cityc/tile_r12_c05.jpg,1280,3072,1536,3328,1408.0,3200.0,1.287172792792793,103.84053438663054
cityc_r12_c06,cityc_map,cityc,12,6,images/satellite/cityc/tile_r12_c06.jpg,1536,3072,1792,3328,1664.0,3200.0,1.287172792792793,103.8411111093226
cityc_r12_c07,cityc_map,cityc,12,7,images/satellite/cityc/tile_r12_c07.jpg,1792,3072,2048,3328,1920.0,3200.0,1.287172792792793,103.84168783201466
cityc_r12_c08,cityc_map,cityc,12,8,images/satellite/cityc/tile_r12_c08.jpg,2048,3072,2304,3328,2176.0,3200.0,1.287172792792793,103.8422645547067
cityc_r12_c09,cityc_map,cityc,12,9,images/satellite/cityc/tile_r12_c09.jpg,2304,3072,2560,3328,2432.0,3200.0,1.287172792792793,103.84284127739876
cityc_r12_c10,cityc_map,cityc,12,10,images/satellite/cityc/tile_r12_c10.jpg,2560,3072,2816,3328,2688.0,3200.0,1.287172792792793,103.84341800009082
cityc_r12_c11,cityc_map,cityc,12,11,images/satellite/cityc/tile_r12_c11.jpg,2816,3072,3072,3328,2944.0,3200.0,1.287172792792793,103.84399472278287
cityc_r12_c12,cityc_map,cityc,12,12,images/satellite/cityc/tile_r12_c12.jpg,3072,3072,3328,3328,3200.0,3200.0,1.287172792792793,103.84457144547493
cityc_r12_c13,cityc_map,cityc,12,13,images/satellite/cityc/tile_r12_c13.jpg,3328,3072,3584,3328,3456.0,3200.0,1.287172792792793,103.84514816816697
cityc_r12_c14,cityc_map,cityc,12,14,images/satellite/cityc/tile_r12_c14.jpg,3584,3072,3840,3328,3712.0,3200.0,1.287172792792793,103.84572489085903
cityc_r12_c15,cityc_map,cityc,12,15,images/satellite/cityc/tile_r12_c15.jpg,3840,3072,4096,3328,3968.0,3200.0,1.287172792792793,103.84630161355109
cityc_r13_c00,cityc_map,cityc,13,0,images/satellite/cityc/tile_r13_c00.jpg,0,3328,256,3584,128.0,3456.0,1.2865962162162163,103.83765077317027
cityc_r13_c01,cityc_map,cityc,13,1,images/satellite/cityc/tile_r13_c01.jpg,256,3328,512,3584,384.0,3456.0,1.2865962162162163,103.83822749586233
cityc_r13_c02,cityc_map,cityc,13,2,images/satellite/cityc/tile_r13_c02.jpg,512,3328,768,3584,640.0,3456.0,1.2865962162162163,103.83880421855439
cityc_r13_c03,cityc_map,cityc,13,3,images/satellite/cityc/tile_r13_c03.jpg,768,3328,1024,3584,896.0,3456.0,1.2865962162162163,103.83938094124643
cityc_r13_c04,cityc_map,cityc,13,4,images/satellite/cityc/tile_r13_c04.jpg,1024,3328,1280,3584,1152.0,3456.0,1.2865962162162163,103.83995766393849
cityc_r13_c05,cityc_map,cityc,13,5,images/satellite/cityc/tile_r13_c05.jpg,1280,3328,1536,3584,1408.0,3456.0,1.2865962162162163,103.84053438663054
cityc_r13_c06,cityc_map,cityc,13,6,images/satellite/cityc/tile_r13_c06.jpg,1536,3328,1792,3584,1664.0,3456.0,1.2865962162162163,103.8411111093226
cityc_r13_c07,cityc_map,cityc,13,7,images/satellite/cityc/tile_r13_c07.jpg,1792,3328,2048,3584,1920.0,3456.0,1.2865962162162163,103.84168783201466
cityc_r13_c08,cityc_map,cityc,13,8,images/satellite/cityc/tile_r13_c08.jpg,2048,3328,2304,3584,2176.0,3456.0,1.2865962162162163,103.8422645547067
cityc_r13_c09,cityc_map,cityc,13,9,images/satellite/cityc/tile_r13_c09.jpg,2304,3328,2560,3584,2432.0,3456.0,1.2865962162162163,103.84284127739876
cityc_r13_c10,cityc_map,cityc,13,10,images/satellite/cityc/tile_r13_c10.jpg,2560,3328,2816,3584,2688.0,3456.0,1.2865962162162163,103.84341800009082
cityc_r13_c11,cityc_map,cityc,13,11,images/satellite/cityc/tile_r13_c11.jpg,2816,3328,3072,3584,2944.0,3456.0,1.2865962162162163,103.84399472278287
cityc_r13_c12,cityc_map,cityc,13,12,images/satellite/cityc/tile_r13_c12.jpg,3072,3328,3328,3584,3200.0,3456.0,1.2865962162162163,103.84457144547493
cityc_r13_c13,cityc_map,cityc,13,13,images/satellite/cityc/tile_r13_c13.jpg,3328,3328,3584,3584,3456.0,3456.0,1.2865962162162163,103.84514816816697
cityc_r13_c14,cityc_map,cityc,13,14,images/satellite/cityc/tile_r13_c14.jpg,3584,3328,3840,3584,3712.0,3456.0,1.2865962162162163,103.84572489085903
cityc_r13_c15,cityc_map,cityc,13,15,images/satellite/cityc/tile_r13_c15.jpg,3840,3328,4096,3584,3968.0,3456.0,1.2865962162162163,103.84630161355109
cityc_r14_c00,cityc_map,cityc,14,0,images/satellite/cityc/tile_r14_c00.jpg,0,3584,256,3840,128.0,3712.0,1.28601963963964,103.83765077317027
cityc_r14_c01,cityc_map,cityc,14,1,images/satellite/cityc/tile_r14_c01.jpg,256,3584,512,3840,384.0,3712.0,1.28601963963964,103.83822749586233
cityc_r14_c02,cityc_map,cityc,14,2,images/satellite/cityc/tile_r14_c02.jpg,512,3584,768,3840,640.0,3712.0,1.28601963963964,103.83880421855439
cityc_r14_c03,cityc_map,cityc,14,3,images/satellite/cityc/tile_r14_c03.jpg,768,3584,1024,3840,896.0,3712.0,1.28601963963964,103.83938094124643
cityc_r14_c04,cityc_map,cityc,14,4,images/satellite/cityc/tile_r14_c04.jpg,1024,3584,1280,3840,1152.0,3712.0,1.28601963963964,103.83995766393849
cityc_r14_c05,cityc_map,cityc,14,5,images/satellite/cityc/tile_r14_c05.jpg,1280,3584,1536,3840,1408.0,3712.0,1.28601963963964,103.84053438663054
cityc_r14_c06,cityc_map,cityc,14,6,images/satellite/cityc/tile_r14_c06.jpg,1536,3584,1792,3840,1664.0,3712.0,1.28601963963964,103.8411111093226
cityc_r14_c07,cityc_map,cityc,14,7,images/satellite/cityc/tile_r14_c07.jpg,1792,3584,2048,3840,1920.0,3712.0,1.28601963963964,103.84168783201466
cityc_r14_c08,cityc_map,cityc,14,8,images/satellite/cityc/tile_r14_c08.jpg,2048,3584,2304,3840,2176.0,3712.0,1.28601963963964,103.8422645547067
cityc_r14_c09,cityc_map,cityc,14,9,images/satellite/cityc/tile_r14_c09.jpg,2304,3584,2560,3840,2432.0,3712.0,1.28601963963964,103.84284127739876
cityc_r14_c10,cityc_map,cityc,14,10,images/satellite/cityc/tile_r14_c10.jpg,2560,3584,2816,3840,2688.0,3712.0,1.28601963963964,103.84341800009082
cityc_r14_c11,cityc_map,cityc,14,11,images/satellite/cityc/tile_r14_c11.jpg,2816,3584,3072,3840,2944.0,3712.0,1.28601963963964,103.84399472278287
cityc_r14_c12,cityc_map,cityc,14,12,images/satellite/cityc/tile_r14_c12.jpg,3072,3584,3328,3840,3200.0,3712.0,1.28601963963964,103.84457144547493
cityc_r14_c13,cityc_map,cityc,14,13,images/satellite/cityc/tile_r14_c13.jpg,3328,3584,3584,3840,3456.0,3712.0,1.28601963963964,103.84514816816697
cityc_r14_c14,cityc_map,cityc,14,14,images/satellite/cityc/tile_r14_c14.jpg,3584,3584,3840,3840,3712.0,3712.0,1.28601963963964,103.84572489085903
cityc_r14_c15,cityc_map,cityc,14,15,images/satellite/cityc/tile_r14_c15.jpg,3840,3584,4096,3840,3968.0,3712.0,1.28601963963964,103.84630161355109
cityc_r15_c00,cityc_map,cityc,15,0,images/satellite/cityc/tile_r15_c00.jpg,0,3840,256,4096,128.0,3968.0,1.2854430630630633,103.83765077317027
cityc_r15_c01,cityc_map,cityc,15,1,images/satellite/cityc/tile_r15_c01.jpg,256,3840,512,4096,384.0,3968.0,1.2854430630630633,103.83822749586233
cityc_r15_c02,cityc_map,cityc,15,2,images/satellite/cityc/tile_r15_c02.jpg,512,3840,768,4096,640.0,3968.0,1.2854430630630633,103.83880421855439
cityc_r15_c03,cityc_map,cityc,15,3,images/satellite/cityc/tile_r15_c03.jpg,768,3840,1024,4096,896.0,3968.0,1.2854430630630633,103.83938094124643
cityc_r15_c04,cityc_map,cityc,15,4,images/satellite/cityc/tile_r15_c04.jpg,1024,3840,1280,4096,1152.0,3968.0,1.2854430630630633,103.83995766393849
cityc_r15_c05,cityc_map,cityc,15,5,images/satellite/cityc/tile_r15_c05.jpg,1280,3840,1536,4096,1408.0,3968.0,1.2854430630630633,103.84053438663054
cityc_r15_c06,cityc_map,cityc,15,6,images/satellite/cityc/tile_r15_c06.jpg,1536,3840,1792,4096,1664.0,3968.0,1.2854430630630633,103.8411111093226
cityc_r15_c07,cityc_map,cityc,15,7,images/satellite/cityc/tile_r15_c07.jpg,1792,3840,2048,4096,1920.0,3968.0,1.2854430630630633,103.84168783201466
cityc_r15_c08,cityc_map,cityc,15,8,images/satellite/cityc/tile_r15_c08.jpg,2048,3840,2304,4096,2176.0,3968.0,1.2854430630630633,103.8422645547067
cityc_r15_c09,cityc_map,cityc,15,9,images/satellite/cityc/tile_r15_c09.jpg,2304,3840,2560,4096,2432.0,3968.0,1.2854430630630633,103.84284127739876
cityc_r15_c10,cityc_map,cityc,15,10,images/satellite/cityc/tile_r15_c10.jpg,2560,3840,2816,4096,2688.0,3968.0,1.2854430630630633,103.84341800009082
cityc_r15_c11,cityc_map,cityc,15,11,images/satellite/cityc/tile_r15_c11.jpg,2816,3840,3072,4096,2944.0,3968.0,1.2854430630630633,103.84399472278287
cityc_r15_c12,cityc_map,cityc,15,12,images/satellite/cityc/tile_r15_c12.jpg,3072,3840,3328,4096,3200.0,3968.0,1.2854430630630633,103.84457144547493
cityc_r15_c13,cityc_map,cityc,15,13,images/satellite/cityc/tile_r15_c13.jpg,3328,3840,3584,4096,3456.0,3968.0,1.2854430630630633,103.84514816816697
cityc_r15_c14,cityc_map,cityc,15,14,images/satellite/cityc/tile_r15_c14.jpg,3584,3840,3840,4096,3712.0,3968.0,1.2854430630630633,103.84572489085903
cityc_r15_c15,cityc_map,cityc,15,15,images/satellite/cityc/tile_r15_c15.jpg,3840,3840,4096,4096,3968.0,3968.0,1.2854430630630633,103.84630161355109
cityd_r00_c00,cityd_map,cityd,0,0,images/satellite/cityd/tile_r00_c00.jpg,0,0,256,256,128.0,128.0,37.75971171171171,-122.4588046267387
cityd_r00_c01,cityd_map,cityd,0,1,images/satellite/cityd/tile_r00_c01.jpg,256,0,512,256,384.0,128.0,37.75971171171171,-122.45807536638368
cityd_r00_c02,cityd_map,cityd,0,2,images/satellite/cityd/tile_r00_c02.jpg,512,0,768,256,640.0,128.0,37.75971171171171,-122.45734610602868
cityd_r00_c03,cityd_map,cityd,0,3,images/satellite/cityd/tile_r00_c03.jpg,768,0,1024,256,896.0,128.0,37.75971171171171,-122.45661684567366
cityd_r00_c04,cityd_map,cityd,0,4,images/satellite/cityd/tile_r00_c04.jpg,1024,0,1280,256,1152.0,128.0,37.75971171171171,-122.45588758531865
cityd_r00_c05,cityd_map,cityd,0,5,images/satellite/cityd/tile_r00_c05.jpg,1280,0,1536,256,1408.0,128.0,37.75971171171171,-122.45515832496363
cityd_r00_c06,cityd_map,cityd,0,6,images/satellite/cityd/tile_r00_c06.jpg,1536,0,1792,256,1664.0,128.0,37.75971171171171,-122.45442906460862
cityd_r00_c07,cityd_map,cityd,0,7,images/satellite/cityd/tile_r00_c07.jpg,1792,0,2048,256,1920.0,128.0,37.75971171171171,-122.4536998042536
cityd_r00_c08,cityd_map,cityd,0,8,images/satellite/cityd/tile_r00_c08.jpg,2048,0,2304,256,2176.0,128.0,37.75971171171171,-122.4529705438986
cityd_r00_c09,cityd_map,cityd,0,9,images/satellite/cityd/tile_r00_c09.jpg,2304,0,2560,256,2432.0,128.0,37.75971171171171,-122.45224128354359
cityd_r00_c10,cityd_map,cityd,0,10,images/satellite/cityd/tile_r00_c10.jpg,2560,0,2816,256,2688.0,128.0,37.75971171171171,-122.45151202318857
cityd_r00_c11,cityd_map,cityd,0,11,images/satellite/cityd/tile_r00_c11.jpg,2816,0,3072,256,2944.0,128.0,37.75971171171171,-122.45078276283355
cityd_r00_c12,cityd_map,cityd,0,12,images/satellite/cityd/tile_r00_c12.jpg,3072,0,3328,256,3200.0,128.0,37.75971171171171,-122.45005350247854
cityd_r00_c13,cityd_map,cityd,0,13,images/satellite/cityd/tile_r00_c13.jpg,3328,0,3584,256,3456.0,128.0,37.75971171171171,-122.44932424212352
cityd_r00_c14,cityd_map,cityd,0,14,images/satellite/cityd/tile_r00_c14.jpg,3584,0,3840,256,3712.0,128.0,37.75971171171171,-122.44859498176852
cityd_r00_c15,cityd_map,cityd,0,15,images/satellite/cityd/tile_r00_c15.jpg,3840,0,4096,256,3968.0,128.0,37.75971171171171,-122.4478657214135
cityd_r01_c00,cityd_map,cityd,1,0,images/satellite/cityd/tile_r01_c00.jpg,0,256,256,512,128.0,384.0,37.75913513513513,-122.4588046267387
cityd_r01_c01,cityd_map,cityd,1,1,images/satellite/cityd/tile_r01_c01.jpg,256,256,512,512,384.0,384.0,37.75913513513513,-122.45807536638368
cityd_r01_c02,cityd_map,cityd,1,2,images/satellite/cityd/tile_r01_c02.jpg,512,256,768,512,640.0,384.0,37.75913513513513,-122.45734610602868
cityd_r01_c03,cityd_map,cityd,1,3,images/satellite/cityd/tile_r01_c03.jpg,768,256,1024,512,896.0,384.0,37.75913513513513,-122.45661684567366
cityd_r01_c04,cityd_map,cityd,1,4,images/satellite/cityd/tile_r01_c04.jpg,1024,256,1280,512,1152.0,384.0,37.75913513513513,-122.45588758531865
cityd_r01_c05,cityd_map,cityd,1,5,images/satellite/cityd/tile_r01_c05.jpg,1280,256,1536,512,1408.0,384.0,37.75913513513513,-122.45515832496363
cityd_r01_c06,cityd_map,cityd,1,6,images/satellite/cityd/tile_r01_c06.jpg,1536,256,1792,512,1664.0,384.0,37.75913513513513,-122.45442906460862
cityd_r01_c07,cityd_map,cityd,1,7,images/satellite/cityd/tile_r01_c07.jpg,1792,256,2048,512,1920.0,384.0,37.75913513513513,-122.4536998042536
cityd_r01_c08,cityd_map,cityd,1,8,images/satellite/cityd/tile_r01_c08.jpg,2048,256,2304,512,2176.0,384.0,37.75913513513513,-122.4529705438986
cityd_r01_c09,cityd_map,cityd,1,9,images/satellite/cityd/tile_r01_c09.jpg,2304,256,2560,512,2432.0,384.0,37.75913513513513,-122.45224128354359
cityd_r01_c10,cityd_map,cityd,1,10,images/satellite/cityd/tile_r01_c10.jpg,2560,256,2816,512,2688.0,384.0,37.75913513513513,-122.45151202318857
cityd_r01_c11,cityd_map,cityd,1,11,images/satellite/cityd/tile_r01_c11.jpg,2816,256,3072,512,2944.0,384.0,37.75913513513513,-122.45078276283355
cityd_r01_c12,cityd_map,cityd,1,12,images/satellite/cityd/tile_r01_c12.jpg,3072,256,3328,512,3200.0,384.0,37.75913513513513,-122.45005350247854
cityd_r01_c13,cityd_map,cityd,1,13,images/satellite/cityd/tile_r01_c13.jpg,3328,256,3584,512,3456.0,384.0,37.75913513513513,-122.44932424212352
cityd_r01_c14,cityd_map,cityd,1,14,images/satellite/cityd/tile_r01_c14.jpg,3584,256,3840,512,3712.0,384.0,37.75913513513513,-122.44859498176852
cityd_r01_c15,cityd_map,cityd,1,15,images/satellite/cityd/tile_r01_c15.jpg,3840,256,4096,512,3968.0,384.0,37.75913513513513,-122.4478657214135
cityd_r02_c00,cityd_map,cityd,2,0,images/satellite/cityd/tile_r02_c00.jpg,0,512,256,768,128.0,640.0,37.758558558558555,-122.4588046267387
cityd_r02_c01,cityd_map,cityd,2,1,images/satellite/cityd/tile_r02_c01.jpg,256,512,512,768,384.0,640.0,37.758558558558555,-122.45807536638368
cityd_r02_c02,cityd_map,cityd,2,2,images/satellite/cityd/tile_r02_c02.jpg,512,512,768,768,640.0,640.0,37.758558558558555,-122.45734610602868
cityd_r02_c03,cityd_map,cityd,2,3,images/satellite/cityd/tile_r02_c03.jpg,768,512,1024,768,896.0,640.0,37.758558558558555,-122.45661684567366
cityd_r02_c04,cityd_map,cityd,2,4,images/satellite/cityd/tile_r02_c04.jpg,1024,512,1280,768,1152.0,640.0,37.758558558558555,-122.45588758531865
cityd_r02_c05,cityd_map,cityd,2,5,images/satellite/cityd/tile_r02_c05.jpg,1280,512,1536,768,1408.0,640.0,37.758558558558555,-122.45515832496363
cityd_r02_c06,cityd_map,cityd,2,6,images/satellite/cityd/tile_r02_c06.jpg,1536,512,1792,768,1664.0,640.0,37.758558558558555,-122.45442906460862
cityd_r02_c07,cityd_map,cityd,2,7,images/satellite/cityd/tile_r02_c07.jpg,1792,512,2048,768,1920.0,640.0,37.758558558558555,-122.4536998042536
cityd_r02_c08,cityd_map,cityd,2,8,images/satellite/cityd/tile_r02_c08.jpg,2048,512,2304,768,2176.0,640.0,37.758558558558555,-122.4529705438986
cityd_r02_c09,cityd_map,cityd,2,9,images/satellite/cityd/tile_r02_c09.jpg,2304,512,2560,768,2432.0,640.0,37.758558558558555,-122.45224128354359
cityd_r02_c10,cityd_map,cityd,2,10,images/satellite/cityd/tile_r02_c10.jpg,2560,512,2816,768,2688.0,640.0,37.758558558558555,-122.45151202318857
cityd_r02_c11,cityd_map,cityd,2,11,images/satellite/cityd/tile_r02_c11.jpg,2816,512,3072,768,2944.0,640.0,37.758558558558555,-122.45078276283355
cityd_r02_c12,cityd_map,cityd,2,12,images/satellite/cityd/tile_r02_c12.jpg,3072,512,3328,768,3200.0,640.0,37.758558558558555,-122.45005350247854
cityd_r02_c13,cityd_map,cityd,2,13,images/satellite/cityd/tile_r02_c13.jpg,3328,512,3584,768,3456.0,640.0,37.758558558558555,-122.44932424212352
cityd_r02_c14,cityd_map,cityd,2,14,images/satellite/cityd/tile_r02_c14.jpg,3584,512,3840,768,3712.0,640.0,37.758558558558555,-122.44859498176852
cityd_r02_c15,cityd_map,cityd,2,15,images/satellite/cityd/tile_r02_c15.jpg,3840,512,4096,768,3968.0,640.0,37.758558558558555,-122.4478657214135
cityd_r03_c00,cityd_map,cityd,3,0,images/satellite/cityd/tile_r03_c00.jpg,0,768,256,1024,128.0,896.0,37.757981981981985,-122.4588046267387
cityd_r03_c01,cityd_map,cityd,3,1,images/satellite/cityd/tile_r03_c01.jpg,256,768,512,1024,384.0,896.0,37.757981981981985,-122.45807536638368
cityd_r03_c02,cityd_map,cityd,3,2,images/satellite/cityd/tile_r03_c02.jpg,512,768,768,1024,640.0,896.0,37.757981981981985,-122.45734610602868
cityd_r03_c03,cityd_map,cityd,3,3,images/satellite/cityd/tile_r03_c03.jpg,768,768,1024,1024,896.0,896.0,37.757981981981985,-122.45661684567366
cityd_r03_c04,cityd_map,cityd,3,4,images/satellite/cityd/tile_r03_c04.jpg,1024,768,1280,1024,1152.0,896.0,37.757981981981985,-122.45588758531865
cityd_r03_c05,cityd_map,cityd,3,5,images/satellite/cityd/tile_r03_c05.jpg,1280,768,1536,1024,1408.0,896.0,37.757981981981985,-122.45515832496363
cityd_r03_c06,cityd_map,cityd,3,6,images/satellite/cityd/tile_r03_c06.jpg,1536,768,1792,1024,1664.0,896.0,37.757981981981985,-122.45442906460862
cityd_r03_c07,cityd_map,cityd,3,7,images/satellite/cityd/tile_r03_c07.jpg,1792,768,2048,1024,1920.0,896.0,37.757981981981985,-122.4536998042536
cityd_r03_c08,cityd_map,cityd,3,8,images/satellite/cityd/tile_r03_c08.jpg,2048,768,2304,1024,2176.0,896.0,37.757981981981985,-122.4529705438986
cityd_r03_c09,cityd_map,cityd,3,9,images/satellite/cityd/tile_r03_c09.jpg,2304,768,2560,1024,2432.0,896.0,37.757981981981985,-122.45224128354359
cityd_r03_c10,cityd_map,cityd,3,10,images/satellite/cityd/tile_r03_c10.jpg,2560,768,2816,1024,2688.0,896.0,37.757981981981985,-122.45151202318857
cityd_r03_c11,cityd_map,cityd,3,11,images/satellite/cityd/tile_r03_c11.jpg,2816,768,3072,1024,2944.0,896.0,37.757981981981985,-122.45078276283355
cityd_r03_c12,cityd_map,cityd,3,12,images/satellite/cityd/tile_r03_c12.jpg,3072,768,3328,1024,3200.0,896.0,37.757981981981985,-122.45005350247854
cityd_r03_c13,cityd_map,cityd,3,13,images/satellite/cityd/tile_r03_c13.jpg,3328,768,3584,1024,3456.0,896.0,37.757981981981985,-122.44932424212352
cityd_r03_c14,cityd_map,cityd,3,14,images/satellite/cityd/tile_r03_c14.jpg,3584,768,3840,1024,3712.0,896.0,37.757981981981985,-122.44859498176852
cityd_r03_c15,cityd_map,cityd,3,15,images/satellite/cityd/tile_r03_c15.jpg,3840,768,4096,1024,3968.0,896.0,37.757981981981985,-122.4478657214135
cityd_r04_c00,cityd_map,cityd,4,0,images/satellite/cityd/tile_r04_c00.jpg,0,1024,256,1280,128.0,1152.0,37.75740540540541,-122.4588046267387
cityd_r04_c01,cityd_map,cityd,4,1,images/satellite/cityd/tile_r04_c01.jpg,256,1024,512,1280,384.0,1152.0,37.75740540540541,-122.45807536638368
cityd_r04_c02,cityd_map,cityd,4,2,images/satellite/cityd/tile_r04_c02.jpg,512,1024,768,1280,640.0,1152.0,37.75740540540541,-122.45734610602868
cityd_r04_c03,cityd_map,cityd,4,3,images/satellite/cityd/tile_r04_c03.jpg,768,1024,1024,1280,896.0,1152.0,37.75740540540541,-122.45661684567366
cityd_r04_c04,cityd_map,cityd,4,4,images/satellite/cityd/tile_r04_c04.jpg,1024,1024,1280,1280,1152.0,1152.0,37.75740540540541,-122.45588758531865
cityd_r04_c05,cityd_map,cityd,4,5,images/satellite/cityd/tile_r04_c05.jpg,1280,1024,1536,1280,1408.0,1152.0,37.75740540540541,-122.45515832496363
cityd_r04_c06,cityd_map,cityd,4,6,images/satellite/cityd/tile_r04_c06.jpg,1536,1024,1792,1280,1664.0,1152.0,37.75740540540541,-122.45442906460862
cityd_r04_c07,cityd_map,cityd,4,7,images/satellite/cityd/tile_r04_c07.jpg,1792,1024,2048,1280,1920.0,1152.0,37.75740540540541,-122.4536998042536
cityd_r04_c08,cityd_map,cityd,4,8,images/satellite/cityd/tile_r04_c08.jpg,2048,1024,2304,1280,2176.0,1152.0,37.75740540540541,-122.4529705438986
cityd_r04_c09,cityd_map,cityd,4,9,images/satellite/cityd/tile_r04_c09.jpg,2304,1024,2560,1280,2432.0,1152.0,37.75740540540541,-122.45224128354359
cityd_r04_c10,cityd_map,cityd,4,10,images/satellite/cityd/tile_r04_c10.jpg,2560,1024,2816,1280,2688.0,1152.0,37.75740540540541,-122.45151202318857
cityd_r04_c11,cityd_map,cityd,4,11,images/satellite/cityd/tile_r04_c11.jpg,2816,1024,3072,1280,2944.0,1152.0,37.75740540540541,-122.45078276283355
cityd_r04_c12,cityd_map,cityd,4,12,images/satellite/cityd/tile_r04_c12.jpg,3072,1024,3328,1280,3200.0,1152.0,37.75740540540541,-122.45005350247854
cityd_r04_c13,cityd_map,cityd,4,13,images/satellite/cityd/tile_r04_c13.jpg,3328,1024,3584,1280,3456.0,1152.0,37.75740540540541,-122.44932424212352
cityd_r04_c14,cityd_map,cityd,4,14,images/satellite/cityd/tile_r04_c14.jpg,3584,1024,3840,1280,3712.0,1152.0,37.75740540540541,-122.44859498176852
cityd_r04_c15,cityd_map,cityd,4,15,images/satellite/cityd/tile_r04_c15.jpg,3840,1024,4096,1280,3968.0,1152.0,37.75740540540541,-122.4478657214135
cityd_r05_c00,cityd_map,cityd,5,0,images/satellite/cityd/tile_r05_c00.jpg,0,1280,256,1536,128.0,1408.0,37.75682882882883,-122.4588046267387
cityd_r05_c01,cityd_map,cityd,5,1,images/satellite/cityd/tile_r05_c01.jpg,256,1280,512,1536,384.0,1408.0,37.75682882882883,-122.45807536638368
cityd_r05_c02,cityd_map,cityd,5,2,images/satellite/cityd/tile_r05_c02.jpg,512,1280,768,1536,640.0,1408.0,37.75682882882883,-122.45734610602868
cityd_r05_c03,cityd_map,cityd,5,3,images/satellite/cityd/tile_r05_c03.jpg,768,1280,1024,1536,896.0,1408.0,37.75682882882883,-122.45661684567366
cityd_r05_c04,cityd_map,cityd,5,4,images/satellite/cityd/tile_r05_c04.jpg,1024,1280,1280,1536,1152.0,1408.0,37.75682882882883,-122.45588758531865
cityd_r05_c05,cityd_map,cityd,5,5,images/satellite/cityd/tile_r05_c05.jpg,1280,1280,1536,1536,1408.0,1408.0,37.75682882882883,-122.45515832496363
cityd_r05_c06,cityd_map,cityd,5,6,images/satellite/cityd/tile_r05_c06.jpg,1536,1280,1792,1536,1664.0,1408.0,37.75682882882883,-122.45442906460862
cityd_r05_c07,cityd_map,cityd,5,7,images/satellite/cityd/tile_r05_c07.jpg,1792,1280,2048,1536,1920.0,1408.0,37.75682882882883,-122.4536998042536
cityd_r05_c08,cityd_map,cityd,5,8,images/satellite/cityd/tile_r05_c08.jpg,2048,1280,2304,1536,2176.0,1408.0,37.75682882882883,-122.4529705438986
cityd_r05_c09,cityd_map,cityd,5,9,images/satellite/cityd/tile_r05_c09.jpg,2304,1280,2560,1536,2432.0,1408.0,37.75682882882883,-122.45224128354359
cityd_r05_c10,cityd_map,cityd,5,10,images/satellite/cityd/tile_r05_c10.jpg,2560,1280,2816,1536,2688.0,1408.0,37.75682882882883,-122.45151202318857
cityd_r05_c11,cityd_map,cityd,5,11,images/satellite/cityd/tile_r05_c11.jpg,2816,1280,3072,1536,2944.0,1408.0,37.75682882882883,-122.45078276283355
cityd_r05_c12,cityd_map,cityd,5,12,images/satellite/cityd/tile_r05_c12.jpg,3072,1280,3328,1536,3200.0,1408.0,37.75682882882883,-122.45005350247854
cityd_r05_c13,cityd_map,cityd,5,13,images/satellite/cityd/tile_r05_c13.jpg,3328,1280,3584,1536,3456.0,1408.0,37.75682882882883,-122.44932424212352
cityd_r05_c14,cityd_map,cityd,5,14,images/satellite/cityd/tile_r05_c14.jpg,3584,1280,3840,1536,3712.0,1408.0,37.75682882882883,-122.44859498176852
cityd_r05_c15,cityd_map,cityd,5,15,images/satellite/cityd/tile_r05_c15.jpg,3840,1280,4096,1536,3968.0,1408.0,37.75682882882883,-122.4478657214135
cityd_r06_c00,cityd_map,cityd,6,0,images/satellite/cityd/tile_r06_c00.jpg,0,1536,256,1792,128.0,1664.0,37.75625225225225,-122.4588046267387
cityd_r06_c01,cityd_map,cityd,6,1,images/satellite/cityd/tile_r06_c01.jpg,256,1536,512,1792,384.0,1664.0,37.75625225225225,-122.45807536638368
cityd_r06_c02,cityd_map,cityd,6,2,images/satellite/cityd/tile_r06_c02.jpg,512,1536,768,1792,640.0,1664.0,37.75625225225225,-122.45734610602868
cityd_r06_c03,cityd_map,cityd,6,3,images/satellite/cityd/tile_r06_c03.jpg,768,1536,1024,1792,896.0,1664.0,37.75625225225225,-122.45661684567366
cityd_r06_c04,cityd_map,cityd,6,4,images/satellite/cityd/tile_r06_c04.jpg,1024,1536,1280,1792,1152.0,1664.0,37.75625225225225,-122.45588758531865
cityd_r06_c05,cityd_map,cityd,6,5,images/satellite/cityd/tile_r06_c05.jpg,1280,1536,1536,1792,1408.0,1664.0,37.75625225225225,-122.45515832496363
cityd_r06_c06,cityd_map,cityd,6,6,images/satellite/cityd/tile_r06_c06.jpg,1536,1536,1792,1792,1664.0,1664.0,37.75625225225225,-122.45442906460862
cityd_r06_c07,cityd_map,cityd,6,7,images/satellite/cityd/tile_r06_c07.jpg,1792,1536,2048,1792,1920.0,1664.0,37.75625225225225,-122.4536998042536
cityd_r06_c08,cityd_map,cityd,6,8,images/satellite/cityd/tile_r06_c08.jpg,2048,1536,2304,1792,2176.0,1664.0,37.75625225225225,-122.4529705438986
cityd_r06_c09,cityd_map,cityd,6,9,images/satellite/cityd/tile_r06_c09.jpg,2304,1536,2560,1792,2432.0,1664.0,37.75625225225225,-122.45224128354359
cityd_r06_c10,cityd_map,cityd,6,10,images/satellite/cityd/tile_r06_c10.jpg,2560,1536,2816,1792,2688.0,1664.0,37.75625225225225,-122.45151202318857
cityd_r06_c11,cityd_map,cityd,6,11,images/satellite/cityd/tile_r06_c11.jpg,2816,1536,3072,1792,2944.0,1664.0,37.75625225225225,-122.45078276283355
cityd_r06_c12,cityd_map,cityd,6,12,images/satellite/cityd/tile_r06_c12.jpg,3072,1536,3328,1792,3200.0,1664.0,37.75625225225225,-122.45005350247854
cityd_r06_c13,cityd_map,cityd,6,13,images/satellite/cityd/tile_r06_c13.jpg,3328,1536,3584,1792,3456.0,1664.0,37.75625225225225,-122.44932424212352
cityd_r06_c14,cityd_map,cityd,6,14,images/satellite/cityd/tile_r06_c14.jpg,3584,1536,3840,1792,3712.0,1664.0,37.75625225225225,-122.44859498176852
cityd_r06_c15,cityd_map,cityd,6,15,images/satellite/cityd/tile_r06_c15.jpg,3840,1536,4096,1792,3968.0,1664.0,37.75625225225225,-122.4478657214135
cityd_r07_c00,cityd_map,cityd,7,0,images/satellite/cityd/tile_r07_c00.jpg,0,1792,256,2048,128.0,1920.0,37.755675675675676,-122.4588046267387
cityd_r07_c01,cityd_map,cityd,7,1,images/satellite/cityd/tile_r07_c01.jpg,256,1792,512,2048,384.0,1920.0,37.755675675675676,-122.45807536638368
cityd_r07_c02,cityd_map,cityd,7,2,images/satellite/cityd/tile_r07_c02.jpg,512,1792,768,2048,640.0,1920.0,37.755675675675676,-122.45734610602868
cityd_r07_c03,cityd_map,cityd,7,3,images/satellite/cityd/tile_r07_c03.jpg,768,1792,1024,2048,896.0,1920.0,37.755675675675676,-122.45661684567366
cityd_r07_c04,cityd_map,cityd,7,4,images/satellite/cityd/tile_r07_c04.jpg,1024,1792,1280,2048,1152.0,1920.0,37.755675675675676,-122.45588758531865
cityd_r07_c05,cityd_map,cityd,7,5,images/satellite/cityd/tile_r07_c05.jpg,1280,1792,1536,2048,1408.0,1920.0,37.755675675675676,-122.45515832496363
cityd_r07_c06,cityd_map,cityd,7,6,images/satellite/cityd/tile_r07_c06.jpg,1536,1792,1792,2048,1664.0,1920.0,37.755675675675676,-122.45442906460862
cityd_r07_c07,cityd_map,cityd,7,7,images/satellite/cityd/tile_r07_c07.jpg,1792,1792,2048,2048,1920.0,1920.0,37.755675675675676,-122.4536998042536
cityd_r07_c08,cityd_map,cityd,7,8,images/satellite/cityd/tile_r07_c08.jpg,2048,1792,2304,2048,2176.0,1920.0,37.755675675675676,-122.4529705438986
cityd_r07_c09,cityd_map,cityd,7,9,images/satellite/cityd/tile_r07_c09.jpg,2304,1792,2560,2048,2432.0,1920.0,37.755675675675676,-122.45224128354359
cityd_r07_c10,cityd_map,cityd,7,10,images/satellite/cityd/tile_r07_c10.jpg,2560,1792,2816,2048,2688.0,1920.0,37.755675675675676,-122.45151202318857
cityd_r07_c11,cityd_map,cityd,7,11,images/satellite/cityd/tile_r07_c11.jpg,2816,1792,3072,2048,2944.0,1920.0,37.755675675675676,-122.45078276283355
cityd_r07_c12,cityd_map,cityd,7,12,images/satellite/cityd/tile_r07_c12.jpg,3072,1792,3328,2048,3200.0,1920.0,37.755675675675676,-122.45005350247854
cityd_r07_c13,cityd_map,cityd,7,13,images/satellite/cityd/tile_r07_c13.jpg,3328,1792,3584,2048,3456.0,1920.0,37.755675675675676,-122.44932424212352
cityd_r07_c14,cityd_map,cityd,7,14,images/satellite/cityd/tile_r07_c14.jpg,3584,1792,3840,2048,3712.0,1920.0,37.755675675675676,-122.44859498176852
cityd_r07_c15,cityd_map,cityd,7,15,images/satellite/cityd/tile_r07_c15.jpg,3840,1792,4096,2048,3968.0,1920.0,37.755675675675676,-122.4478657214135
cityd_r08_c00,cityd_map,cityd,8,0,images/satellite/cityd/tile_r08_c00.jpg,0,2048,256,2304,128.0,2176.0,37.7550990990991,-122.4588046267387
cityd_r08_c01,cityd_map,cityd,8,1,images/satellite/cityd/tile_r08_c01.jpg,256,2048,512,2304,384.0,2176.0,37.7550990990991,-122.45807536638368
cityd_r08_c02,cityd_map,cityd,8,2,images/satellite/cityd/tile_r08_c02.jpg,512,2048,768,2304,640.0,2176.0,37.7550990990991,-122.45734610602868
cityd_r08_c03,cityd_map,cityd,8,3,images/satellite/cityd/tile_r08_c03.jpg,768,2048,1024,2304,896.0,2176.0,37.7550990990991,-122.45661684567366
cityd_r08_c04,cityd_map,cityd,8,4,images/satellite/cityd/tile_r08_c04.jpg,1024,2048,1280,2304,1152.0,2176.0,37.7550990990991,-122.45588758531865
cityd_r08_c05,cityd_map,cityd,8,5,images/satellite/cityd/tile_r08_c05.jpg,1280,2048,1536,2304,1408.0,2176.0,37.7550990990991,-122.45515832496363
cityd_r08_c06,cityd_map,cityd,8,6,images/satellite/cityd/tile_r08_c06.jpg,1536,2048,1792,2304,1664.0,2176.0,37.7550990990991,-122.45442906460862
cityd_r08_c07,cityd_map,cityd,8,7,images/satellite/cityd/tile_r08_c07.jpg,1792,2048,2048,2304,1920.0,2176.0,37.7550990990991,-122.4536998042536
cityd_r08_c08,cityd_map,cityd,8,8,images/satellite/cityd/tile_r08_c08.jpg,2048,2048,2304,2304,2176.0,2176.0,37.7550990990991,-122.4529705438986
cityd_r08_c09,cityd_map,cityd,8,9,images/satellite/cityd/tile_r08_c09.jpg,2304,2048,2560,2304,2432.0,2176.0,37.7550990990991,-122.45224128354359
cityd_r08_c10,cityd_map,cityd,8,10,images/satellite/cityd/tile_r08_c10.jpg,2560,2048,2816,2304,2688.0,2176.0,37.7550990990991,-122.45151202318857
cityd_r08_c11,cityd_map,cityd,8,11,images/satellite/cityd/tile_r08_c11.jpg,2816,2048,3072,2304,2944.0,2176.0,37.7550990990991,-122.45078276283355
cityd_r08_c12,cityd_map,cityd,8,12,images/satellite/cityd/tile_r08_c12.jpg,3072,2048,3328,2304,3200.0,2176.0,37.7550990990991,-122.45005350247854
cityd_r08_c13,cityd_map,cityd,8,13,images/satellite/cityd/tile_r08_c13.jpg,3328,2048,3584,2304,3456.0,2176.0,37.7550990990991,-122.44932424212352
cityd_r08_c14,cityd_map,cityd,8,14,images/satellite/cityd/tile_r08_c14.jpg,3584,2048,3840,2304,3712.0,2176.0,37.7550990990991,-122.44859498176852
cityd_r08_c15,cityd_map,cityd,8,15,images/satellite/cityd/tile_r08_c15.jpg,3840,2048,4096,2304,3968.0,2176.0,37.7550990990991,-122.4478657214135
cityd_r09_c00,cityd_map,cityd,9,0,images/satellite/cityd/tile_r09_c00.jpg,0,2304,256,2560,128.0,2432.0,37.75452252252252,-122.4588046267387
cityd_r09_c01,cityd_map,cityd,9,1,images/satellite/cityd/tile_r09_c01.jpg,256,2304,512,2560,384.0,2432.0,37.75452252252252,-122.45807536638368
cityd_r09_c02,cityd_map,cityd,9,2,images/satellite/cityd/tile_r09_c02.jpg,512,2304,768,2560,640.0,2432.0,37.75452252252252,-122.45734610602868
cityd_r09_c03,cityd_map,cityd,9,3,images/satellite/cityd/tile_r09_c03.jpg,768,2304,1024,2560,896.0,2432.0,37.75452252252252,-122.45661684567366
cityd_r09_c04,cityd_map,cityd,9,4,images/satellite/cityd/tile_r09_c04.jpg,1024,2304,1280,2560,1152.0,2432.0,37.75452252252252,-122.45588758531865
cityd_r09_c05,cityd_map,cityd,9,5,images/satellite/cityd/tile_r09_c05.jpg,1280,2304,1536,2560,1408.0,2432.0,37.75452252252252,-122.45515832496363
cityd_r09_c06,cityd_map,cityd,9,6,images/satellite/cityd/tile_r09_c06.jpg,1536,2304,1792,2560,1664.0,2432.0,37.75452252252252,-122.45442906460862
cityd_r09_c07,cityd_map,cityd,9,7,images/satellite/cityd/tile_r09_c07.jpg,1792,2304,2048,2560,1920.0,2432.0,37.75452252252252,-122.4536998042536
cityd_r09_c08,cityd_map,cityd,9,8,images/satellite/cityd/tile_r09_c08.jpg,2048,2304,2304,2560,2176.0,2432.0,37.75452252252252,-122.4529705438986
cityd_r09_c09,cityd_map,cityd,9,9,images/satellite/cityd/tile_r09_c09.jpg,2304,2304,2560,2560,2432.0,2432.0,37.75452252252252,-122.45224128354359
cityd_r09_c10,cityd_map,cityd,9,10,images/satellite/cityd/tile_r09_c10.jpg,2560,2304,2816,2560,2688.0,2432.0,37.75452252252252,-122.45151202318857
cityd_r09_c11,cityd_map,cityd,9,11,images/satellite/cityd/tile_r09_c11.jpg,2816,2304,3072,2560,2944.0,2432.0,37.75452252252252,-122.45078276283355
cityd_r09_c12,cityd_map,cityd,9,12,images/satellite/cityd/tile_r09_c12.jpg,3072,2304,3328,2560,3200.0,2432.0,37.75452252252252,-122.45005350247854
cityd_r09_c13,cityd_map,cityd,9,13,images/satellite/cityd/tile_r09_c13.jpg,3328,2304,3584,2560,3456.0,2432.0,37.75452252252252,-122.44932424212352
cityd_r09_c14,cityd_map,cityd,9,14,images/satellite/cityd/tile_r09_c14.jpg,3584,2304,3840,2560,3712.0,2432.0,37.75452252252252,-122.44859498176852
cityd_r09_c15,cityd_map,cityd,9,15,images/satellite/cityd/tile_r09_c15.jpg,3840,2304,4096,2560,3968.0,2432.0,37.75452252252252,-122.4478657214135
cityd_r10_c00,cityd_map,cityd,10,0,images/satellite/cityd/tile_r10_c00.jpg,0,2560,256,2816,128.0,2688.0,37.753945945945944,-122.4588046267387
cityd_r10_c01,cityd_map,cityd,10,1,images/satellite/cityd/tile_r10_c01.jpg,256,2560,512,2816,384.0,2688.0,37.753945945945944,-122.45807536638368
cityd_r10_c02,cityd_map,cityd,10,2,images/satellite/cityd/tile_r10_c02.jpg,512,2560,768,2816,640.0,2688.0,37.753945945945944,-122.45734610602868
cityd_r10_c03,cityd_map,cityd,10,3,images/satellite/cityd/tile_r10_c03.jpg,768,2560,1024,2816,896.0,2688.0,37.753945945945944,-122.45661684567366
cityd_r10_c04,cityd_map,cityd,10,4,images/satellite/cityd/tile_r10_c04.jpg,1024,2560,1280,2816,1152.0,2688.0,37.753945945945944,-122.45588758531865
cityd_r10_c05,cityd_map,cityd,10,5,images/satellite/cityd/tile_r10_c05.jpg,1280,2560,1536,2816,1408.0,2688.0,37.753945945945944,-122.45515832496363
cityd_r10_c06,cityd_map,cityd,10,6,images/satellite/cityd/tile_r10_c06.jpg,1536,2560,1792,2816,1664.0,2688.0,37.753945945945944,-122.45442906460862
cityd_r10_c07,cityd_map,cityd,10,7,images/satellite/cityd/tile_r10_c07.jpg,1792,2560,2048,2816,1920.0,2688.0,37.753945945945944,-122.4536998042536
cityd_r10_c08,cityd_map,cityd,10,8,images/satellite/cityd/tile_r10_c08.jpg,2048,2560,2304,2816,2176.0,2688.0,37.753945945945944,-122.4529705438986
cityd_r10_c09,cityd_map,cityd,10,9,images/satellite/cityd/tile_r10_c09.jpg,2304,2560,2560,2816,2432.0,2688.0,37.753945945945944,-122.45224128354359
cityd_r10_c10,cityd_map,cityd,10,10,images/satellite/cityd/tile_r10_c10.jpg,2560,2560,2816,2816,2688.0,2688.0,37.753945945945944,-122.45151202318857
cityd_r10_c11,cityd_map,cityd,10,11,images/satellite/cityd/tile_r10_c11.jpg,2816,2560,3072,2816,2944.0,2688.0,37.753945945945944,-122.45078276283355
cityd_r10_c12,cityd_map,cityd,10,12,images/satellite/cityd/tile_r10_c12.jpg,3072,2560,3328,2816,3200.0,2688.0,37.753945945945944,-122.45005350247854
cityd_r10_c13,cityd_map,cityd,10,13,images/satellite/cityd/tile_r10_c13.jpg,3328,2560,3584,2816,3456.0,2688.0,37.753945945945944,-122.44932424212352
cityd_r10_c14,cityd_map,cityd,10,14,images/satellite/cityd/tile_r10_c14.jpg,3584,2560,3840,2816,3712.0,2688.0,37.753945945945944,-122.44859498176852
cityd_r10_c15,cityd_map,cityd,10,15,images/satellite/cityd/tile_r10_c15.jpg,3840,2560,4096,2816,3968.0,2688.0,37.753945945945944,-122.4478657214135
cityd_r11_c00,cityd_map,cityd,11,0,images/satellite/cityd/tile_r11_c00.jpg,0,2816,256,3072,128.0,2944.0,37.753369369369366,-122.4588046267387
cityd_r11_c01,cityd_map,cityd,11,1,images/satellite/cityd/tile_r11_c01.jpg,256,2816,512,3072,384.0,2944.0,37.753369369369366,-122.45807536638368
cityd_r11_c02,cityd_map,cityd,11,2,images/satellite/cityd/tile_r11_c02.jpg,512,2816,768,3072,640.0,2944.0,37.753369369369366,-122.45734610602868
cityd_r11_c03,cityd_map,cityd,11,3,images/satellite/cityd/tile_r11_c03.jpg,768,2816,1024,3072,896.0,2944.0,37.753369369369366,-122.45661684567366
cityd_r11_c04,cityd_map,cityd,11,4,images/satellite/cityd/tile_r11_c04.jpg,1024,2816,1280,3072,1152.0,2944.0,37.753369369369366,-122.45588758531865
cityd_r11_c05,cityd_map,cityd,11,5,images/satellite/cityd/tile_r11_c05.jpg,1280,2816,1536,3072,1408.0,2944.0,37.753369369369366,-122.45515832496363
cityd_r11_c06,cityd_map,cityd,11,6,images/satellite/cityd/tile_r11_c06.jpg,1536,2816,1792,3072,1664.0,2944.0,37.753369369369366,-122.45442906460862
cityd_r11_c07,cityd_map,cityd,11,7,images/satellite/cityd/tile_r11_c07.jpg,1792,2816,2048,3072,1920.0,2944.0,37.753369369369366,-122.4536998042536
cityd_r11_c08,cityd_map,cityd,11,8,images/satellite/cityd/tile_r11_c08.jpg,2048,2816,2304,3072,2176.0,2944.0,37.753369369369366,-122.4529705438986
cityd_r11_c09,cityd_map,cityd,11,9,images/satellite/cityd/tile_r11_c09.jpg,2304,2816,2560,3072,2432.0,2944.0,37.753369369369366,-122.45224128354359
cityd_r11_c10,cityd_map,cityd,11,10,images/satellite/cityd/tile_r11_c10.jpg,2560,2816,2816,3072,2688.0,2944.0,37.753369369369366,-122.45151202318857
cityd_r11_c11,cityd_map,cityd,11,11,images/satellite/cityd/tile_r11_c11.jpg,2816,2816,3072,3072,2944.0,2944.0,37.753369369369366,-122.45078276283355
cityd_r11_c12,cityd_map,cityd,11,12,images/satellite/cityd/tile_r11_c12.jpg,3072,2816,3328,3072,3200.0,2944.0,37.753369369369366,-122.45005350247854
cityd_r11_c13,cityd_map,cityd,11,13,images/satellite/cityd/tile_r11_c13.jpg,3328,2816,3584,3072,3456.0,2944.0,37.753369369369366,-122.44932424212352
cityd_r11_c14,cityd_map,cityd,11,14,images/satellite/cityd/tile_r11_c14.jpg,3584,2816,3840,3072,3712.0,2944.0,37.753369369369366,-122.44859498176852
cityd_r11_c15,cityd_map,cityd,11,15,images/satellite/cityd/tile_r11_c15.jpg,3840,2816,4096,3072,3968.0,2944.0,37.753369369369366,-122.4478657214135
cityd_r12_c00,cityd_map,cityd,12,0,images/satellite/cityd/tile_r12_c00.jpg,0,3072,256,3328,128.0,3200.0,37.75279279279279,-122.4588046267387
cityd_r12_c01,cityd_map,cityd,12,1,images/satellite/cityd/tile_r12_c01.jpg,256,3072,512,3328,384.0,3200.0,37.75279279279279,-122.45807536638368
cityd_r12_c02,cityd_map,cityd,12,2,images/satellite/cityd/tile_r12_c02.jpg,512,3072,768,3328,640.0,3200.0,37.75279279279279,-122.45734610602868
cityd_r12_c03,cityd_map,cityd,12,3,images/satellite/cityd/tile_r12_c03.jpg,768,3072,1024,3328,896.0,3200.0,37.75279279279279,-122.45661684567366
cityd_r12_c04,cityd_map,cityd,12,4,images/satellite/cityd/tile_r12_c04.jpg,1024,3072,1280,3328,1152.0,3200.0,37.75279279279279,-122.45588758531865
cityd_r12_c05,cityd_map,cityd,12,5,images/satellite/cityd/tile_r12_c05.jpg,1280,3072,1536,3328,1408.0,3200.0,37.75279279279279,-122.45515832496363
cityd_r12_c06,cityd_map,cityd,12,6,images/satellite/cityd/tile_r12_c06.jpg,1536,3072,1792,3328,1664.0,3200.0,37.75279279279279,-122.45442906460862
cityd_r12_c07,cityd_map,cityd,12,7,images/satellite/cityd/tile_r12_c07.jpg,1792,3072,2048,3328,1920.0,3200.0,37.75279279279279,-122.4536998042536
cityd_r12_c08,cityd_map,cityd,12,8,images/satellite/cityd/tile_r12_c08.jpg,2048,3072,2304,3328,2176.0,3200.0,37.75279279279279,-122.4529705438986
cityd_r12_c09,cityd_map,cityd,12,9,images/satellite/cityd/tile_r12_c09.jpg,2304,3072,2560,3328,2432.0,3200.0,37.75279279279279,-122.45224128354359
cityd_r12_c10,cityd_map,cityd,12,10,images/satellite/cityd/tile_r12_c10.jpg,2560,3072,2816,3328,2688.0,3200.0,37.75279279279279,-122.45151202318857
cityd_r12_c11,cityd_map,cityd,12,11,images/satellite/cityd/tile_r12_c11.jpg,2816,3072,3072,3328,2944.0,3200.0,37.75279279279279,-122.45078276283355
cityd_r12_c12,cityd_map,cityd,12,12,images/satellite/cityd/tile_r12_c12.jpg,3072,3072,3328,3328,3200.0,3200.0,37.75279279279279,-122.45005350247854
cityd_r12_c13,cityd_map,cityd,12,13,images/satellite/cityd/tile_r12_c13.jpg,3328,3072,3584,3328,3456.0,3200.0,37.75279279279279,-122.44932424212352
cityd_r12_c14,cityd_map,cityd,12,14,images/satellite/cityd/tile_r12_c14.jpg,3584,3072,3840,3328,3712.0,3200.0,37.75279279279279,-122.44859498176852
cityd_r12_c15,cityd_map,cityd,12,15,images/satellite/cityd/tile_r12_c15.jpg,3840,3072,4096,3328,3968.0,3200.0,37.75279279279279,-122.4478657214135
cityd_r13_c00,cityd_map,cityd,13,0,images/satellite/cityd/tile_r13_c00.jpg,0,3328,256,3584,128.0,3456.0,37.75221621621622,-122.4588046267387
cityd_r13_c01,cityd_map,cityd,13,1,images/satellite/cityd/tile_r13_c01.jpg,256,3328,512,3584,384.0,3456.0,37.75221621621622,-122.45807536638368
cityd_r13_c02,cityd_map,cityd,13,2,images/satellite/cityd/tile_r13_c02.jpg,512,3328,768,3584,640.0,3456.0,37.75221621621622,-122.45734610602868
cityd_r13_c03,cityd_map,cityd,13,3,images/satellite/cityd/tile_r13_c03.jpg,768,3328,1024,3584,896.0,3456.0,37.75221621621622,-122.45661684567366
cityd_r13_c04,cityd_map,cityd,13,4,images/satellite/cityd/tile_r13_c04.jpg,1024,3328,1280,3584,1152.0,3456.0,37.75221621621622,-122.45588758531865
cityd_r13_c05,cityd_map,cityd,13,5,images/satellite/cityd/tile_r13_c05.jpg,1280,3328,1536,3584,1408.0,3456.0,37.75221621621622,-122.45515832496363
cityd_r13_c06,cityd_map,cityd,13,6,images/satellite/cityd/tile_r13_c06.jpg,1536,3328,1792,3584,1664.0,3456.0,37.75221621621622,-122.45442906460862
cityd_r13_c07,cityd_map,cityd,13,7,images/satellite/cityd/tile_r13_c07.jpg,1792,3328,2048,3584,1920.0,3456.0,37.75221621621622,-122.4536998042536
cityd_r13_c08,cityd_map,cityd,13,8,images/satellite/cityd/tile_r13_c08.jpg,2048,3328,2304,3584,2176.0,3456.0,37.75221621621622,-122.4529705438986
cityd_r13_c09,cityd_map,cityd,13,9,images/satellite/cityd/tile_r13_c09.jpg,2304,3328,2560,3584,2432.0,3456.0,37.75221621621622,-122.45224128354359
cityd_r13_c10,cityd_map,cityd,13,10,images/satellite/cityd/tile_r13_c10.jpg,2560,3328,2816,3584,2688.0,3456.0,37.75221621621622,-122.45151202318857
cityd_r13_c11,cityd_map,cityd,13,11,images/satellite/cityd/tile_r13_c11.jpg,2816,3328,3072,3584,2944.0,3456.0,37.75221621621622,-122.45078276283355
cityd_r13_c12,cityd_map,cityd,13,12,images/satellite/cityd/tile_r13_c12.jpg,3072,3328,3328,3584,3200.0,3456.0,37.75221621621622,-122.45005350247854
cityd_r13_c13,cityd_map,cityd,13,13,images/satellite/cityd/tile_r13_c13.jpg,3328,3328,3584,3584,3456.0,3456.0,37.75221621621622,-122.44932424212352
cityd_r13_c14,cityd_map,cityd,13,14,images/satellite/cityd/tile_r13_c14.jpg,3584,3328,3840,3584,3712.0,3456.0,37.75221621621622,-122.44859498176852
cityd_r13_c15,cityd_map,cityd,13,15,images/satellite/cityd/tile_r13_c15.jpg,3840,3328,4096,3584,3968.0,3456.0,37.75221621621622,-122.4478657214135
cityd_r14_c00,cityd_map,cityd,14,0,images/satellite/cityd/tile_r14_c00.jpg,0,3584,256,3840,128.0,3712.0,37.75163963963964,-122.4588046267387
cityd_r14_c01,cityd_map,cityd,14,1,images/satellite/cityd/tile_r14_c01.jpg,256,3584,512,3840,384.0,3712.0,37.75163963963964,-122.45807536638368
cityd_r14_c02,cityd_map,cityd,14,2,images/satellite/cityd/tile_r14_c02.jpg,512,3584,768,3840,640.0,3712.0,37.75163963963964,-122.45734610602868
cityd_r14_c03,cityd_map,cityd,14,3,images/satellite/cityd/tile_r14_c03.jpg,768,3584,1024,3840,896.0,3712.0,37.75163963963964,-122.45661684567366
cityd_r14_c04,cityd_map,cityd,14,4,images/satellite/cityd/tile_r14_c04.jpg,1024,3584,1280,3840,1152.0,3712.0,37.75163963963964,-122.45588758531865
cityd_r14_c05,cityd_map,cityd,14,5,images/satellite/cityd/tile_r14_c05.jpg,1280,3584,1536,3840,1408.0,3712.0,37.75163963963964,-122.45515832496363
cityd_r14_c06,cityd_map,cityd,14,6,images/satellite/cityd/tile_r14_c06.jpg,1536,3584,1792,3840,1664.0,3712.0,37.75163963963964,-122.45442906460862
cityd_r14_c07,cityd_map,cityd,14,7,images/satellite/cityd/tile_r14_c07.jpg,1792,3584,2048,3840,1920.0,3712.0,37.75163963963964,-122.4536998042536
cityd_r14_c08,cityd_map,cityd,14,8,images/satellite/cityd/tile_r14_c08.jpg,2048,3584,2304,3840,2176.0,3712.0,37.75163963963964,-122.4529705438986
cityd_r14_c09,cityd_map,cityd,14,9,images/satellite/cityd/tile_r14_c09.jpg,2304,3584,2560,3840,2432.0,3712.0,37.75163963963964,-122.45224128354359
cityd_r14_c10,cityd_map,cityd,14,10,images/satellite/cityd/tile_r14_c10.jpg,2560,3584,2816,3840,2688.0,3712.0,37.75163963963964,-122.45151202318857
cityd_r14_c11,cityd_map,cityd,14,11,images/satellite/cityd/tile_r14_c11.jpg,2816,3584,3072,3840,2944.0,3712.0,37.75163963963964,-122.45078276283355
cityd_r14_c12,cityd_map,cityd,14,12,images/satellite/cityd/tile_r14_c12.jpg,3072,3584,3328,3840,3200.0,3712.0,37.75163963963964,-122.45005350247854
cityd_r14_c13,cityd_map,cityd,14,13,images/satellite/cityd/tile_r14_c13.jpg,3328,3584,3584,3840,3456.0,3712.0,37.75163963963964,-122.44932424212352
cityd_r14_c14,cityd_map,cityd,14,14,images/satellite/cityd/tile_r14_c14.jpg,3584,3584,3840,3840,3712.0,3712.0,37.75163963963964,-122.44859498176852
cityd_r14_c15,cityd_map,cityd,14,15,images/satellite/cityd/tile_r14_c15.jpg,3840,3584,4096,3840,3968.0,3712.0,37.75163963963964,-122.4478657214135
cityd_r15_c00,cityd_map,cityd,15,0,images/satellite/cityd/tile_r15_c00.jpg,0,3840,256,4096,128.0,3968.0,37.751063063063064,-122.4588046267387
cityd_r15_c01,cityd_map,cityd,15,1,images/satellite/cityd/tile_r15_c01.jpg,256,3840,512,4096,384.0,3968.0,37.751063063063064,-122.45807536638368
cityd_r15_c02,cityd_map,cityd,15,2,images/satellite/cityd/tile_r15_c02.jpg,512,3840,768,4096,640.0,3968.0,37.751063063063064,-122.45734610602868
cityd_r15_c03,cityd_map,cityd,15,3,images/satellite/cityd/tile_r15_c03.jpg,768,3840,1024,4096,896.0,3968.0,37.751063063063064,-122.45661684567366
cityd_r15_c04,cityd_map,cityd,15,4,images/satellite/cityd/tile_r15_c04.jpg,1024,3840,1280,4096,1152.0,3968.0,37.751063063063064,-122.45588758531865
cityd_r15_c05,cityd_map,cityd,15,5,images/satellite/cityd/tile_r15_c05.jpg,1280,3840,1536,4096,1408.0,3968.0,37.751063063063064,-122.45515832496363
cityd_r15_c06,cityd_map,cityd,15,6,images/satellite/cityd/tile_r15_c06.jpg,1536,3840,1792,4096,1664.0,3968.0,37.751063063063064,-122.45442906460862
cityd_r15_c07,cityd_map,cityd,15,7,images/satellite/cityd/tile_r15_c07.jpg,1792,3840,2048,4096,1920.0,3968.0,37.751063063063064,-122.4536998042536
cityd_r15_c08,cityd_map,cityd,15,8,images/satellite/cityd/tile_r15_c08.jpg,2048,3840,2304,4096,2176.0,3968.0,37.751063063063064,-122.4529705438986
cityd_r15_c09,cityd_map,cityd,15,9,images/satellite/cityd/tile_r15_c09.jpg,2304,3840,2560,4096,2432.0,3968.0,37.751063063063064,-122.45224128354359
cityd_r15_c10,cityd_map,cityd,15,10,images/satellite/cityd/tile_r15_c10.jpg,2560,3840,2816,4096,2688.0,3968.0,37.751063063063064,-122.45151202318857
cityd_r15_c11,cityd_map,cityd,15,11,images/satellite/cityd/tile_r15_c11.jpg,2816,3840,3072,4096,2944.0,3968.0,37.751063063063064,-122.45078276283355
cityd_r15_c12,cityd_map,cityd,15,12,images/satellite/cityd/tile_r15_c12.jpg,3072,3840,3328,4096,3200.0,3968.0,37.751063063063064,-122.45005350247854
cityd_r15_c13,cityd_map,cityd,15,13,images/satellite/cityd/tile_r15_c13.jpg,3328,3840,3584,4096,3456.0,3968.0,37.751063063063064,-122.44932424212352
cityd_r15_c14,cityd_map,cityd,15,14,images/satellite/cityd/tile_r15_c14.jpg,3584,3840,3840,4096,3712.0,3968.0,37.751063063063064,-122.44859498176852
cityd_r15_c15,cityd_map,cityd,15,15,images/satellite/cityd/tile_r15_c15.jpg,3840,3840,4096,4096,3968.0,3968.0,37.751063063063064,-122.4478657214135
